amount,historical_avg_amount,amount_multiplier,is_new_recipient,is_new_vpa_destination,is_new_originating_phone,relationship_age_days,historical_successful_txns,urgency_score,time_of_day_hour,velocity_last_24h,is_fraud
4561.17,2454.0294209641816,1.8586432816099838,0,1,0,102,5,0.365,14,0,0
3264.43,3976.27321141406,0.8209766242661368,0,0,0,623,47,0.334,8,1,0
13242.63,7927.78948291548,1.6704065958018806,0,0,0,573,44,0.182,13,1,0
28345.6,73526.93294863321,0.3855131044246181,0,0,0,389,27,0.204,15,1,0
13889.31,8434.26804647157,1.6467712588309331,0,0,0,657,21,0.441,10,0,0
4990.35,8746.763072554884,0.5705364336724538,0,0,0,242,7,0.215,14,1,0
13127.52,16699.47613064999,0.7861035991387092,1,1,1,731,91,0.406,8,2,0
714.49,5025.336620701841,0.14217782681652857,1,1,1,9,0,0.424,22,7,1
6478.08,7178.972433688123,0.9023690939900594,0,0,0,713,24,0.12,8,2,0
3541.32,4678.59652326414,0.7569193475409829,0,0,0,660,21,0.443,19,0,0
2116.11,3603.9225336258187,0.5871679042040765,0,0,0,161,17,0.154,18,0,0
6642.06,2952.0883003909007,2.249952279412803,0,0,0,105,6,0.323,9,1,0
30126.46,35438.3731586249,0.8501085065236923,0,0,0,114,3,0.291,17,0,0
2017.38,2556.778047252788,0.7890336318408887,0,0,0,658,17,0.31,7,0,0
4098.1,4854.967850914237,0.8441051998839757,0,0,0,238,26,0.207,7,0,0
3623.74,5082.90359322602,0.7129267983218723,0,0,0,69,1,0.172,19,1,0
3693.92,3397.407866039601,1.0872751212056329,1,1,1,381,31,0.485,15,0,0
6087.44,3941.062471551877,1.5446179392600619,0,0,0,506,38,0.424,7,0,0
17242.04,17956.720556143657,0.9601995815670306,0,0,0,405,28,0.214,14,0,0
20794.91,10049.435338057352,2.069261360865573,0,0,0,120,3,0.226,12,0,0
82019.53,60457.33454692093,1.3566514858492758,0,0,0,522,32,0.296,12,2,0
23602.94,66539.80647912862,0.35471911662653893,0,0,0,128,4,0.349,16,2,0
40227.04,29795.573819126195,1.350101078658365,0,0,0,465,13,0.032,14,0,0
1216.81,2808.566502227074,0.43325011236788435,1,1,1,108,8,0.286,15,2,0
38714.36,20813.72288792678,1.8600399417580362,0,0,0,646,32,0.523,13,0,0
22354.79,21309.308239628455,1.0490621142850007,0,0,0,785,28,0.5,12,0,0
16257.77,18742.130452051548,0.8674449737904866,0,0,0,555,16,0.467,9,0,0
5425.37,2935.744012991418,1.8480390507461273,0,0,0,437,36,0.419,13,0,0
2043.49,2604.302924019627,0.7846587351183127,0,0,0,539,16,0.217,11,1,0
4112.22,7757.237091989306,0.5301140103308156,0,0,0,790,35,0.168,16,0,0
3903.19,3527.1601094165935,1.1066100031483872,0,0,0,228,8,0.373,8,3,0
20521.64,38675.234435487066,0.5306144298716522,1,1,1,575,15,0.089,11,2,0
14628.46,10140.905629571189,1.4425205315383494,0,0,0,298,13,0.253,12,1,0
29303.9,12584.646067053696,2.3285442130470875,0,0,0,358,21,0.589,11,0,0
9991.97,9194.654848613056,1.0867145444518334,0,0,0,211,5,0.166,17,2,0
67304.61,95449.78931834601,0.7051310401275759,0,0,0,759,58,0.29,16,1,0
19423.52,14036.493083298083,1.3837873105385632,0,1,0,287,9,0.646,16,1,1
6847.8,5709.051031194153,1.1994644476292353,0,0,0,422,52,0.158,9,0,0
12392.08,16826.63594799093,0.7364560248216109,1,1,1,19,0,0.515,5,7,1
22482.72,16753.544600345966,1.3419681418669092,0,0,0,532,48,0.512,9,1,0
12073.5,8079.567012518531,1.4943257430695465,0,0,0,779,35,0.431,10,1,0
6726.93,17293.227896401513,0.3889919631899504,0,0,0,256,9,0.194,9,3,0
14057.3,38571.83293777493,0.36444479605176455,1,1,1,101,3,0.288,18,2,0
1508.0,2030.689010416294,0.7426039655022852,0,0,0,70,8,0.229,14,2,0
12878.23,11420.246068721433,1.1276665827107717,1,1,1,137,3,0.291,13,0,0
66208.07,26136.38639495628,2.533176185789787,0,0,0,795,27,0.084,10,0,0
29173.39,56625.69739218194,0.5151969844109009,0,0,0,546,16,0.137,13,0,0
16610.71,14301.211745482356,1.1614900226570835,0,0,0,16,1,0.043,7,0,0
26957.96,30383.69556789577,0.8872509413328705,0,0,0,284,7,0.412,13,1,0
14260.61,18591.42693926078,0.7670532192242431,1,1,1,622,24,0.306,14,1,0
5663.73,6691.48793936987,0.8464078771106854,0,0,0,283,20,0.205,9,0,0
12383.43,9527.204271426017,1.299797251336617,0,0,0,217,8,0.228,9,1,0
7046.71,14783.799249525435,0.47665073638816513,0,0,0,759,33,0.011,8,2,0
8850.8,22261.101882181338,0.39759037279468523,0,0,0,653,36,0.022,11,2,0
22719.71,20598.483117757194,1.1029798094794534,0,0,0,390,32,0.147,15,0,0
25107.1,4958.352957863131,5.06359592822479,0,1,1,163,6,0.764,3,1,1
25689.84,33467.46774658816,0.7676064268354533,1,1,1,639,27,0.098,11,0,0
22370.06,33870.19332928952,0.6604645482506425,0,0,0,618,51,0.218,9,1,0
46119.08,70197.3331607407,0.6569919756405012,0,0,0,286,22,0.231,8,1,0
2691.78,2944.2793689699547,0.914242232395099,0,0,0,247,13,0.112,15,0,0
832.07,2718.5234685946616,0.3060742428034077,0,0,0,186,5,0.112,13,0,0
16064.76,11794.213846989709,1.3620884432920926,1,1,1,404,13,0.203,2,1,0
2996.82,4858.464387533478,0.6168244757979141,0,0,0,174,8,0.03,15,0,0
4541.36,4576.2371849877,0.9923786358727038,0,0,0,459,35,0.252,18,1,0
4140.46,4550.9431268903045,0.9098017040306378,0,0,0,456,32,0.223,8,1,0
14423.61,13431.954359048754,1.073828061276112,0,0,0,450,12,0.418,12,0,0
17387.23,15780.806718958396,1.1017960711057249,0,0,0,120,4,0.286,14,1,0
6746.73,4419.298040921767,1.5266522968868768,0,0,0,273,7,0.176,13,1,0
3312.03,19890.376030009116,0.16651426030834607,0,0,0,27,1,0.164,10,1,0
6304.86,16563.133733769995,0.38065651570374825,1,1,1,10,0,0.382,17,7,1
5507.87,6262.915031851695,0.8794418928934814,1,1,1,135,7,0.342,3,0,0
13332.87,6283.207849307726,2.121984613996512,1,1,1,307,8,0.31,13,0,0
1847.19,15819.659778071667,0.1167654024452955,1,1,1,19,0,0.402,23,4,1
2533.49,3089.0056433600744,0.8201633407533898,0,0,0,492,49,0.31,18,0,0
3650.24,3354.4674158030994,1.0881728552858851,0,0,0,360,40,0.01,15,1,0
14284.08,12689.645793406218,1.1256487121855043,0,1,0,252,8,0.766,9,1,1
29224.19,29075.273415524258,1.0051218435147011,0,0,0,119,6,0.294,7,2,0
12702.63,13536.908791774884,0.938369785827568,0,0,0,487,23,0.085,13,1,0
4565.02,6607.6849016726455,0.6908650883317425,0,0,0,428,23,0.307,10,0,0
3086.58,3763.4448821093424,0.8201473536986251,0,0,0,651,17,0.179,15,3,0
37458.77,20368.75205077907,1.8390313130873284,0,0,0,641,71,0.169,10,2,0
4903.19,2337.4228048798213,2.0976915976583297,0,0,0,573,27,0.104,9,2,0
2751.47,4053.0070973890424,0.6788720790625528,0,0,0,251,19,0.173,8,1,0
16117.37,17317.564246124064,0.9306949639788493,0,0,0,243,6,0.365,11,0,0
5524.76,8870.6484868189,0.622813214732105,0,0,0,606,18,0.545,11,0,0
44770.8,41602.96814461051,1.0761443414364669,0,0,0,72,2,0.186,11,1,0
8890.19,6756.587924867343,1.315780895394545,0,0,0,623,51,0.361,13,3,0
9796.76,22421.15715852954,0.43694245687567645,1,1,1,11,0,0.359,23,8,1
9184.84,8220.990182332409,1.1172424069561482,0,0,0,244,7,0.434,16,0,0
38200.24,27290.51067933625,1.3997627305414122,0,0,0,474,12,0.177,13,0,0
17226.58,21498.881669406437,0.8012778197206378,1,1,1,253,19,0.569,16,0,0
11282.28,17663.420217908395,0.638737083282942,1,1,1,18,0,0.593,16,8,1
34445.66,23821.9572858996,1.4459627574624767,0,0,0,494,27,0.385,11,3,0
8039.0,4347.4349067921985,1.8491372696363948,0,0,0,21,1,0.476,10,0,0
24694.73,10497.285031709653,2.352486998935848,0,0,0,27,1,0.024,16,0,0
43597.46,25275.653564251923,1.7248795230294731,0,0,0,693,34,0.114,15,0,0
26201.21,18817.738581433034,1.3923677622888857,0,0,0,188,18,0.173,8,0,0
31195.89,34096.08141294297,0.9149406558842097,0,0,0,108,7,0.358,9,1,0
20219.5,25051.989211614142,0.8071014472162428,0,0,0,414,15,0.165,14,1,0
50676.11,74081.81757713047,0.6840560212800596,1,1,1,454,25,0.295,9,1,0
3116.29,3444.477944280414,0.9047192050964421,0,0,0,89,2,0.45,9,1,0
1321.33,2985.2221165535475,0.4426225030548906,0,0,0,318,16,0.312,11,2,0
8692.66,10150.36263806968,0.8563894372545618,0,0,0,219,8,0.094,11,1,0
84113.13,38840.393083135576,2.165609724502408,0,0,0,697,43,0.291,12,1,0
37279.38,13326.090656260385,2.797472785226405,0,0,0,427,11,0.177,0,1,0
2857.65,4670.079224840831,0.611905363586292,0,0,0,786,31,0.232,12,1,0
6323.37,15639.540608506326,0.40431934787665497,0,0,0,488,15,0.122,12,0,0
8764.2,11098.06692827193,0.7897050068978754,0,1,0,592,29,0.075,6,0,0
5757.8,6279.651570696012,0.9168977197451675,0,0,0,281,12,0.332,14,0,0
33193.45,21366.623332088173,1.5535186749240981,0,0,0,227,18,0.122,15,2,0
16393.93,14316.091482551277,1.1451404076762812,0,0,0,396,16,0.154,16,0,0
10376.56,10608.489636083765,0.978136923031185,0,0,0,499,18,0.157,8,1,0
4577.79,4417.306314324054,1.0363304158538975,0,0,0,367,9,0.03,16,0,0
2959.94,3402.5116504969096,0.8699289226660228,0,0,0,85,2,0.194,8,0,0
5155.57,6473.931266588407,0.7963590083491051,1,1,1,2,0,0.448,7,6,1
7392.66,5844.340468035252,1.264926096823762,0,1,0,45,1,0.478,8,1,1
2257.41,2202.655503308843,1.0248566560244494,0,0,0,62,2,0.788,14,1,0
26697.81,33705.59033219208,0.7920883740581673,0,0,0,622,24,0.15,16,3,0
10271.31,6007.241519497571,1.709821260588855,0,0,0,708,37,0.188,12,0,0
4956.45,2580.3771405222915,1.9208237018311216,0,0,0,714,39,0.054,12,0,0
21705.12,26307.251434909576,0.8250622980594409,0,0,0,738,67,0.237,13,2,0
2510.04,5850.164186690722,0.42905465747892896,0,0,0,217,5,0.112,10,2,0
5460.06,3872.837865025525,1.4098351994347054,0,1,0,536,18,0.173,10,2,0
16397.33,20882.121996734622,0.7852328475908024,1,1,1,403,31,0.58,10,1,0
15697.38,24268.613520596715,0.6468180293739944,0,1,0,567,18,0.108,9,0,0
4498.03,5552.542393893087,0.8100848417661868,0,0,0,540,27,0.128,12,0,0
3121.54,4851.301435528316,0.6434432853642875,0,0,0,553,42,0.235,11,2,0
6013.08,13793.756158863762,0.4359276496572405,0,0,0,727,30,0.456,10,0,0
10340.52,11498.972789121952,0.8992562773067533,0,0,0,42,1,0.097,13,0,0
29380.56,22623.79594780222,1.2986572153532137,0,1,0,238,6,0.273,13,0,0
7932.18,6170.229260788106,1.2855575067773395,0,0,0,462,11,0.368,13,1,0
32837.45,29977.115271073446,1.095417313237405,0,0,0,359,25,0.299,12,1,0
7495.27,6221.1420420876075,1.204806294065242,0,0,0,578,36,0.124,10,1,0
23371.71,23336.973399308965,1.001488290762466,0,0,0,470,18,0.335,8,1,0
7990.52,4279.302689104501,1.8672472908861517,0,0,0,480,17,0.108,7,0,0
22698.16,36789.57385978275,0.616972563088304,0,0,0,119,9,0.044,10,0,0
20669.0,18129.093926636968,1.140100982352219,0,0,0,202,25,0.24,15,2,0
2451.31,2952.229674933765,0.8303258218960591,0,0,0,208,7,0.313,10,0,0
16433.64,7767.841547265493,2.115598791088808,0,1,0,140,4,0.566,16,1,1
59851.4,36317.47029230031,1.6480056923091242,0,0,0,322,26,0.222,7,0,0
4189.36,3972.592708430109,1.0545667245541508,0,0,0,600,24,0.693,15,0,0
10182.82,11847.102034960039,0.8595198384453285,0,0,0,704,39,0.098,14,0,0
38955.79,30648.309283616305,1.2710582446217225,0,0,0,461,32,0.255,9,0,0
3440.69,3145.3826739363503,1.0938853000767552,0,0,0,382,22,0.366,15,2,0
14000.42,11632.699586535578,1.2035402344860335,0,0,0,256,23,0.393,9,3,0
3416.02,3490.7019016185313,0.9786055152905226,0,0,0,599,59,0.438,15,0,0
13040.44,9187.281116368884,1.4194017566136112,0,0,0,723,20,0.398,6,1,0
23582.91,17413.43885505621,1.354293414276154,0,0,0,366,36,0.109,19,1,0
23738.57,18643.53593699954,1.273286779829822,0,0,0,794,39,0.506,11,2,0
26417.4,27888.022793921347,0.947266993138708,1,1,1,528,13,0.345,17,1,0
2898.9,6010.530991715807,0.4823033190525947,0,0,0,397,10,0.068,8,1,0
3789.31,3471.291164635007,1.091613159600127,0,0,0,693,69,0.124,6,3,0
20748.46,20747.636613761326,1.0000397808583035,0,0,0,110,3,0.311,12,1,0
94408.82,48114.55088635509,1.9621677575976646,0,0,0,462,13,0.251,10,2,0
7091.49,10316.014910858798,0.6874252003737755,0,0,0,586,41,0.183,2,0,0
7782.96,5594.071025115052,1.391287080599271,0,1,0,238,7,0.849,11,1,1
8077.69,7089.196464264484,1.1394359286504425,0,0,0,775,48,0.305,11,1,0
18697.94,15671.345423263034,1.1931294836258932,0,0,0,276,19,0.173,14,0,0
2708.5,6000.104797154341,0.4514085794555462,0,0,0,641,30,0.337,0,1,0
6317.07,5899.096869908784,1.0708545667176959,1,1,1,426,18,0.325,5,3,0
472777.22,55159.70848825584,8.571060897008838,1,1,1,56,0,0.996,22,4,1
13950.74,12406.678106798596,1.124454318846995,0,0,0,559,14,0.555,7,2,0
1984.76,4403.0149199760035,0.45077338175078313,0,0,0,239,7,0.488,13,0,0
2631.71,4934.716902366272,0.5333060775818211,0,0,0,630,24,0.426,11,0,0
51821.49,29486.955862501283,1.7574378816738494,0,0,0,94,3,0.13,18,0,0
11441.21,8583.254336457105,1.3329683431815191,0,0,0,510,17,0.541,8,1,0
73607.63,26140.176712245706,2.8158811227542118,0,0,0,323,24,0.111,10,2,0
14278.75,14008.692301578794,1.0192780779510848,0,0,0,765,31,0.364,9,0,0
4577.67,10234.673900326301,0.4472703145328074,0,0,0,336,15,0.166,7,1,0
23400.01,16954.905854293684,1.3801323582574256,0,0,0,61,2,0.276,9,2,0
19607.61,24189.889223284903,0.8105703372247296,0,0,0,29,1,0.264,7,0,0
5851.92,7538.286337586194,0.7762935115924291,0,0,0,671,39,0.12,10,0,0
5921.31,11151.361368083975,0.5309941795900174,0,0,0,313,10,0.299,11,0,0
32281.14,34866.11410746336,0.9258600949463526,0,0,0,596,59,0.179,18,1,0
2048.04,5690.018895945363,0.3599348225797026,0,0,0,244,8,0.228,7,2,0
5332.68,4630.473813830085,1.1516488124444653,0,0,0,796,26,0.588,7,3,0
9831.25,21474.440446943638,0.4578117775487951,0,0,0,773,64,0.175,7,1,0
5469.92,2956.3568320506633,1.8502227677079914,1,1,1,43,1,0.445,19,0,0
20583.24,19796.848837547022,1.0397228405573153,0,0,0,172,4,0.081,13,0,0
5915.8,5966.607541606541,0.9914840825678841,0,0,0,237,19,0.22,9,1,0
13821.04,13413.287628369426,1.030399013960267,0,0,0,339,14,0.075,14,0,0
20576.92,9346.800492545244,2.2014932730462276,0,0,0,101,6,0.23,14,1,0
17763.55,11282.839360397234,1.5743865594080584,0,0,0,560,24,0.312,9,2,0
25067.43,17394.29464955,1.4411292189660276,0,1,1,196,6,0.523,7,0,0
12201.56,9791.670546283674,1.2461157715042828,0,0,0,166,16,0.26,11,3,0
6604.14,2947.4139348148065,2.2406555214139496,0,0,0,700,63,0.104,15,1,0
2433.82,3158.7208216979925,0.7705095813184674,1,1,1,27,0,0.31,6,4,1
11974.35,15080.942373317894,0.7940052632477778,0,0,0,342,11,0.124,12,0,0
14639.48,6892.846220775211,2.1238654906548797,0,0,0,55,2,0.191,7,2,0
190820.46,31118.18122090846,6.132121384860053,1,1,1,37,0,0.875,2,2,1
24491.21,16847.927964165614,1.4536628115476198,0,0,0,305,12,0.365,16,1,0
2104.98,4028.875993013559,0.522472409973939,0,0,0,67,2,0.151,17,1,0
15357.54,16530.915039715102,0.9290193476860239,0,0,0,217,14,0.567,8,1,0
8174.13,7341.74990167314,1.1133757385821064,0,0,0,172,6,0.274,11,0,0
15933.57,16343.223421372579,0.9749340723891617,0,0,0,797,53,0.334,9,0,0
4413.46,3838.150652102244,1.149893136174409,0,0,0,217,7,0.078,15,0,0
9777.05,8028.531338203114,1.2177882196674095,0,0,0,46,2,0.171,9,3,0
46644.62,27910.368369356536,1.6712292820251566,0,0,0,359,25,0.438,12,1,0
26366.94,22846.967426572337,1.154067325154322,0,0,0,407,37,0.295,11,0,0
69055.33,34769.775585743475,1.9860735209669649,1,1,1,597,74,0.391,13,1,0
11611.28,12981.419650214575,0.8944538193827332,0,0,0,587,53,0.484,10,0,0
37227.56,38305.72289595796,0.9718537459155725,0,0,0,622,16,0.204,14,0,0
13424.69,12038.310342118446,1.1151640010341017,0,0,0,647,23,0.402,7,0,0
15160.13,6181.9768217789815,2.4523111023636943,0,1,0,187,6,0.441,8,1,1
5284.88,5276.8909342814395,1.0015141091518849,0,0,0,489,25,0.224,6,2,0
25622.72,11606.367761221662,2.207642974083548,0,0,0,434,12,0.285,9,0,0
9235.32,9923.520600324517,0.9306495014133045,0,0,0,717,21,0.415,17,1,0
47327.38,9999.568658976652,4.732942135152134,0,1,1,332,13,0.773,16,1,1
14886.02,19090.478965094746,0.7797616277036025,0,0,0,64,3,0.386,12,1,0
31112.21,38265.19457034883,0.813068088439681,0,0,0,353,18,0.306,9,0,0
3971.49,4242.601902714999,0.9360983574028329,0,0,0,747,20,0.273,15,0,0
21204.1,3898.386820874385,5.43919806376773,0,1,1,173,6,0.9,12,1,1
2153.09,3086.6269854056327,0.6975554746278967,0,0,0,269,9,0.234,11,2,0
11572.74,10843.568328536527,1.0672441675869275,0,0,0,264,11,0.046,8,0,0
14218.85,17103.70119182046,0.8313316028967368,1,1,1,650,27,0.071,9,0,0
7529.24,4560.688931223744,1.6508988342515383,0,0,0,318,39,0.094,15,0,0
16620.54,17686.094265801315,0.9397518813568715,0,0,0,109,4,0.199,11,0,0
27769.27,23450.33089152687,1.1841738375337696,0,0,0,221,18,0.32,8,2,0
3382.37,3317.8980104706957,1.0194303501229407,0,0,0,87,4,0.247,11,3,0
2692.97,2659.9707112320957,1.0124060067371559,0,0,0,140,4,0.576,5,1,0
1433.84,3288.937839619493,0.4359589962411697,0,0,0,94,7,0.441,14,1,0
16222.86,17281.47077165064,0.9387432115980433,0,0,0,494,24,0.511,9,2,0
1667.7,6519.930215979502,0.25578501398817255,1,1,1,10,0,0.378,0,6,1
102367.72,60310.79893801406,1.6973365292056974,0,0,0,314,28,0.253,16,0,0
15188.74,17517.463840075798,0.8670625354987096,0,0,0,736,52,0.079,9,0,0
9455.01,15218.467881284869,0.6212850503093176,0,0,0,478,18,0.398,6,0,0
20002.92,17508.73682208773,1.1424535847550294,0,0,0,501,26,0.228,3,1,0
11794.53,15635.52317217907,0.7543419426467801,0,0,0,61,2,0.15,17,0,0
52547.62,54916.84466766188,0.9568578697496258,0,0,0,692,34,0.178,12,2,0
6702.45,11421.883986282282,0.586807581777583,0,0,0,442,44,0.404,9,0,0
22440.43,8931.577433857166,2.512482621824968,0,0,0,326,14,0.03,12,0,0
2453.85,3331.050027010334,0.7366582503974144,0,0,0,443,31,0.398,14,1,0
2244.9,2616.396407013586,0.8580122832543992,0,0,0,669,30,0.143,9,0,0
32410.69,3175.8727523841217,10.20528654989093,1,1,1,46,0,0.916,23,4,1
21447.46,16709.601774898343,1.283540801680947,0,0,0,105,3,0.633,16,1,0
24660.72,26517.284774011245,0.9299866284195637,0,0,0,532,24,0.132,11,0,0
13154.98,12288.90296208207,1.0704761528032813,0,0,0,271,19,0.258,9,2,0
3236.8,2770.124779005241,1.1684661822155524,0,0,0,466,13,0.031,12,0,0
40257.32,46610.73965775109,0.8636920256140485,0,0,0,783,24,0.382,15,2,0
22805.18,31957.501618978593,0.713609703506014,0,0,0,42,3,0.474,12,1,0
19414.97,8746.72009120039,2.2196862528408894,0,0,0,465,38,0.514,8,0,0
13492.12,13158.491425593069,1.0253548652494775,0,0,0,529,26,0.381,11,1,0
15986.91,25205.557872698046,0.634261241933455,0,0,0,485,14,0.516,14,0,0
29603.79,17497.2837036499,1.6919076739327095,0,0,0,449,14,0.512,14,0,0
33897.09,21468.34621678374,1.5789332330402652,0,0,0,382,34,0.281,14,0,0
24811.83,20736.09940475058,1.1965522532806694,0,0,0,190,9,0.249,4,0,0
9684.75,11713.230536772056,0.8268213871758776,0,0,0,136,4,0.16,19,1,0
6775.91,6796.040856377039,0.9970373035111989,0,1,0,362,12,0.062,8,0,0
7859.04,6307.4738294466515,1.2459891967372287,0,0,0,600,17,0.564,14,2,0
7998.38,6587.711319835706,1.2141364343698309,0,0,0,183,8,0.478,5,0,0
10783.27,10413.46453083782,1.0355118727346937,1,1,1,17,1,0.505,11,0,0
8585.91,9651.372765433234,0.8896054906683547,0,0,0,522,20,0.413,4,2,0
8457.39,18209.361158062224,0.4644530643767828,0,0,0,601,16,0.085,13,2,0
157941.3,37555.45836407429,4.205548523423345,0,1,1,434,17,0.935,19,3,1
24612.74,16842.033848095805,1.4613875964850358,0,0,0,250,8,0.339,2,1,0
8109.2,7340.904492712746,1.1046589078211422,0,0,0,735,33,0.13,16,0,0
6278.79,7790.7723875296615,0.8059264404873492,0,0,0,369,19,0.187,12,1,0
4587.59,7161.202963685835,0.6406177758915308,0,0,0,184,5,0.167,6,1,0
14375.0,35772.244632554066,0.40184795192323586,0,0,0,302,25,0.236,8,0,0
3828.3,3891.211885674168,0.9838323311615051,0,0,0,365,36,0.275,11,0,0
18769.55,25819.631772547684,0.7269488294970273,0,0,0,16,1,0.261,9,2,0
39079.67,22823.964790071783,1.7122209373255393,0,1,0,85,2,0.686,11,1,1
19990.78,9623.236834130945,2.0773448329507422,0,0,0,403,12,0.412,13,0,0
20609.5,16645.82381946958,1.2381181145894984,0,0,0,144,8,0.092,16,1,0
2288.37,4602.625970397541,0.4971884070897623,0,0,0,596,21,0.46,12,0,0
6124.01,11525.606934168627,0.5313391147728977,0,0,0,286,12,0.149,13,1,0
32218.55,16995.654204413608,1.8956935680171432,0,0,0,96,2,0.072,7,1,0
24126.01,19373.328507683094,1.245321013643112,0,0,0,179,6,0.071,6,1,0
14491.93,17192.139771120128,0.842939369382803,0,0,0,30,1,0.239,9,0,0
31877.49,49676.04556010618,0.641707515503369,1,1,1,16,0,0.436,5,4,1
4543.56,7876.849536889667,0.5768249280212879,0,0,0,102,2,0.341,12,0,0
52210.52,38998.420209808995,1.3387854362713716,0,0,0,229,10,0.291,11,2,0
39982.97,40333.688005781754,0.9913045809544309,0,0,0,324,32,0.349,12,1,0
50658.47,37244.83891256379,1.3601473827398194,0,0,0,249,24,0.138,11,0,0
15759.07,12861.979900692524,1.2252448766029678,0,0,0,266,6,0.341,15,1,0
1447.35,3584.863363396307,0.4037404736848835,1,1,1,13,0,0.568,4,8,1
18795.51,17646.234136672,1.0651286602337375,0,0,0,414,13,0.295,11,1,0
4081.42,9228.347039322738,0.442269515338915,0,1,0,329,12,0.064,15,3,0
68140.38,20777.600053163238,3.2795117775206317,0,0,0,221,5,0.085,10,2,0
24832.22,28617.296919683547,0.8677347662024189,0,0,0,298,12,0.437,8,1,0
73362.2,45951.49720926422,1.5965137918753123,0,0,0,243,14,0.237,11,1,0
14771.46,16982.15486707459,0.8698226839661135,0,0,0,49,1,0.13,11,2,0
7674.47,2846.9256448125348,2.6957043938901326,0,0,0,566,70,0.173,13,2,0
15306.86,12263.279661523053,1.2481863607039196,0,0,0,625,48,0.106,10,0,0
20338.67,11606.894110036561,1.7522919150248808,0,0,0,364,36,0.382,6,0,0
3187.93,7405.083543925982,0.4305055123302017,0,0,0,41,1,0.151,13,0,0
36855.75,19759.0165841699,1.8652624088360286,0,0,0,19,1,0.315,18,0,0
2956.11,3329.737709975235,0.8877902801612835,0,0,0,312,9,0.626,5,1,0
1410.88,11698.303317121277,0.12060564576448386,1,1,1,2,0,0.356,6,8,1
31790.81,3422.219228498996,9.28953053739652,1,1,1,28,0,0.941,4,4,1
10680.58,8164.901713592336,1.3081088578942148,0,0,0,78,4,0.111,5,0,0
10281.52,28333.805750346295,0.3628709904429925,0,0,0,165,10,0.362,10,0,0
14803.62,10431.930952179853,1.4190680311572872,0,1,0,239,17,0.184,14,1,0
12849.17,21963.86464291455,0.5850142509020728,0,0,0,716,23,0.388,7,0,0
4056.46,5478.848584529976,0.7403862245779576,0,0,0,593,45,0.417,9,2,0
7329.46,5697.572258294824,1.2864180390155004,0,0,0,106,3,0.391,11,1,0
60099.36,27846.034366691227,2.158273609146042,0,0,0,462,28,0.202,1,0,0
3964.75,4104.806678910338,0.9658790962562304,0,0,0,676,26,0.027,12,2,0
28145.28,15966.977203421537,1.7627182769393863,0,0,0,232,21,0.062,8,1,0
1622.23,2160.9026156897335,0.7507171685304542,0,0,0,792,56,0.415,13,0,0
9215.89,17822.364931855045,0.5170967417469872,0,0,0,642,53,0.088,9,1,0
105323.17,53125.90135481127,1.982520189255545,0,0,0,265,11,0.449,16,3,0
25057.29,8030.444578958138,3.1202871917271087,0,0,0,348,8,0.2,6,2,0
29476.01,18681.623201863687,1.5778078149345118,1,1,1,776,24,0.083,8,0,0
6901.79,13789.248730354237,0.5005193325618702,0,0,0,115,8,0.064,8,0,0
29064.73,32278.00755439947,0.9004500071693349,0,0,0,337,10,0.405,12,3,0
18819.88,14894.185524724744,1.2635722202433364,0,0,0,306,11,0.45,15,0,0
11764.33,5884.480339214975,1.9992133202975857,0,0,0,372,16,0.393,9,0,0
46199.56,78626.7476238168,0.5875807372337017,0,0,0,687,57,0.386,10,1,0
14423.17,16442.52144893483,0.8771869490051096,0,0,0,89,2,0.461,10,0,0
4564.57,6036.566924079024,0.7561525480935415,0,0,0,651,21,0.257,15,3,0
11290.49,10778.539408201683,1.0474968540296703,0,0,0,499,49,0.147,8,0,0
74660.58,56695.90731536127,1.3168600746466004,0,0,0,243,9,0.416,7,2,0
10243.69,9736.872646585289,1.0520511105825159,0,0,0,545,16,0.452,10,2,0
2957.64,5733.241175648942,0.5158753003624167,0,0,0,193,14,0.143,21,2,0
20205.51,16070.522552661107,1.2573027446579155,0,0,0,236,8,0.135,13,2,0
13376.33,15519.992247373375,0.8618772923483101,1,1,1,258,19,0.262,6,0,0
2110.2,4351.98215194671,0.48488164228142416,0,0,0,697,25,0.183,8,0,0
2912.92,8289.781711141806,0.35138690762970526,0,0,0,644,42,0.199,19,0,0
4000.68,3274.535606458822,1.2217556871872857,0,0,0,186,5,0.073,9,0,0
13885.04,17184.85397253123,0.8079810967224937,1,1,1,721,18,0.36,6,0,0
15874.3,8266.824917984617,1.9202419363705454,0,0,0,455,13,0.257,13,0,0
14292.13,13945.655795423581,1.0248442952499879,0,0,0,364,19,0.029,11,0,0
1202.33,2286.080236865794,0.5259369136454498,0,0,0,420,16,0.431,15,1,0
3806.43,4250.722750052086,0.8954776050906139,0,0,0,107,11,0.349,11,1,0
69064.27,79277.32899024575,0.871173031016611,0,0,0,697,69,0.178,10,0,0
5117.67,2459.896501805825,2.080440914444297,0,0,0,634,18,0.215,17,3,0
3588.72,4538.225203277001,0.7907755963311325,0,0,0,387,48,0.403,10,1,0
27708.41,29259.80690765372,0.9469786632253036,0,0,0,771,23,0.423,11,0,0
3494.56,4455.939268352038,0.7842472584129105,0,0,0,408,11,0.236,11,1,0
7302.68,5657.5967917667995,1.2907734888772948,0,1,0,154,10,0.149,6,1,0
8149.17,8930.352735640256,0.9125246873335331,0,0,0,78,2,0.546,11,2,0
11844.76,16972.99863768924,0.69785926755051,0,0,0,576,25,0.14,11,2,0
13026.27,9490.661496345427,1.3725351839129754,0,0,0,581,41,0.3,9,0,0
1704.24,3414.0857007160967,0.49918002568213843,0,0,0,73,2,0.027,12,0,0
7733.03,8237.41237366703,0.9387689680446842,0,0,0,330,11,0.276,15,0,0
10234.77,11133.149260552016,0.9193057356810306,0,1,0,84,2,0.221,11,1,0
5070.18,3718.7150366047867,1.363423229835019,0,0,0,599,27,0.451,8,1,0
7195.03,13986.720181022347,0.5144187439505998,0,0,0,623,20,0.15,12,1,0
9541.71,6403.1371813178,1.4901619788976472,0,0,0,177,5,0.125,15,0,0
22553.11,13791.284329418377,1.6353161131265197,0,0,0,416,15,0.411,11,3,0
7374.81,8730.410244088058,0.8447266961908982,0,0,0,658,18,0.206,7,1,0
2793.95,3393.339437994805,0.8233633132826544,0,0,0,401,44,0.105,12,4,0
8941.58,12759.65957017817,0.7007693971071196,0,0,0,572,21,0.264,7,1,0
14168.16,20211.17566632066,0.7010062650744671,0,0,0,201,10,0.121,8,0,0
6585.38,8614.664098570593,0.7644388452055694,0,0,0,292,10,0.444,9,0,0
18431.91,32922.304685574476,0.5598608432677136,0,0,0,315,12,0.56,12,0,0
61043.35,76630.06188678283,0.796597934215315,0,0,0,766,21,0.281,6,0,0
3410.89,2064.186440752272,1.6524151883195313,0,0,0,119,3,0.067,11,0,0
16286.28,14917.514355740981,1.091755320563336,0,0,0,51,3,0.284,7,2,0
6357.69,4682.5865490355845,1.3577298810184735,0,0,0,371,12,0.363,10,0,0
6900.98,8852.7439823932,0.7795302519118956,0,0,0,74,2,0.387,12,0,0
33802.21,34206.654672430996,0.9881765281717889,0,0,0,226,18,0.287,8,0,0
261103.27,23748.46011592786,10.994534743389954,1,1,1,15,1,0.98,22,4,1
6167.55,12727.457671920907,0.4845865488333383,0,0,0,168,5,0.079,16,1,0
39586.61,12901.463297990553,3.0683815994374943,0,0,0,728,60,0.197,11,1,0
5100.36,9914.56549604427,0.514430534075528,0,0,0,604,15,0.248,11,2,0
9479.08,7995.412865984668,1.1855641924460831,0,0,0,477,18,0.534,14,1,0
4218.09,11818.299971228938,0.35691171702064434,0,0,0,398,26,0.455,7,2,0
1593.48,2832.61120834989,0.5625489561831589,0,0,0,250,27,0.547,12,2,0
14102.6,5404.024736245652,2.6096473590451983,0,0,0,507,42,0.359,6,0,0
19938.35,41416.67450639791,0.481408705700214,0,0,0,65,1,0.488,7,1,0
23829.18,10723.43514723964,2.2221589484599966,0,0,0,715,29,0.197,10,2,0
4013.64,5996.546204895561,0.669325312285747,0,0,0,767,26,0.314,13,1,0
9547.58,9616.014190446163,0.9928834236938682,0,0,0,30,1,0.193,10,2,0
6137.73,3976.404290576459,1.543538567680887,0,0,0,330,18,0.102,12,1,0
1337.05,3672.993606751423,0.36402272078877884,0,0,0,194,7,0.113,6,1,0
37652.63,26312.419056780098,1.4309832007752832,0,0,0,156,4,0.356,17,1,0
33131.31,37090.71933796235,0.8932506231835491,0,0,0,332,16,0.453,11,3,0
5329.89,19512.31677761626,0.2731554098051341,1,1,1,15,0,0.528,9,6,1
14013.18,8623.822542428346,1.624937905297739,0,0,1,340,10,0.52,9,2,0
5736.8,4384.400305839283,1.3084562145284526,0,1,0,530,37,0.341,7,3,0
7218.08,9695.856778015648,0.7444504301307894,0,0,0,695,36,0.427,13,0,0
6560.21,7533.082743880611,0.8708533775214877,0,0,0,350,15,0.273,9,0,0
11151.45,21981.21016447585,0.5073176003727576,0,0,0,495,22,0.402,13,2,0
11706.2,4524.404715508725,2.587346441049117,0,0,0,598,28,0.148,8,1,0
2282.55,3029.357606727111,0.7534774701846385,0,0,0,216,8,0.31,11,0,0
9020.72,10982.08189496218,0.8214034753560628,0,0,0,496,13,0.253,15,0,0
22048.92,5733.463374769666,3.8456543618978998,0,1,1,162,6,0.829,2,1,1
13721.84,15076.460177615409,0.9101500957714452,0,0,0,516,20,0.048,12,0,0
2430.42,2666.1277777456817,0.9115901150203128,0,0,1,604,43,0.167,9,2,0
32655.4,21228.911991831174,1.5382510603277963,0,0,0,431,26,0.246,17,3,0
8483.2,11497.213511600454,0.7378479628279359,0,0,0,615,18,0.433,20,1,0
17568.13,19631.04795892972,0.8949154890111815,0,0,0,523,16,0.261,11,0,0
53821.91,12894.500366318991,4.174020467892066,0,1,0,151,5,0.338,17,0,0
37625.43,40719.43530342759,0.9240165655046514,0,0,0,576,27,0.071,5,1,0
124811.94,12740.616357478422,9.796381625324209,1,1,1,50,0,0.838,1,4,1
7967.74,10209.47291996529,0.7804263917693379,0,0,0,746,46,0.302,18,2,0
16953.46,13443.522268524339,1.2610877607891462,0,0,0,333,20,0.066,11,1,0
4861.87,11815.707499904847,0.41147524866548657,1,1,1,3,0,0.331,12,8,1
10070.04,9142.154739385604,1.1014948360601389,0,0,0,138,3,0.146,9,1,0
2399.13,3240.566692518034,0.7403437989694975,0,0,0,202,11,0.153,10,1,0
231997.97,32897.911002106106,7.052057717959604,1,1,1,40,0,0.881,15,4,1
6482.3,8101.683620732641,0.8001170633666206,0,0,0,492,44,0.368,14,0,0
2810.68,5461.855531055908,0.5146015046543213,0,0,0,727,26,0.247,20,1,0
5692.06,6541.416468670789,0.8701578546859732,0,0,0,540,15,0.124,15,0,0
1984.48,2069.068170874248,0.9591188536883143,0,0,0,135,16,0.155,1,3,0
6637.45,13048.242445982693,0.508685388531336,0,0,0,144,6,0.165,19,1,0
40781.45,4715.149328690917,8.64902674164278,1,1,1,42,1,0.834,22,3,1
3200.8,5099.320305470048,0.6276918484270146,0,0,0,455,45,0.422,8,1,0
27074.04,16975.617543500222,1.594877939976414,0,0,0,748,62,0.112,9,1,0
8183.36,5471.713563048799,1.495575415688071,0,0,0,115,4,0.114,17,1,0
20826.55,17973.014175861324,1.1587680170620887,0,0,0,31,1,0.201,5,0,0
23027.44,12631.541545936638,1.8230110466626142,0,0,0,595,45,0.54,4,1,0
18357.63,21461.901960975778,0.8553588977991536,0,0,0,745,35,0.078,12,1,0
3763.12,5519.127462786056,0.6818321464968788,0,0,0,333,18,0.283,7,1,0
6292.52,9717.239220988373,0.647562890445172,0,0,0,668,33,0.263,10,0,0
8280.92,13132.405550469572,0.6305715124130737,0,0,0,481,28,0.03,8,3,0
48894.47,47790.47478305721,1.0231006722300782,0,0,0,302,15,0.176,13,1,0
9341.41,9049.82735701207,1.0322197854539807,0,0,0,339,42,0.224,12,0,0
2335.81,2217.744674259749,1.0532371833209369,0,0,0,133,6,0.113,7,0,0
4267.85,6007.959957290457,0.7103667475412476,0,0,0,238,6,0.233,8,0,0
12467.56,14853.304417354691,0.8393796690932201,0,0,0,645,46,0.169,11,3,0
28095.66,21072.448867339208,1.3332889449528593,0,0,0,662,31,0.228,14,0,0
1635.93,2322.7778036509053,0.7043004110045573,0,0,0,718,22,0.267,9,0,0
10954.06,13041.685492787563,0.8399264015257764,1,1,1,474,26,0.226,10,1,0
5638.57,6418.164070251277,0.8785337727972912,0,0,0,350,26,0.483,13,1,0
24820.11,50178.39496174723,0.4946374615891268,1,1,1,7,0,0.511,20,8,1
2140.14,5112.196130117269,0.4186334025832349,0,0,0,526,40,0.236,5,1,0
31469.1,22227.034394765302,1.4158030384491673,0,0,0,649,18,0.126,10,1,0
6020.96,5209.47539008377,1.155770919303655,0,0,0,11,1,0.083,8,0,0
22848.92,12548.621640009796,1.8208310793823674,0,0,0,382,22,0.212,11,2,0
12470.51,8036.994042480197,1.5516381684855114,0,0,0,311,14,0.411,10,0,0
7833.85,8225.331062116835,0.9524049110391517,0,0,0,706,20,0.18,18,2,0
10236.98,20961.779986706817,0.4883640979666224,0,0,0,414,27,0.086,18,0,0
128932.38,13553.398268558994,9.512918679398808,1,1,1,45,0,0.99,0,3,1
7469.45,9392.995400723823,0.7952154033787989,0,1,0,197,5,0.045,10,2,0
4263.54,5261.606543313053,0.8103112757008685,0,0,0,424,19,0.308,7,1,0
4092.35,9103.502357972251,0.4495354380344122,0,0,0,614,76,0.065,10,1,0
2502.05,3927.2111511933813,0.6371052283228805,0,1,0,434,24,0.575,4,0,0
11531.17,7428.1737729526685,1.5523563671887601,0,0,0,472,18,0.14,11,1,0
19050.28,23019.86263006308,0.8275584979266006,0,0,0,356,44,0.188,16,0,0
19378.61,9667.781818457177,2.004452781289686,0,0,0,213,5,0.341,15,0,0
1906.54,3976.272343080304,0.4794798932891572,0,0,0,323,19,0.345,11,3,0
50285.62,28527.45837793673,1.7627093123338282,0,0,0,672,18,0.494,17,0,0
63629.71,9140.989201017026,6.960921828771017,0,1,1,116,4,0.966,20,2,1
5897.09,9130.30629261817,0.6458812199345475,0,0,0,573,19,0.369,7,1,0
10990.1,22224.912529635174,0.4944944309925067,0,0,0,287,20,0.216,13,1,0
44533.49,14156.321054314905,3.145837665492642,0,0,0,699,21,0.197,14,2,0
1560.7,3062.3212601105624,0.5096472741447405,0,0,0,76,3,0.475,7,0,0
52466.67,22927.9855656786,2.2883244710307418,0,0,0,743,21,0.2,11,0,0
3511.51,3478.3630865682585,1.0095304038532622,0,0,0,655,31,0.383,10,1,0
42727.2,46604.98730745076,0.9167946639665966,0,0,0,170,14,0.183,13,2,0
1053.8,6845.775526967062,0.15393424942514972,1,1,1,18,0,0.376,22,6,1
28012.41,20846.679247428387,1.3437350429191002,0,0,0,339,17,0.233,10,2,0
2404.84,4157.57446967559,0.5784233627031408,0,0,0,98,4,0.362,1,0,0
39690.52,17850.447026079222,2.2235030462609657,0,0,0,711,79,0.038,15,1,0
54287.85,22456.209285783974,2.417498343140032,0,0,0,696,49,0.45,4,1,0
40726.92,24347.961758622165,1.6727032987978139,0,0,0,501,19,0.554,11,0,0
10084.58,33825.00502398865,0.2981396830696532,0,0,0,590,24,0.233,6,2,0
8254.2,6575.385259368601,1.255317855867417,0,0,0,53,2,0.15,8,0,0
6216.16,17233.925705677022,0.36069327778198135,0,0,0,548,14,0.021,13,0,0
7494.6,6145.0204752106065,1.2196219194007025,0,0,0,88,11,0.038,0,2,0
29395.62,14190.542434022074,2.071493664024573,0,0,0,66,1,0.108,4,0,0
33264.66,27671.36684424737,1.20213271924739,0,0,0,192,6,0.224,8,0,0
5173.94,4541.924039278083,1.1391507916031434,0,0,0,227,6,0.266,9,0,0
12615.69,3121.198828661941,4.041936403222765,1,1,1,54,1,0.861,2,2,1
2651.87,3048.1546328406853,0.8699934173024815,0,0,0,534,19,0.147,7,1,0
9361.03,8313.024504919737,1.1260677171534506,0,0,0,335,15,0.083,12,1,0
88109.89,12612.782728949653,6.985761056752283,0,1,1,231,9,0.798,23,2,1
5176.67,4252.01842579155,1.2174612116908665,0,0,0,746,35,0.202,19,0,0
9920.55,8636.107874034771,1.1487293849320293,0,0,0,244,14,0.496,20,0,0
15400.53,17645.504539448462,0.8727734422295264,0,0,0,365,12,0.462,21,3,0
8536.17,6484.027768298121,1.3164915620918243,1,1,1,733,43,0.098,9,1,0
24386.25,22335.402735767067,1.0918202682124574,0,0,0,278,8,0.046,8,0,0
11984.59,7563.323309623974,1.5845662677582981,0,0,0,715,19,0.237,9,1,0
16176.39,13469.515828403257,1.200962808725611,0,0,0,576,41,0.315,2,0,0
41139.12,6728.5959328495,6.1140718018411935,1,1,1,59,1,0.852,3,2,1
7289.76,10474.982821193786,0.6959206439177985,1,1,1,246,12,0.141,6,0,0
45814.23,35399.3322968106,1.2942116488675428,0,1,0,282,9,0.649,18,1,1
35446.82,17562.77685567531,2.0182926416171516,0,0,0,496,15,0.142,10,0,0
36474.85,18170.395525068343,2.007377928003564,1,1,1,545,32,0.396,4,1,0
16347.56,40898.1039659478,0.3997144204852902,0,0,0,491,15,0.222,6,1,0
18229.76,14168.285818482258,1.286659315156233,0,0,0,363,13,0.12,14,2,0
110422.48,46077.81159059964,2.396435023925492,0,0,0,93,3,0.367,10,0,0
40241.62,7742.349805881015,5.197597511420685,1,1,1,38,0,0.866,1,3,1
11361.29,13835.674589438273,0.8211593531895776,0,0,0,393,12,0.359,15,1,0
2076.88,2156.8008915329183,0.9629441117319723,0,0,0,551,68,0.184,10,0,0
13602.62,9980.713496597105,1.3628907212009096,0,0,0,307,19,0.211,8,0,0
14986.32,20142.179119879984,0.7440266888368205,0,0,0,119,4,0.099,11,0,0
2312.19,5563.67415380065,0.41558664654114424,0,0,0,65,2,0.478,16,2,0
6126.71,2555.2468776567575,2.3976971093879063,0,0,0,478,14,0.067,11,2,0
85594.79,63117.570326357476,1.3561167427907488,0,0,0,775,86,0.545,15,0,0
5476.08,6326.453228043807,0.8655851280098761,0,0,0,519,16,0.166,19,1,0
8738.79,6217.220169675233,1.4055782800289107,0,0,0,36,1,0.537,15,1,0
36028.92,32211.821976301384,1.1185000130314424,0,0,0,221,6,0.275,9,1,0
15803.41,26280.317785759937,0.6013402602422117,0,0,0,693,46,0.19,11,1,0
23544.65,13747.770662808207,1.712615756698379,0,0,0,344,20,0.299,12,0,0
12147.85,10129.160590942105,1.199294711882073,0,0,0,733,81,0.172,10,0,0
9794.26,7235.002459580497,1.3537321772521158,0,0,0,257,7,0.349,12,1,0
11306.97,9720.57647091353,1.163199621110895,0,0,0,424,13,0.383,7,3,0
62256.13,40139.38673328394,1.5509985330992027,0,0,0,764,27,0.215,11,3,0
13857.88,10448.98480602956,1.326241673629261,0,0,0,764,95,0.271,15,1,0
53497.87,43063.17860985762,1.2423112098267888,0,0,0,619,20,0.052,15,1,0
16370.61,16920.602954354585,0.9674954909136477,0,0,0,79,4,0.226,10,0,0
40224.36,31127.154873354648,1.2922594019869444,0,0,0,608,18,0.329,18,0,0
19790.75,25807.167242621188,0.7668703316429585,0,0,0,59,1,0.487,8,1,0
6460.2,7394.431708322041,0.8736576663869535,0,0,0,452,13,0.283,18,0,0
21622.15,18664.188937612067,1.1584831124102903,0,0,0,267,9,0.343,9,0,0
122338.93,48262.74237922349,2.5348523503825664,0,0,0,362,40,0.18,11,0,0
12809.3,18924.28302066223,0.6768710645472064,0,0,0,182,16,0.282,2,0,0
5711.65,9941.20179130834,0.574543688497179,0,0,0,220,8,0.656,7,0,0
5391.79,7007.029715470519,0.7694833532477695,0,0,0,147,6,0.43,13,3,0
16355.15,3136.202429661877,5.214954835795576,0,1,1,255,10,0.947,20,3,1
5147.52,5489.053659002369,0.9377794485081489,0,0,0,208,7,0.335,16,0,0
15785.71,4716.760499900658,3.3467267478574203,0,0,0,454,18,0.117,18,2,0
18236.33,16365.230198573627,1.1143339159274293,0,0,0,12,1,0.151,8,0,0
30446.52,17618.569562785804,1.728092597805386,0,0,0,321,15,0.203,11,1,0
10425.89,11737.13236743893,0.8882822212490238,0,0,0,653,19,0.238,11,1,0
41073.83,34422.83736958503,1.19321442860003,0,0,0,59,3,0.785,9,1,0
19394.76,23083.754526601853,0.8401907075464303,1,1,1,478,15,0.33,16,1,0
22215.79,9977.92895530288,2.2264935853955747,0,0,0,754,19,0.238,10,1,0
8541.66,15553.922740233229,0.5491640669488528,0,0,0,707,19,0.054,12,0,0
9248.63,7502.43579628744,1.2327498180147736,1,1,1,227,8,0.758,16,1,0
15386.37,9783.992737913377,1.572606695451548,1,1,1,270,9,0.086,10,1,0
22934.72,30091.182929909253,0.7621739785197899,0,0,0,691,20,0.242,11,1,0
14949.46,14387.518767918426,1.039057812772951,0,0,0,310,28,0.054,20,0,0
6984.67,3751.5513226300327,1.861808491070074,0,0,0,396,33,0.046,9,1,0
45227.93,28142.04762189298,1.6071301661652546,0,0,0,488,19,0.492,12,1,0
10256.99,7139.814626391111,1.436590235392283,0,0,0,320,22,0.359,15,3,0
6181.16,14419.872051645092,0.42865586474922596,0,0,0,223,9,0.476,18,2,0
8061.47,5382.330172793345,1.4977656809370696,1,1,1,239,6,0.109,6,0,0
1419.25,5084.328822742507,0.2791418549916669,1,1,1,5,0,0.575,7,5,1
5548.83,28577.15418621517,0.19417018431403626,1,1,1,9,0,0.577,12,4,1
3913.57,3735.6564583361383,1.0476260971374536,0,0,0,566,26,0.152,14,0,0
27353.41,23477.0685410503,1.165111990385322,0,0,0,600,19,0.149,2,1,0
6533.3,4157.005856156725,1.571635362724517,0,0,0,584,58,0.245,11,2,0
9578.46,7325.711374269485,1.3075128580786364,0,0,0,681,18,0.422,6,3,0
2210.56,2756.6457320881,0.801900469393337,0,0,0,758,21,0.325,12,2,0
12116.17,8336.467517608362,1.4533943473664932,0,0,0,161,4,0.37,20,0,0
7863.4,9778.06293426007,0.8041874831350981,0,0,0,105,3,0.296,10,0,0
6188.27,3542.8250051276345,1.7467038717174594,1,1,1,577,15,0.21,7,0,0
5099.33,6474.0712370266365,0.7876542600504293,0,0,0,745,20,0.284,11,1,0
56468.5,57920.42101859286,0.9749324169239539,0,0,0,457,19,0.073,21,0,0
30023.59,26761.216452413006,1.121906924305295,0,0,0,149,9,0.46,10,2,0
10384.82,22447.22852245584,0.462632649476147,0,0,0,223,18,0.054,17,1,0
36328.36,15701.267753325124,2.3137217119113664,0,0,0,271,18,0.266,13,3,0
2032.05,2924.449801367722,0.6948493489790254,1,1,1,768,20,0.455,12,0,0
2143.61,2428.3301406580003,0.8827507989147357,0,0,0,338,11,0.256,4,0,0
18601.29,13726.349229485106,1.3551518513551781,0,0,0,481,37,0.074,7,1,0
44630.92,25330.027590058464,1.761976950240772,0,0,0,751,75,0.303,17,2,0
2551.92,3032.4673439506173,0.8415329610780483,0,0,0,490,37,0.099,8,0,0
2665.3,2116.902853074493,1.259056008434257,0,0,0,31,3,0.124,11,1,0
16805.54,10619.034388931535,1.5825867660269055,0,0,0,663,26,0.338,8,1,0
7855.4,6226.717669392679,1.2615628718333864,0,0,0,353,17,0.56,8,2,0
22516.76,11415.010304592119,1.972556785241448,1,1,1,70,4,0.039,14,1,0
3469.23,2755.5524162410916,1.2589969531615306,0,0,0,795,49,0.279,7,1,0
46321.24,6400.469900124579,7.237162859334096,0,1,1,237,9,0.914,18,1,1
13259.88,7128.6414292537975,1.8600844417653135,0,0,0,781,20,0.561,17,0,0
53251.77,54654.81658147712,0.9743289062717826,0,0,0,500,14,0.341,17,0,0
1777.07,3111.7167649326902,0.5710907212274441,0,0,0,741,21,0.26,13,0,0
4203.18,10966.361709482066,0.38327965821173965,0,0,0,630,16,0.356,16,0,0
27977.3,12718.324731936447,2.1997626422776424,0,1,0,154,5,0.406,18,1,1
10099.08,2593.513122874305,3.893975200717579,0,0,0,530,20,0.084,13,0,0
7626.52,2791.4641619475356,2.7320856428574727,0,0,0,777,19,0.324,8,1,0
54701.66,51665.12473642571,1.0587733788460363,0,0,0,377,11,0.321,10,1,0
3504.18,6982.41799810427,0.5018572637245043,0,0,0,171,5,0.125,19,1,0
20303.75,7844.559608898468,2.588259142216932,1,1,1,53,3,0.386,15,0,0
30316.16,9040.602385859456,3.353333541897328,0,1,0,663,44,0.338,12,0,0
1159.18,5365.977808077603,0.21602313700655476,1,1,1,19,0,0.527,17,6,1
2211.3,3810.439267010869,0.5803279295117322,0,0,0,423,38,0.052,3,1,0
4273.13,5145.343498876226,0.8304850275738322,0,0,0,720,19,0.052,13,0,0
9099.48,7165.6924581094145,1.269868166429785,0,0,0,445,34,0.564,11,1,0
47659.06,41223.28250315099,1.1561199895783316,0,0,0,187,14,0.203,10,3,0
9797.59,8782.498390575407,1.1155812401131757,0,0,0,336,37,0.051,15,2,0
2234.99,3036.993970517211,0.7359213335083383,0,0,0,312,28,0.334,15,1,0
9497.93,12304.132205668922,0.7719297605762787,0,0,0,453,16,0.584,19,0,0
8056.52,7776.6402733321,1.0359902154370353,0,0,0,532,20,0.042,10,0,0
2197.67,3926.4236805481933,0.5597140521033821,0,0,0,263,13,0.089,0,2,0
3649.2,5663.1233044661485,0.64437912631302,0,0,0,162,16,0.262,9,1,0
50758.45,33946.326340055704,1.4952559626921555,0,0,0,773,45,0.413,5,2,0
36972.09,28819.947747513295,1.282864632170917,0,0,0,626,36,0.194,11,1,0
32853.1,31251.605561452914,1.0512452074464782,0,0,0,439,11,0.161,3,0,0
33339.65,26469.91815581659,1.2595299184601707,0,0,0,319,24,0.194,2,0,0
25515.85,17859.456566580804,1.4287026194783476,0,0,0,107,4,0.281,17,2,0
5624.08,6800.459080201383,0.8270150810350102,0,0,0,358,32,0.192,10,0,0
16642.25,22408.319682994086,0.7426815838772508,0,0,0,729,24,0.259,16,1,0
3438.04,7755.0870601433335,0.44332648554530246,0,0,0,487,18,0.068,10,3,0
9615.99,12729.772730622486,0.7553938952744046,0,0,0,533,20,0.256,11,1,0
15946.56,14008.158048604228,1.1383769687393768,0,0,0,652,16,0.563,14,0,0
2001.87,2305.44610814929,0.8683200978063836,0,0,0,375,9,0.201,13,1,0
28131.51,21723.04604779142,1.2950076920863123,0,0,0,109,6,0.42,11,0,0
63146.31,39318.3458328565,1.6060265959377773,0,0,0,744,31,0.174,12,1,0
19307.16,19232.684300048673,1.0038722693127045,1,1,1,485,24,0.143,8,2,0
15326.37,19483.494531839562,0.7866336324139918,0,0,0,451,34,0.702,11,0,0
2858.86,5711.721084397234,0.500525378868545,1,1,1,371,26,0.428,6,0,0
42091.41,28976.81677028387,1.4525890588271952,0,0,0,785,56,0.343,9,0,0
3365.11,2522.105729039612,1.3342472622666717,0,0,0,220,5,0.306,13,0,0
16229.47,15456.112618473922,1.0500358811120594,0,0,0,69,1,0.415,16,0,0
21295.41,10318.096949940227,2.063889024936814,0,0,0,67,3,0.329,9,2,0
14489.6,20904.87748862318,0.6931206089875527,0,0,0,396,30,0.162,12,1,0
32213.6,20175.071667767257,1.596703336117178,0,0,0,175,9,0.143,15,1,0
6886.75,10644.476355414128,0.6469788451454825,1,1,1,7,0,0.388,12,5,1
12189.65,8683.540999925026,1.4037652470561643,0,0,0,685,57,0.199,11,1,0
4443.68,12527.740795202591,0.35470687332634177,0,0,0,488,12,0.078,18,1,0
2315.55,3078.6155182681687,0.7521395039906175,0,0,0,475,13,0.591,11,4,0
3962.32,4640.286740765866,0.8538961266982762,0,0,0,660,21,0.174,14,0,0
3025.25,4089.9507432688238,0.7396780909799311,0,0,0,237,6,0.183,9,0,0
71351.89,40091.71410322186,1.7797166241534763,0,0,0,734,19,0.527,12,1,0
8770.77,12981.338179035674,0.675644227192451,0,0,0,420,46,0.285,14,0,0
2269.38,2002.1808597253453,1.1334550033961874,0,0,0,521,57,0.127,11,1,0
726.8,2129.364649739084,0.3413231582657292,0,0,0,563,26,0.183,11,0,0
16838.09,17692.99603817921,0.9516812886184929,0,0,0,24,1,0.053,7,1,0
11401.22,13063.120485437985,0.8727789491613338,0,0,0,186,5,0.339,9,1,0
8389.4,9518.470821234063,0.881381017665585,0,0,0,650,59,0.47,10,1,0
12552.2,27312.858662700226,0.4595711682832111,0,0,0,652,25,0.334,6,0,0
3450.97,3467.8627540338703,0.9951282904211626,0,0,0,15,1,0.285,6,5,0
11790.19,17507.413193379427,0.6734398875543646,0,0,0,610,40,0.536,15,2,0
784.27,2596.404111133791,0.3020619417873095,0,0,0,250,11,0.235,5,0,0
66169.57,30969.31373207657,2.1366171928513604,1,1,1,785,21,0.046,1,0,0
23500.99,16511.505789598006,1.4233098195670264,0,1,0,284,8,0.36,6,0,0
3369.46,5243.321635039434,0.6426193974473547,0,0,0,84,2,0.274,6,0,0
11757.22,10389.817599654452,1.1316095467486194,0,0,0,113,2,0.449,12,0,0
12565.28,10485.338191727902,1.1983666561485105,0,0,1,83,2,0.338,14,1,0
8711.87,17190.424546170296,0.5067862972487142,0,0,0,334,41,0.265,15,1,0
1274.07,2623.9499905286,0.4855538210686424,0,0,0,270,8,0.481,12,2,0
22342.29,41088.35775418971,0.54376196784527,0,0,0,662,82,0.643,12,0,0
19071.53,22832.585878693688,0.8352769871671636,1,1,1,657,59,0.713,14,1,0
20600.11,8450.047945390186,2.4378691274254085,0,1,0,126,4,0.799,11,1,1
7420.35,10575.813094747626,0.7016339257008208,0,0,0,211,10,0.088,12,0,0
4236.02,5137.634846588609,0.8245079824907995,0,0,0,552,14,0.211,6,0,0
33226.35,20287.525016611606,1.6377727023386908,0,0,0,484,21,0.405,10,2,0
16155.35,28005.56933446389,0.5768620921195354,0,0,0,504,16,0.189,7,0,0
155201.94,23774.97129982748,6.527954878825334,1,1,1,24,1,0.847,0,4,1
5168.06,4431.002076707209,1.1663413160222653,0,0,0,179,8,0.449,0,0,0
6783.4,9698.493386511327,0.6994283877206969,0,0,0,583,16,0.283,4,2,0
16631.77,27786.27242937356,0.5985606986632145,0,0,0,538,53,0.469,16,1,0
26007.58,27964.689989455062,0.9300148988678111,0,0,0,37,1,0.555,6,1,0
17917.93,27880.797825605336,0.6426619186543765,0,0,0,150,4,0.234,18,0,0
2223.29,8434.942229509594,0.26358110931024137,1,1,1,16,0,0.557,21,7,1
25646.8,38576.87111982668,0.664823317853142,0,0,0,471,15,0.317,9,0,0
18058.98,12571.804672406419,1.4364668571405774,0,0,0,209,9,0.269,14,0,0
15803.59,14858.764489896463,1.063587214441434,0,0,0,171,14,0.115,8,2,0
8874.72,12024.732989407634,0.7380390321784975,0,0,0,130,7,0.135,13,1,0
3403.82,2740.9196250826267,1.2418520368611383,0,0,0,327,13,0.106,8,2,0
53935.44,17397.57959664109,3.1001689214346104,1,1,1,725,23,0.171,9,4,0
10825.56,13255.611444552107,0.8166772859326328,0,0,0,105,3,0.134,8,0,0
45685.36,15225.996056266726,3.000484092346021,0,0,0,31,3,0.432,14,1,0
7133.82,10782.337460513663,0.661620996875654,0,0,0,349,24,0.073,11,0,0
4470.44,4473.457858854998,0.9993252698720416,0,1,0,722,72,0.58,2,1,0
20914.55,35748.28210208139,0.5850505898145166,0,0,0,358,9,0.239,10,1,0
2983.99,2012.7204247282264,1.4825641136247323,0,0,0,634,42,0.547,20,0,0
27981.77,20063.60647392506,1.3946529651208863,0,1,0,645,16,0.063,3,2,0
7716.73,23959.772680033668,0.3220704116619266,1,1,1,14,0,0.396,19,4,1
45089.05,24872.77339566055,1.8127872788138784,0,0,0,747,29,0.253,19,1,0
6515.11,19678.33139406463,0.33108024313209705,0,0,0,513,42,0.315,8,1,0
10551.07,9479.491353323707,1.113041595630098,0,0,0,309,8,0.31,17,0,0
29477.77,10877.016968478289,2.7100966936372433,0,0,0,493,54,0.375,6,0,0
9735.83,9673.252450889804,1.006469370538667,1,1,1,80,3,0.231,9,0,0
1516.79,2688.3068926345904,0.5642182937701351,0,0,0,796,41,0.258,9,1,0
16894.61,19186.00652348368,0.8805692455432585,0,0,0,132,5,0.082,9,0,0
5566.89,6647.559969447931,0.8374329551178583,0,1,0,532,17,0.483,16,0,0
20380.54,12722.102213758692,1.60197927255407,0,0,0,544,18,0.582,9,2,0
4382.84,8736.8107356455,0.5016518923465234,0,0,0,224,6,0.475,10,1,0
13234.01,17353.29381823292,0.7626223893976026,0,0,0,761,25,0.24,11,0,0
37614.31,28529.140823933496,1.3184523323696287,0,0,0,672,22,0.156,6,0,0
18617.62,9660.036561014442,1.9272828881422739,0,0,0,242,10,0.097,9,1,0
32106.21,30807.958510739845,1.042140171298001,0,0,0,407,16,0.031,12,1,0
33170.06,7571.821552233604,4.380724453242975,0,1,1,112,4,0.921,16,1,1
3704.66,4753.703261697352,0.7793205024529414,0,0,1,274,15,0.284,9,1,0
8467.01,16367.74247361544,0.517298409062293,0,0,0,743,61,0.424,9,2,0
15990.87,10939.545034961395,1.4617487675457657,0,0,0,114,4,0.333,13,0,0
13706.84,8510.292521198682,1.610618951921813,0,0,0,179,11,0.199,0,0,0
160757.4,20877.53991113176,7.70001650232167,1,1,1,18,0,0.85,4,3,1
60326.2,18050.625428463565,3.3420560284985497,0,0,0,520,21,0.082,9,2,0
16024.44,16977.946366112636,0.9438382855566012,1,1,1,175,10,0.251,1,0,0
1224.49,2012.705902395209,0.6083786902135598,0,0,0,28,1,0.159,9,0,0
4003.63,3034.135871921426,1.3195275314986212,0,0,0,301,17,0.077,9,0,0
5207.73,2268.6248862819093,2.2955461368258043,0,0,0,481,15,0.083,1,1,0
6720.11,17637.73479814762,0.3810074308644348,0,0,0,777,40,0.507,15,1,0
13728.93,17509.49095438353,0.7840849788395121,0,0,0,177,7,0.203,14,1,0
52104.37,11634.865704055204,4.478295760549896,1,1,1,34,0,0.896,0,3,1
59722.3,22386.176423558332,2.6678204627716546,0,1,0,90,3,0.422,10,1,1
27271.26,2930.1145219988225,9.307232572490733,1,1,1,8,1,0.835,22,4,1
7190.04,10821.726447041443,0.6644078632642431,0,0,0,206,6,0.119,7,1,0
7648.01,9836.82972945333,0.7774874717139634,0,0,0,534,16,0.149,14,0,0
25862.14,26613.045515020593,0.9717843964567073,0,0,0,471,14,0.328,12,1,0
3334.69,2870.3748749007386,1.1617607659982387,0,0,0,517,19,0.522,12,0,0
8389.11,10288.612482972378,0.8153782661325337,0,0,0,639,20,0.333,7,0,0
3130.8,4622.346840488797,0.6773181934444619,1,1,1,528,25,0.304,4,1,0
1638.55,5425.571720463144,0.3020042217847502,0,0,0,252,10,0.255,17,1,0
44012.3,36316.39210019947,1.2119127258314721,0,0,0,422,20,0.251,11,1,0
7246.38,12521.596099779186,0.5787102631262561,0,0,0,83,8,0.269,8,1,0
13713.94,15802.334917668395,0.8678424699512255,0,1,0,33,1,0.323,10,1,0
2250.55,7899.833929772944,0.28488519277524144,0,0,0,677,32,0.103,8,1,0
10680.42,8153.868223704153,1.3098590585680816,0,0,0,445,49,0.62,6,1,0
2220.39,3322.7919166335832,0.6682288487989478,0,0,0,275,8,0.521,12,1,0
3851.46,2353.1058242560757,1.6367542627532086,1,1,1,520,16,0.248,7,1,0
16743.78,18076.763926320295,0.9262596293309832,0,0,0,675,18,0.462,19,0,0
20180.36,8808.515403996313,2.2910056476931113,0,0,0,222,13,0.09,11,1,0
29386.92,31013.292926438484,0.9475588794234218,0,1,0,432,11,0.2,15,4,0
28277.02,35088.3619084774,0.8058802019655837,0,0,0,250,12,0.111,15,1,0
7854.72,4668.075324492111,1.6826457304195044,0,0,0,120,5,0.284,11,1,0
11886.51,13336.546160442793,0.8912737242370584,0,1,0,649,28,0.399,9,2,0
49642.81,50404.960857973485,0.984879530970299,0,0,0,228,7,0.328,15,0,0
26769.46,33932.00546993018,0.7889148975458763,0,0,0,418,12,0.061,8,1,0
59866.64,37432.740364946476,1.5993121127531191,0,0,0,66,2,0.109,16,2,0
11939.77,13797.457158575435,0.8653601897542732,0,0,0,284,20,0.095,15,0,0
3078.21,4504.8361960574275,0.6833120018937356,1,1,1,764,63,0.526,8,2,0
553058.81,63378.955512040004,8.726221581521848,1,1,1,39,1,0.889,4,4,1
2035.08,3236.6836815851248,0.6287558740352868,0,0,0,699,27,0.126,12,4,0
3589.52,6625.283900070157,0.5417918515970049,0,0,0,476,22,0.246,18,2,0
13817.58,7613.594199179831,1.8148559955958272,0,0,0,779,32,0.361,6,0,0
25889.42,22457.145798199064,1.1528365976261703,1,1,1,246,15,0.39,7,1,0
12363.54,11426.793138298244,1.081978155688746,0,0,0,641,33,0.239,12,1,0
25085.23,10255.674101128428,2.445985661464726,0,0,0,352,14,0.358,13,1,0
6527.98,7847.043309357933,0.8319035077183439,0,0,1,619,18,0.181,8,1,0
1055.47,7710.857964850507,0.13688037124276006,1,1,1,2,0,0.56,18,8,1
15616.5,10868.030097209228,1.436920602057195,0,0,0,85,3,0.141,7,3,0
3435.71,2785.6620510359985,1.2333552169117794,0,0,0,65,1,0.354,7,1,0
8744.62,7916.651150905014,1.1045857412872913,0,1,0,171,5,0.407,9,0,0
7887.37,6694.513385478722,1.1781847636708578,1,1,1,164,5,0.118,10,0,0
65829.7,80099.15870245223,0.821852606886565,0,0,0,667,26,0.65,16,0,0
36701.91,14202.189000860388,2.584243492032905,0,1,0,224,7,0.43,12,1,1
2993.22,3272.4774675242934,0.9146661268942796,0,0,0,664,17,0.146,15,0,0
32540.12,19351.8609159353,1.6814983236212486,0,0,0,278,25,0.154,12,1,0
10437.29,11435.717520883647,0.9126923607456691,0,0,0,272,13,0.237,11,0,0
39619.09,20930.957463527022,1.8928464818839497,0,0,0,187,8,0.081,9,1,0
2868.25,2448.062762960203,1.1716390624321555,0,0,0,13,1,0.001,21,0,0
7608.7,5072.943783354574,1.499858953149013,0,0,0,351,10,0.321,7,0,0
30612.73,13589.969787898714,2.2525970301389124,0,0,0,206,12,0.157,16,1,0
27237.74,28507.399424325366,0.9554620961641972,0,0,0,508,25,0.628,9,0,0
20881.0,2989.6737150504846,6.984373353707076,1,1,1,6,0,0.854,0,2,1
2507.05,4658.783402917368,0.538134405640514,0,0,0,521,47,0.079,9,1,0
6263.17,4986.940620669271,1.255914482969148,0,0,0,526,40,0.088,4,0,0
8314.32,13393.724601366515,0.6207621764333926,0,0,0,437,18,0.237,14,0,0
5705.56,4296.590823390901,1.3279261458761473,0,0,0,98,5,0.066,9,0,0
10753.99,4165.000368803559,2.5819900629129373,0,0,0,126,11,0.273,15,3,0
36775.85,20666.2615769593,1.7795117316289006,0,0,0,795,66,0.284,11,1,0
18165.83,21656.037798742767,0.8388345660874188,0,0,0,703,23,0.12,17,0,0
18705.86,18700.58976064027,1.000281914153557,0,0,0,798,53,0.207,3,2,0
11623.21,13719.306331914335,0.8472155408804718,0,0,0,518,57,0.195,13,1,0
10760.27,26323.62113533806,0.4087685870389145,0,0,0,137,4,0.101,8,1,0
36703.53,27658.984924383105,1.3270018819200395,0,0,0,519,20,0.092,11,1,0
30574.74,17450.224312570834,1.7521118330033605,0,0,0,667,26,0.136,9,1,0
1468.03,2051.9291987607703,0.7154389353626359,0,0,0,330,12,0.501,10,1,0
2484.5,5814.318664767818,0.4273070380844341,0,0,0,125,7,0.184,12,0,0
32474.72,18188.819447262118,1.7854221333840963,0,0,0,183,10,0.22,6,0,0
9899.61,5720.328574323696,1.7306021015255653,0,0,0,390,19,0.549,11,0,0
17638.36,16133.318731844885,1.093287608881276,0,0,0,241,26,0.064,13,1,0
15221.03,11739.758484367723,1.2965371295217571,0,0,0,372,14,0.326,4,0,0
2767.97,3338.9299485852443,0.8289987710006412,0,0,0,790,37,0.289,9,0,0
24284.14,20405.581876944085,1.1900734108518218,1,1,1,607,16,0.472,10,1,0
4690.36,5547.049675813283,0.8455588820587614,0,0,0,416,26,0.071,8,0,0
15656.71,16770.245824733156,0.9336007191226703,1,1,1,607,40,0.349,17,1,0
16554.85,5880.620500743831,2.8151534752011447,0,0,0,250,9,0.104,5,0,0
5183.38,12919.854167235344,0.40119465987640257,0,0,0,392,32,0.18,7,1,0
10390.56,8182.940832970512,1.2697828457533957,0,0,0,607,33,0.226,9,1,0
28820.33,32430.632941232427,0.8886762281360989,0,0,0,204,6,0.124,14,3,0
15177.59,8044.615191656951,1.886677095531409,0,0,0,542,13,0.389,16,1,0
2551.49,3484.09779640156,0.7323257479768296,0,0,0,269,9,0.271,15,0,0
42917.53,17269.96116069817,2.4850969884103926,0,0,0,454,18,0.384,16,1,0
13057.1,27726.277323062546,0.47092860522898117,1,1,1,9,0,0.416,0,4,1
4870.73,7555.0564881506225,0.644698575868015,0,0,0,466,17,0.466,17,0,0
33577.24,19305.75934465239,1.7392344290614303,0,1,0,218,7,0.62,16,1,1
6923.41,4627.5593264859945,1.4961262939899016,0,0,0,91,3,0.291,15,2,0
2429.18,2599.408581245162,0.9345133898645576,0,0,0,310,12,0.311,14,1,0
4901.53,6957.201871523629,0.7045257411687336,0,0,0,347,13,0.3,18,1,0
4567.06,2898.0327446221677,1.5759172280858837,0,0,0,795,34,0.261,9,1,0
16484.86,15738.806862672076,1.0474019341096419,1,1,1,758,36,0.125,18,1,0
12446.81,13589.812718823787,0.9158927073589461,1,1,1,340,10,0.317,8,0,0
41184.72,18242.700926306214,2.257600087386275,0,0,0,110,7,0.105,19,1,0
92395.6,62228.687813369965,1.4847749883152663,0,0,0,339,18,0.065,11,1,0
8528.34,8679.643308962653,0.9825679159770608,0,0,0,718,35,0.122,17,3,0
15252.32,14028.639811963918,1.0872271889716154,0,0,0,572,15,0.472,10,1,0
15323.87,20166.49592663665,0.7598676745881146,0,0,0,742,29,0.504,4,0,0
3596.76,3033.2175488685625,1.185791795939181,0,0,0,252,7,0.34,12,1,0
4700.41,11479.973193243668,0.40944399346873894,0,0,0,635,37,0.251,0,3,0
42075.05,30579.01029482522,1.3759453108476363,0,0,0,503,16,0.139,16,1,0
6203.4,4214.245177409944,1.472008331611527,0,0,0,150,18,0.236,16,0,0
8367.05,6734.094663946583,1.2424908888237167,0,1,0,323,24,0.07,11,1,0
3946.95,4535.795566848416,0.8701781041781665,0,0,0,325,12,0.26,5,1,0
19754.27,19154.39820231777,1.0313175516199649,0,0,0,69,7,0.501,10,0,0
14033.35,8325.087755323217,1.6856702588859012,0,0,0,680,42,0.197,10,1,0
29060.14,23060.87465533989,1.260149003346636,0,0,0,715,27,0.239,11,0,0
92580.47,28788.253150554294,3.215911228817653,0,0,0,172,6,0.239,9,0,0
13362.63,15976.132093784587,0.836412173327732,0,0,0,232,7,0.252,9,2,0
2605.19,2489.299550184587,1.0465552873212487,0,0,0,395,17,0.41,9,0,0
14715.31,10804.58027926099,1.3619508551152264,0,0,0,68,4,0.072,10,2,0
38361.56,16632.09763114967,2.306477279011473,0,0,0,407,14,0.099,8,1,0
13818.36,21157.993686464135,0.653103629389551,0,0,0,34,2,0.428,6,0,0
41815.4,37795.75176089376,1.1063518131486847,1,1,1,581,44,0.528,6,0,0
27796.73,25291.645574913648,1.0990480768434705,0,0,0,416,27,0.44,4,0,0
33273.65,27971.688997045618,1.1895472784013839,0,0,0,418,19,0.259,14,2,0
8308.0,7177.352141422316,1.1575296266143351,0,0,0,410,21,0.219,6,0,0
47035.43,26129.544898973858,1.8000861772636112,0,0,0,440,33,0.35,14,1,0
32718.39,15991.74968570971,2.0459541850845087,0,1,0,372,14,0.407,11,0,0
4175.29,4049.9753697052074,1.0309408962755178,0,0,0,410,13,0.292,11,0,0
24377.36,14489.011940003442,1.6824721815552048,1,1,1,438,31,0.364,15,2,0
30927.92,20251.114594342616,1.5272204421916418,0,0,0,267,11,0.46,9,0,0
8681.06,12728.346461496476,0.6820259666758214,0,0,0,374,22,0.113,11,1,0
7766.65,7250.182521616621,1.0712352603821569,0,0,0,53,2,0.452,19,2,0
38107.46,67071.6921775287,0.5681601361262826,1,1,1,13,0,0.593,2,7,1
22047.26,12272.29293635113,1.7965066674533245,1,1,1,327,19,0.033,11,4,0
5189.95,17329.0350232111,0.299494371557797,0,1,0,266,33,0.209,8,0,0
20299.49,17341.923990457406,1.1705444703170513,0,0,0,210,17,0.073,14,0,0
8492.05,10972.586055729815,0.7739331011585636,0,0,0,766,21,0.085,11,0,0
6515.37,9592.429858288002,0.6792200136889772,0,0,0,708,20,0.402,13,1,0
14816.48,3434.41681826568,4.314117092417273,1,1,1,35,1,0.806,4,3,1
5603.33,7872.694884209251,0.7117423964518708,0,0,0,38,3,0.289,8,2,0
38399.85,21335.91764441763,1.799774866073087,0,0,0,443,11,0.608,11,0,0
25789.16,47767.43502409769,0.5398900749773765,0,0,0,726,25,0.256,18,1,0
6224.81,9775.473108296737,0.6367779315584348,0,0,0,716,42,0.558,6,6,0
695.94,2822.3346966633085,0.24658231433286024,1,1,1,12,0,0.532,5,4,1
5978.38,6853.967918561296,0.8722513157092987,0,0,0,292,19,0.513,6,3,0
23589.62,23392.480745778714,1.008427272325521,0,0,0,243,24,0.05,10,3,0
18567.66,14441.974359550668,1.2856732329771796,0,0,0,763,26,0.351,9,1,0
3895.08,4612.325038911902,0.8444947090894065,0,0,0,537,21,0.122,7,3,0
27845.73,39689.44225834044,0.7015902977498278,0,0,0,617,30,0.255,8,0,0
5188.55,4357.078527561207,1.1908328332445142,0,0,0,649,20,0.384,10,0,0
15461.16,23116.032969182408,0.6688499851026295,0,0,0,401,10,0.214,3,0,0
19683.59,26397.80225703025,0.7456527522846886,0,0,1,467,12,0.489,15,1,0
21016.16,18707.530588933703,1.1234066519723722,1,1,1,398,11,0.092,12,1,0
25115.09,12114.7659088292,2.073097435618864,0,0,0,407,11,0.056,9,0,0
12079.45,24506.195402786212,0.4929142632377781,0,0,0,560,17,0.18,15,1,0
21466.75,23445.193437447364,0.9156139468010636,0,0,0,338,42,0.447,13,2,0
21376.02,26648.748636737695,0.8021395461477927,0,0,0,397,30,0.281,16,0,0
4334.91,11552.774377918073,0.37522711341252574,0,1,0,180,13,0.179,14,1,0
3477.21,2352.463442357493,1.4781143061625754,1,1,1,11,1,0.438,14,1,0
5298.83,7930.849317965069,0.6681285281450304,1,1,1,245,9,0.507,9,2,0
26874.01,23499.819204466592,1.1435837791817272,1,1,1,735,31,0.248,18,0,0
6095.05,10205.462493204404,0.5972342239495051,0,0,0,214,7,0.26,10,0,0
13216.06,4172.094773989094,3.1677276358886326,0,0,0,220,7,0.436,15,2,0
6468.69,13855.620582684362,0.4668641784978541,1,1,1,2,0,0.484,21,7,1
33345.19,34079.30441845802,0.9784587322723245,0,0,0,457,32,0.022,10,4,0
28605.99,35981.15096798055,0.7950270290464206,0,0,0,428,30,0.193,12,2,0
3756.37,4747.128996375981,0.7912934511712574,0,0,0,94,3,0.037,16,0,0
7742.57,8918.478859675757,0.8681494890184357,0,0,0,404,20,0.24,19,0,0
47710.97,44584.14807235799,1.0701329895127547,0,0,0,195,7,0.191,7,1,0
12151.94,27419.379816567296,0.44318801177624584,0,0,0,692,76,0.168,3,1,0
27734.84,43368.44267331754,0.6395165345148353,0,0,0,319,31,0.067,16,2,0
4913.58,3807.8825668803097,1.2903707678455827,0,0,0,799,88,0.214,15,1,0
11924.8,15883.518484475198,0.7507658017089835,0,0,0,267,20,0.039,16,1,0
14552.37,6436.424506444845,2.260940566307916,0,0,0,198,7,0.108,12,0,0
23632.38,18110.539278600896,1.3048966536754663,0,0,0,258,12,0.239,1,1,0
42026.37,27568.07507712659,1.5244580303382191,0,0,0,138,17,0.198,0,1,0
9736.96,13276.360540285717,0.7334056179665717,0,0,0,589,28,0.473,14,3,0
30775.63,15421.283257241055,1.9956592590776163,0,1,0,501,31,0.076,7,1,0
17770.84,16511.52124727034,1.076269376412633,0,0,0,273,10,0.272,9,0,0
16899.41,16566.580871549202,1.0200906312840745,0,0,0,172,19,0.132,10,0,0
18383.69,5863.777256111251,3.135127315781345,0,0,0,300,10,0.508,14,1,0
27928.77,14493.57275478743,1.9269758881728654,0,0,0,555,32,0.496,2,1,0
43405.05,28846.390809074568,1.504696009886392,0,0,0,492,18,0.192,14,1,0
25951.53,21437.81436321951,1.2105493384782855,0,0,0,44,1,0.047,12,0,0
42060.94,25146.909994149904,1.6726085693364898,0,0,0,101,4,0.462,14,3,0
8036.61,12313.821731311837,0.6526493178274193,0,0,0,279,9,0.477,17,2,0
17970.66,9308.945206580634,1.9304718552073676,0,0,0,183,6,0.457,11,3,0
10568.18,7000.541294340184,1.5096231476519357,0,0,0,425,17,0.44,10,0,0
11662.25,6895.053145748084,1.6913938425031163,0,0,0,259,8,0.184,12,0,0
46702.67,36721.964872217046,1.2717910945695114,0,0,0,351,13,0.359,12,1,0
9704.15,8066.791946818109,1.202974586145468,0,0,0,784,87,0.048,6,1,0
2606.94,2524.667344363619,1.0325887163818825,0,0,0,680,52,0.187,15,0,0
6739.01,20738.481096266358,0.32495196836179097,1,1,1,27,0,0.35,3,8,1
8647.9,11175.574615633139,0.7738214146126621,0,0,0,487,22,0.258,14,1,0
25255.28,16416.112599144675,1.538444585030923,0,0,0,107,4,0.187,9,1,0
11993.33,5917.748688425703,2.026671874010281,0,0,0,33,1,0.137,17,1,0
5848.99,9738.339621190009,0.6006150324703915,0,0,0,413,11,0.295,10,1,0
11365.43,11881.366984571809,0.956575716311803,0,0,0,358,15,0.285,10,2,0
1316.39,2542.4082610785003,0.5177741608614608,0,0,0,573,63,0.289,17,2,0
33101.1,36609.89593239066,0.9041570497327304,0,0,0,143,5,0.496,8,1,0
1254.96,3180.0362035644357,0.39463560242712536,0,0,0,372,14,0.361,7,1,0
22440.07,26313.100529167474,0.8528098915284061,0,0,0,317,10,0.141,12,0,0
6981.17,7252.767634782639,0.9625520425843149,0,0,0,292,12,0.344,10,1,0
29747.09,25141.66198334507,1.1831791628260733,0,0,0,569,31,0.221,11,2,0
4230.47,2970.2968056842265,1.4242596784372228,0,0,0,479,31,0.135,7,1,0
25944.56,29810.499036133744,0.8703160332627399,0,0,0,503,31,0.661,14,1,0
35541.42,26480.832586697918,1.3421563391649192,0,0,0,623,31,0.419,12,0,0
49275.77,36783.334781995494,1.3396221621947937,0,1,0,657,31,0.395,9,2,0
3747.98,4627.658464654793,0.8099089917986522,0,0,0,769,48,0.362,11,1,0
4358.29,3587.964700459397,1.2146973173542732,0,0,0,754,26,0.048,21,0,0
33031.0,33051.00775402869,0.9993947636585946,0,0,0,393,17,0.503,6,2,0
7744.26,4457.172382670584,1.7374825523267798,0,0,0,702,28,0.552,0,0,0
6524.78,12391.43238708482,0.5265561021915347,1,1,1,249,20,0.465,11,0,0
3633.3,5482.167980832501,0.66274945649034,0,0,0,448,14,0.199,12,0,0
6766.46,4989.604627274799,1.3561115794993603,0,0,0,380,34,0.579,18,1,0
7034.81,6162.343156214015,1.1415797247411281,0,0,0,47,1,0.104,11,1,0
21581.22,16411.07879507895,1.315039391568992,0,1,0,175,5,0.593,17,1,1
7604.08,8112.71192631083,0.9373037347009691,0,0,0,775,29,0.066,15,1,0
18433.8,14373.378016579016,1.2824960147894569,0,0,0,43,1,0.238,7,1,0
6606.51,18276.453263866457,0.3614763298392626,0,0,0,423,14,0.027,11,1,0
35048.18,28795.59879084343,1.2171366609644512,0,0,0,69,4,0.147,14,1,0
6381.24,7228.47236104063,0.8827926618574391,0,0,0,200,9,0.307,10,0,0
45216.46,11088.232626594627,4.0778782233813,0,1,1,189,7,0.937,0,3,1
6501.55,3908.395405127298,1.6634826030169334,0,1,0,691,20,0.262,8,0,0
7909.23,18152.609264746832,0.4357074722689183,1,1,1,437,11,0.22,9,1,0
1976.37,2889.687163947917,0.6839389384948085,0,0,0,149,8,0.182,19,2,0
48025.5,104495.71137292402,0.45959303107046034,0,0,0,154,6,0.499,10,0,0
37477.12,23064.54136250079,1.6248804220043698,0,0,0,768,19,0.336,16,2,0
6751.87,5201.17380151977,1.298143303559602,0,0,0,88,5,0.225,11,1,0
15668.6,17399.026516779755,0.90054451938447,0,0,0,176,6,0.221,5,1,0
6357.96,9464.496212826343,0.6717697704952105,0,0,0,301,11,0.21,12,2,0
2756.75,4799.128813320038,0.5744270746393738,0,0,0,499,16,0.297,7,0,0
6589.98,5448.035144253783,1.2096069607791893,0,0,0,252,15,0.002,7,1,0
13242.67,11766.93527698026,1.1254134629154653,0,0,0,330,13,0.281,11,1,0
3866.05,4467.369288285605,0.865396451213664,0,0,0,557,30,0.084,10,0,0
29388.65,18011.95173644959,1.6316195556746262,0,0,0,21,1,0.001,10,2,0
31918.44,49180.996596558194,0.6489995363475608,0,0,0,772,55,0.384,6,1,0
5885.96,6098.827747647283,0.9650975790038082,0,0,0,62,2,0.105,8,1,0
422.62,3638.4861763559347,0.11615170170378968,1,1,1,18,0,0.324,22,4,1
6445.71,13238.868447285577,0.4868777562105416,0,0,0,507,18,0.229,8,2,0
5285.33,10331.761043643113,0.5115609864672941,0,0,0,778,59,0.095,16,2,0
9676.9,7116.541394519115,1.3597759470858342,0,0,0,228,6,0.209,16,0,0
1745.82,2003.1139569914208,0.8715527460746141,0,0,0,332,23,0.554,10,0,0
6247.76,8287.001030989883,0.7539232883729279,0,0,0,559,69,0.565,14,0,0
37265.97,30934.726001474755,1.2046646421802603,0,0,0,228,9,0.157,11,3,0
8247.96,9340.381813420561,0.88304277930562,0,0,0,70,2,0.455,12,1,0
5408.69,8658.69955508093,0.6246536642919053,0,0,0,414,21,0.242,11,2,0
12428.29,8456.944029929517,1.469595823047428,0,0,0,203,13,0.051,6,1,0
24731.46,31053.82533863877,0.7964061707131448,0,0,1,553,14,0.182,12,0,0
10865.51,8596.736942353431,1.2639113623599862,0,0,0,546,20,0.126,11,1,0
71485.87,16498.16080277684,4.332959701171229,0,1,1,458,18,0.913,9,2,1
23217.53,27960.423989243438,0.830370996357373,1,1,1,234,6,0.444,14,1,0
6550.03,2721.3480992737927,2.406904639339813,1,1,1,263,7,0.272,9,0,0
74423.05,13269.196527289563,5.608708469156243,1,1,1,16,1,0.854,3,3,1
11515.69,6276.036057535519,1.834866696878903,0,0,0,220,6,0.438,19,0,0
17673.38,14202.125513680225,1.2444179067924352,1,1,1,629,44,0.347,10,1,0
7632.45,7094.944515859543,1.0757586923318883,1,1,1,598,22,0.394,5,1,0
3737.72,4738.1452443137505,0.7888581649083469,0,0,0,347,9,0.264,14,1,0
66144.01,42962.62708768422,1.539570980344573,0,0,0,58,1,0.381,17,2,0
2363.25,3008.804598207293,0.7854448593219727,1,1,1,477,15,0.343,7,0,0
3953.84,3200.647531076803,1.2353239995192984,0,0,0,622,18,0.069,12,1,0
12849.01,7276.240811471812,1.7658860314505043,0,0,0,60,1,0.191,16,4,0
13918.22,22949.04150819393,0.6064835410949551,0,0,0,696,17,0.12,5,1,0
1902.36,5730.839961059262,0.3319511215814479,0,0,0,402,13,0.23,16,2,0
26048.46,18941.14301726273,1.3752317457789942,0,0,0,273,24,0.136,11,0,0
5104.65,7425.915637647427,0.6874099293950464,0,0,0,368,11,0.162,7,0,0
3310.22,11031.1199604891,0.30008038112243723,0,0,0,245,17,0.44,10,1,0
41005.87,16564.699733879046,2.475497530215173,0,1,0,170,5,0.652,14,1,1
51896.91,42256.06776783123,1.2281528666336567,0,0,0,495,15,0.837,13,0,0
3512.21,3566.649404358065,0.9847351652231178,1,1,1,340,28,0.289,9,0,0
1752.81,2585.336163516912,0.677982640976633,0,0,0,654,19,0.082,18,1,0
9646.12,6318.306067150231,1.5266937390205206,0,0,0,588,17,0.442,10,0,0
9534.4,18140.328975940734,0.525591087266827,1,1,1,12,0,0.465,9,8,1
13670.58,15487.336591926514,0.8826938720518226,0,0,0,127,5,0.254,9,1,0
17680.26,31200.62989000204,0.5666634037804745,0,0,0,124,13,0.443,15,0,0
2108.57,2042.8370178153377,1.0321795345273477,0,0,0,418,11,0.253,9,2,0
9132.42,12112.1335080427,0.7539894103714551,0,1,0,503,13,0.318,13,0,0
13136.42,11045.824391608447,1.189265767019967,0,0,0,439,19,0.274,7,1,0
11141.68,10518.728595774652,1.0592229769105659,0,0,0,473,14,0.23,9,1,0
21789.5,10693.504340236199,2.0376389207226615,0,0,0,157,7,0.126,8,0,0
39116.37,19275.06129599434,2.0293771400118596,0,0,0,471,52,0.211,8,1,0
14394.19,8843.329694979782,1.6276886398585277,0,0,0,301,7,0.353,11,1,0
2088.07,2307.016789495069,0.9050964003125379,0,0,0,473,27,0.155,7,0,0
5864.21,4138.900222601932,1.416851059925748,0,0,0,140,7,0.213,10,3,0
7613.5,4754.908955564939,1.6011879985285962,0,0,0,257,10,0.064,15,1,0
14202.99,25254.201454637034,0.5624012127145165,0,0,0,787,60,0.064,15,0,0
47740.59,44048.69849905282,1.0838137731640725,0,0,0,535,13,0.249,11,2,0
34506.45,11840.041940108664,2.9143854764857706,0,0,0,492,17,0.172,12,2,0
78198.79,63988.73319623591,1.2220712631576267,0,0,0,682,24,0.221,11,3,0
47832.67,39129.775964937995,1.2224110682063347,0,0,0,499,22,0.322,12,1,0
8939.69,11724.231060519563,0.762496881100938,0,0,0,696,19,0.301,11,3,0
20994.23,50240.6954534921,0.4178730353927559,0,0,0,108,4,0.262,11,0,0
22877.57,18694.0557851761,1.2237887046758396,0,0,0,524,13,0.153,11,1,0
4882.41,4818.066173754754,1.013355511153983,0,0,0,702,18,0.486,9,1,0
14297.37,22221.625578989097,0.6433987765022974,0,0,0,581,36,0.161,11,0,0
5158.35,4852.27745560573,1.063079093073416,0,0,0,449,14,0.333,9,2,0
11579.36,22920.2119437552,0.5052029222495183,0,0,0,248,7,0.413,15,0,0
19262.26,14579.695879991019,1.3211700260234052,0,0,1,656,16,0.343,12,1,0
2494.01,3494.944962313833,0.7136047151610695,1,1,1,2,0,0.549,8,8,1
9382.95,8917.219207264698,1.0522286166952366,0,0,0,28,1,0.057,14,1,0
8906.89,22010.76978541002,0.4046603459784953,0,0,0,774,26,0.39,7,0,0
10397.42,9595.852336069845,1.0835331917100524,0,0,0,417,14,0.363,12,0,0
3169.38,2793.7802257705544,1.1344410881015656,0,0,0,374,12,0.338,14,0,0
10224.93,12463.371222292073,0.8203982927358479,1,1,1,222,8,0.084,17,0,0
8064.62,6033.898387762352,1.3365514783522034,0,0,0,654,38,0.292,11,1,0
31039.43,5955.565263398665,5.211835598083249,1,1,1,18,0,0.817,4,2,1
12932.15,19483.997728904313,0.6637318857479393,0,0,0,492,25,0.3,8,0,0
9391.24,7651.459538204854,1.2273792745374217,0,0,0,666,22,0.227,7,1,0
43284.84,34231.625547523,1.2644693893742633,0,0,0,337,21,0.439,10,1,0
6299.58,2565.382450704996,2.4556094009393066,0,0,0,261,10,0.359,17,0,0
5815.8,6296.976413993012,0.9235861321801815,0,0,0,692,53,0.169,12,1,0
4627.73,2551.490796472469,1.813733763706786,1,1,1,349,12,0.494,13,2,0
10733.89,9264.977308352081,1.1585443517630816,0,0,0,215,16,0.466,7,3,0
26193.58,25343.81542365889,1.033529307173043,0,0,0,230,15,0.112,11,1,0
3645.32,2925.5629276184773,1.2460237731816184,0,1,0,225,7,0.555,10,1,1
4099.07,5719.220166542043,0.7167179024738353,0,0,0,715,35,0.36,17,0,0
23460.46,11229.244346316671,2.089229033565031,0,0,0,511,15,0.373,20,0,0
23637.77,17955.761686078557,1.3164450537934314,0,0,0,540,14,0.308,16,3,0
5821.01,6854.952983671339,0.8491687246578304,0,0,0,111,5,0.073,11,0,0
8019.04,3834.4881140500406,2.0912924169966454,1,1,1,315,9,0.138,10,1,0
50632.55,74076.92750998157,0.6835130956547506,0,0,0,792,46,0.29,18,1,0
18189.36,10044.953055632202,1.8107962731040423,0,0,0,71,2,0.157,7,1,0
33905.51,4649.732749311176,7.29192707167675,1,1,1,58,1,0.925,23,2,1
7248.97,5444.817704391691,1.3313514804959574,0,0,0,334,9,0.383,10,1,0
22417.13,29074.042799714207,0.7710359855543046,0,0,0,95,6,0.245,11,0,0
8429.82,4334.921699889657,1.944629884913795,0,0,0,335,25,0.245,8,1,0
36076.5,28761.71526480077,1.2543236410792915,0,0,0,628,36,0.117,10,1,0
16770.23,14954.957201548628,1.1213827473703413,0,0,0,294,8,0.271,11,0,0
17340.42,17627.687511516204,0.9837035856266871,0,0,0,553,22,0.23,8,0,0
34672.92,44931.88348149317,0.771677381559202,0,0,0,311,28,0.114,9,0,0
7370.97,16191.102319397562,0.4552484002142755,0,0,0,157,8,0.339,6,0,0
8620.86,4792.334759360045,1.7988848159761197,0,0,0,539,19,0.244,10,1,0
2613.44,2273.3682450656524,1.1495893170889468,0,0,0,696,38,0.248,6,2,0
37792.48,25410.35485203268,1.487286632667306,0,0,0,226,17,0.119,11,1,0
2614.17,8084.504741149709,0.3233556736807286,1,1,1,1,0,0.347,22,8,1
25153.78,23015.335579636878,1.0929138552145596,0,0,0,164,7,0.268,18,0,0
72113.87,43473.85713051086,1.6587870300985355,0,0,0,325,15,0.291,2,1,0
69756.96,59534.119625325155,1.171713999809248,0,0,0,485,21,0.182,9,1,0
26701.08,23333.477075194463,1.1443249774480884,0,0,0,253,7,0.301,13,1,0
8663.21,7895.513362064802,1.0972324663332387,0,0,0,138,17,0.049,8,0,0
10800.1,8474.497237339514,1.2744233683990653,0,0,0,119,11,0.591,11,1,0
4848.04,5560.294274370723,0.871904004356499,0,0,0,329,16,0.173,5,1,0
58124.62,22065.911736927992,2.6341361355802246,0,0,0,377,10,0.193,9,3,0
5867.59,10251.432803182517,0.5723675623363234,0,0,0,477,17,0.228,8,2,0
54558.0,46696.9657498152,1.168341379130239,0,0,0,237,29,0.12,10,0,0
5804.5,9135.217580605738,0.6353984971433806,0,0,0,714,31,0.521,9,1,0
27825.85,22533.418134734915,1.2348701642074529,0,0,0,707,20,0.271,8,1,0
20738.03,14855.085521778254,1.3960225202258614,0,0,0,334,15,0.032,8,2,0
38014.9,25431.567085885188,1.4947919008164818,0,0,0,714,25,0.077,18,0,0
8180.67,9438.334471874574,0.8667492286837343,0,0,0,669,19,0.081,10,0,0
31603.69,69169.68435826384,0.45690093336374366,0,0,0,720,23,0.207,9,0,0
33993.17,14408.949261046675,2.35917075819318,0,1,0,66,2,0.464,18,1,1
6947.17,9593.188194460343,0.7241778325832415,0,0,0,408,10,0.214,16,0,0
15873.39,11518.074824883308,1.3781284186305154,0,0,0,130,3,0.115,9,2,0
31553.83,15167.07075341586,2.08041677187505,0,0,0,380,42,0.152,8,2,0
5023.75,8894.941769519894,0.5647873493688674,0,0,1,664,27,0.288,8,1,0
24834.66,16998.529516567378,1.4609886388488866,0,0,0,520,16,0.274,11,0,0
7339.19,12172.809108393698,0.6029164979866214,0,0,0,147,3,0.154,8,2,0
6996.27,13241.274440963902,0.528368231444532,0,0,0,513,14,0.161,12,2,0
10731.93,6055.289077724461,1.7723225849651747,0,0,0,607,35,0.345,10,0,0
25042.96,22712.328294066738,1.1026153668718577,0,0,0,378,12,0.357,11,1,0
14373.34,11391.903606123175,1.2617152131178666,0,0,0,175,4,0.452,6,1,0
6244.96,10535.691121508044,0.5927433236161553,0,0,0,134,9,0.163,10,1,0
17111.17,13097.9102757241,1.3064047837834667,0,0,0,391,15,0.349,15,0,0
21603.06,14244.354306974836,1.5166049880346935,0,0,0,36,1,0.633,14,0,0
5417.85,5533.324036870871,0.9791314302549102,0,0,0,635,21,0.101,8,1,0
35840.1,24111.29389888765,1.486444546184606,0,0,0,545,54,0.202,10,0,0
41623.79,36983.528358184405,1.1254683595012465,0,0,0,241,13,0.451,11,0,0
2209.28,3345.135960069174,0.6604450769340708,0,0,0,175,14,0.301,12,0,0
1788.28,4585.648141102267,0.389972775336678,0,0,0,745,37,0.627,11,1,0
30299.98,19294.431620988278,1.5704000368296696,0,0,0,478,17,0.232,17,0,0
116528.49,21079.32326288554,5.528094654556163,0,1,1,285,11,0.964,17,3,1
11994.01,9270.308116025206,1.2938094748181443,0,0,0,108,6,0.167,10,2,0
25468.89,28548.99575485508,0.8921117189792254,0,0,0,562,33,0.28,12,1,0
25668.47,18057.866908571443,1.4214566063710714,0,0,0,247,13,0.01,10,1,0
96017.98,12694.263241849812,7.563887223958048,0,1,1,386,15,0.896,2,2,1
17139.4,27864.96165713465,0.6150879453329567,0,0,0,274,15,0.19,15,2,0
3284.75,2822.0592536774357,1.1639552410347134,0,0,0,49,1,0.316,17,3,0
7330.92,4465.350802574067,1.6417348168993824,0,0,0,440,40,0.295,16,0,0
6011.39,7417.20124412431,0.8104666973305552,0,0,0,259,17,0.101,8,0,0
19933.26,17996.31451404396,1.1076303753897752,0,0,0,231,10,0.128,15,0,0
22819.81,17025.887030447506,1.340301052345997,0,0,0,145,6,0.154,9,1,0
4093.62,3624.0548864620023,1.1295700112459752,0,1,0,117,3,0.198,0,1,0
2156.37,2414.306356726797,0.8931617248378971,0,0,0,409,25,0.146,11,0,0
4672.18,7272.615827370072,0.6424342570726923,0,0,0,249,14,0.086,9,1,0
14425.61,10819.262322375569,1.3333268287393807,1,1,1,194,8,0.393,7,0,0
10546.75,21835.631309782275,0.4830066147903469,0,0,0,197,8,0.4,11,1,0
2551.4,4884.817042876713,0.5223130978838164,0,1,0,639,53,0.272,15,2,0
19228.76,30801.760823401764,0.6242748370636667,0,0,0,137,3,0.194,7,0,0
15627.42,17401.75448871758,0.8980370044999685,0,1,0,421,11,0.487,17,2,0
2879.29,2221.2439679471972,1.2962515046120586,0,0,0,292,8,0.345,14,1,0
55441.81,7973.473468014704,6.953281610285249,0,1,1,172,6,0.849,13,2,1
16087.04,10128.095030647773,1.5883582900587254,0,0,0,684,52,0.424,11,0,0
45614.8,50361.92016762678,0.9057399558096969,1,1,1,487,48,0.507,10,1,0
11734.11,11111.964699442924,1.0559885155140665,0,0,0,766,40,0.291,12,1,0
1805.94,2057.3065392603667,0.8778156421827598,0,0,0,495,26,0.188,10,2,0
37154.06,27175.931767473085,1.3671677245091507,0,0,0,192,10,0.618,7,1,0
2375.99,3724.4869550902667,0.6379372483064836,0,0,0,375,10,0.064,12,0,0
8940.35,12346.757090776971,0.7241055191153855,0,0,0,280,9,0.107,9,1,0
7339.96,5453.290250939326,1.3459682376249391,0,0,0,604,37,0.218,9,0,0
21400.88,16633.52617053953,1.286611093425725,0,0,0,572,44,0.174,13,0,0
45985.56,62759.26338912449,0.732729415412428,0,1,0,124,4,0.699,10,2,0
70477.09,48889.62733757394,1.4415549978540616,1,1,1,153,6,0.136,10,1,0
37307.05,35359.00486371947,1.0550932262644466,0,0,0,576,27,0.42,3,0,0
21560.71,7584.862315152725,2.842596907863847,0,1,0,105,3,0.462,15,1,1
11455.18,4386.962116755217,2.611188379165755,0,1,0,120,7,0.217,10,1,0
19870.56,16501.10090880411,1.2041962792491334,1,1,1,787,21,0.064,17,0,0
10018.66,9314.851854676675,1.0755578141168523,0,0,0,757,26,0.241,9,0,0
12611.27,19372.686240522766,0.6509818331376923,0,0,0,67,1,0.165,0,2,0
2200.93,3927.820369132615,0.5603440921038856,0,0,0,697,24,0.328,9,0,0
1592.88,2109.0262327687356,0.755267089349369,0,0,0,549,49,0.122,8,0,0
9394.34,17653.68372027357,0.5321462131273356,0,0,0,342,38,0.368,14,3,0
8275.48,6195.800072850068,1.3356599534547031,0,0,0,191,6,0.212,9,1,0
4113.97,2132.0567672270063,1.9295795831752194,0,0,0,152,5,0.335,11,0,0
15401.22,10366.490426951657,1.4856736581305818,0,0,0,24,1,0.271,9,2,0
7710.75,7188.811337448563,1.0726039948943735,0,0,0,629,24,0.043,16,1,0
32096.93,20744.077400877275,1.5472814495901213,0,0,0,649,81,0.115,17,2,0
1250.59,2545.9141081363405,0.49121465491006966,0,0,0,395,11,0.543,12,0,0
37916.61,36639.54877978624,1.0348545945355627,0,1,0,198,6,0.838,14,1,1
21031.58,18794.49809538981,1.1190284939664619,0,0,0,746,21,0.56,6,1,0
1673.8,2832.4575702459038,0.5909368552600277,0,0,0,402,17,0.216,8,2,0
9036.62,17141.204597644508,0.527187214792089,0,0,0,633,37,0.146,9,0,0
14214.94,18182.88186307418,0.7817761549644334,0,0,0,206,7,0.49,10,2,0
23753.34,17344.92795606774,1.3694690406759737,0,0,0,31,1,0.15,1,1,0
27760.26,27947.780207019696,0.9932902766977604,0,0,0,331,16,0.236,13,5,0
81698.98,58004.263272147036,1.408499532016343,0,0,0,576,15,0.2,15,1,0
7257.75,13046.159149902622,0.5563128149148667,0,1,0,148,4,0.33,14,2,0
7664.08,17950.888616401076,0.4269472277780962,0,0,0,276,7,0.261,12,0,0
2992.41,2446.255780367673,1.2232602386897267,0,0,0,241,17,0.411,13,1,0
83231.86,64226.51008973473,1.2959112194889406,0,0,0,253,19,0.407,11,0,0
6998.3,15982.692173993653,0.43786731737702766,0,0,1,359,11,0.184,18,1,0
8143.9,7215.338421995233,1.1286926557855508,0,0,0,112,4,0.22,14,0,0
3311.2,7940.348796042164,0.4170087918483866,0,0,0,409,31,0.241,15,0,0
3006.87,6449.150753104279,0.4662428207344999,1,1,1,305,12,0.152,9,0,0
2224.91,3209.5157858757157,0.6932233502921141,0,0,0,118,3,0.352,12,1,0
21024.06,21196.114302716393,0.9918825364759274,0,0,0,469,21,0.031,11,4,0
5118.82,5466.266414027161,0.9364381095533892,0,0,1,269,15,0.191,20,0,0
16991.03,20463.92807326218,0.8302918748943083,0,0,0,433,43,0.437,9,0,0
48344.78,24434.524213562712,1.9785439063291694,0,0,0,483,13,0.125,5,0,0
9767.83,24456.542109896192,0.3993952066054294,0,0,0,145,4,0.185,8,0,0
23513.04,15430.317600031522,1.5238209392314814,0,0,0,248,8,0.08,10,0,0
19624.97,20499.174706069603,0.9573541880264504,1,1,1,454,14,0.547,10,1,0
19898.55,14827.2751123374,1.3420231544819152,0,0,0,120,8,0.292,8,2,0
5367.74,3474.9928232460625,1.5446765510625249,0,0,0,246,6,0.376,8,3,0
5275.09,6995.432847041823,0.7540766852856624,0,0,0,34,4,0.502,9,1,0
30486.46,23693.46816177993,1.2867031070956703,0,0,0,796,24,0.612,8,1,0
18540.15,15000.093359777828,1.2360022189689257,0,0,0,199,14,0.299,7,3,0
2547.55,3459.2053168293382,0.7364562240921907,1,1,1,300,15,0.159,11,1,0
4466.07,4507.588871878743,0.9907881948781823,0,0,0,404,21,0.229,8,1,0
5400.9,4030.7950522740034,1.3399089140811926,0,0,0,675,30,0.16,17,0,0
42036.16,25273.384899335553,1.6632581136793347,0,0,0,654,29,0.18,15,1,0
21518.9,40700.07645024698,0.5287187950663332,0,0,0,785,29,0.018,11,0,0
7407.9,10948.076017128487,0.6766394567493912,0,0,0,214,6,0.119,5,0,0
12756.73,12135.061156693519,1.0512289963948078,0,0,0,594,21,0.375,14,1,0
8064.75,20469.32814165756,0.39399169199774486,0,0,0,163,10,0.13,11,1,0
5334.41,13144.570654284122,0.4058257974102126,0,0,0,107,7,0.292,14,2,0
3348.07,4603.222405334376,0.7273327940408789,0,0,0,183,15,0.245,10,1,0
23572.68,21144.90401288499,1.114816288263829,0,0,0,606,40,0.095,13,0,0
96705.98,58764.74365125654,1.6456462290689782,0,0,0,773,48,0.088,11,1,0
42832.06,26671.30265639834,1.605923207491087,0,0,0,426,12,0.155,12,1,0
105900.87,13138.530587289199,8.060328495290197,0,1,1,237,9,0.828,8,1,1
19526.91,19515.276992525913,1.000596147933749,0,0,0,710,27,0.319,10,2,0
53165.36,18460.41802844737,2.879965314871266,0,0,0,748,19,0.104,17,0,0
4858.66,4247.748558484498,1.1438189157406866,0,0,0,746,28,0.529,7,0,0
9640.37,12755.747604497923,0.7557665869182779,0,0,0,599,15,0.371,10,0,0
9928.49,10462.774780019201,0.9489351350993149,0,0,0,692,86,0.337,7,0,0
18670.86,22968.028714292795,0.8129065502602066,0,0,0,191,12,0.588,7,1,0
5446.03,4881.0604913347215,1.1157468338271999,0,0,0,106,2,0.041,15,1,0
5925.55,9160.48390088203,0.646859746746223,0,0,0,161,8,0.12,8,1,0
17117.28,28214.76743360211,0.6066780361622612,0,0,0,157,14,0.14,14,0,0
9664.43,7233.11691039486,1.3361365657757178,0,0,0,510,13,0.571,11,1,0
16145.29,14739.70132592689,1.0953605963012694,0,0,0,437,12,0.211,11,0,0
19382.93,21754.59477251418,0.890980887248056,0,0,0,739,41,0.56,12,1,0
23016.9,15534.85394715489,1.4816294184946541,0,0,0,266,11,0.412,4,0,0
70398.17,11381.915898146479,6.185089982272705,1,1,1,55,1,0.885,23,4,1
3738.38,2324.018911577075,1.6085831298187385,0,0,0,12,1,0.383,11,0,0
3156.55,3174.4624822999644,0.9943582953358856,0,0,0,771,35,0.286,15,0,0
22372.94,16266.34904715661,1.3754125982266197,0,0,0,319,15,0.456,18,2,0
41782.59,41115.83718763099,1.0162163795576586,0,0,0,535,20,0.521,6,1,0
73773.24,22966.66441236249,3.212187797366215,0,0,0,432,27,0.361,14,0,0
5509.43,4020.0637806826,1.3704840308752686,0,0,0,222,10,0.405,9,1,0
16193.87,30365.98716933536,0.5332897083349489,0,0,0,159,6,0.25,10,1,0
8356.12,7144.50246355015,1.1695875609313802,0,0,0,466,18,0.36,12,2,0
9102.35,8143.771962366361,1.1177074373380818,1,1,1,568,22,0.119,12,1,0
10671.75,6690.646978183348,1.5950256449132763,0,0,0,69,4,0.127,9,1,0
10563.33,11483.818232118876,0.9198446387465488,0,0,0,24,2,0.145,10,0,0
5680.79,3265.4938301644506,1.7396428344377983,1,1,1,50,1,0.173,2,1,0
9650.96,11007.097019553285,0.8767946783968096,0,0,0,566,62,0.206,13,2,0
10640.88,9650.767869843634,1.1025941322373318,0,0,0,493,14,0.123,12,0,0
3804.04,4340.209797715066,0.8764641145695232,0,0,0,758,21,0.199,13,1,0
27930.74,28972.3647231119,0.9640475994790475,0,0,0,403,10,0.225,15,0,0
5299.46,4340.881068009736,1.220825904400933,0,0,0,708,18,0.145,7,0,0
49658.92,36119.1121555123,1.3748655848797515,0,0,0,380,16,0.316,6,1,0
68519.13,26620.85856788771,2.5738887015893277,0,0,0,764,44,0.591,10,1,0
25520.48,21530.018383893,1.1853440409093479,0,0,0,409,21,0.174,11,0,0
34301.67,22590.18941065271,1.518432088864039,0,0,0,511,18,0.323,15,1,0
4133.15,4337.723987356132,0.952838689343575,0,0,0,797,36,0.074,9,1,0
15520.88,15101.938086367596,1.0277409198211487,0,0,0,481,19,0.644,19,0,0
8939.05,5370.294762442858,1.664535757235672,0,1,0,717,18,0.408,15,0,0
3617.34,5384.2936175781515,0.6718310115496006,0,0,0,296,14,0.009,8,0,0
6595.21,3192.117064851651,2.0660935304406025,0,0,0,19,1,0.743,16,1,0
3161.53,3864.9306975403297,0.8180036450387028,1,1,1,496,33,0.164,6,0,0
12086.65,17913.177806382188,0.6747349469025469,1,1,1,24,0,0.382,6,4,1
8028.82,8190.793091684145,0.9802246731265205,0,0,0,680,28,0.191,3,1,0
10395.34,14713.198243497694,0.7065317959114299,0,0,0,301,8,0.147,15,0,0
26112.17,49885.12546634267,0.5234460006245183,1,1,1,13,0,0.431,19,6,1
19660.79,16400.16607196757,1.1988167272146448,0,0,0,774,48,0.043,9,3,0
29824.67,26852.116137226396,1.1107009525305649,0,0,0,337,15,0.312,12,1,0
3270.41,3102.031803193391,1.0542788345921748,1,1,1,646,53,0.347,15,0,0
8360.88,8084.6079514983585,1.034172150646517,0,0,0,660,36,0.318,10,1,0
14689.99,10305.598851725681,1.4254382163105537,0,1,0,205,6,0.733,8,1,1
34652.02,28581.81800045982,1.212379768408184,1,1,1,375,11,0.508,7,0,0
7784.29,2838.5774841754287,2.74231946448252,0,0,0,684,21,0.018,10,0,0
10803.16,11164.323185532343,0.9676498359675311,0,0,0,53,1,0.191,7,1,0
21207.48,16001.831012010582,1.3253159242560684,0,0,0,100,4,0.197,13,2,0
35940.03,8847.358005179616,4.062233290234417,1,1,1,39,0,0.889,15,4,1
6919.12,10676.472711104503,0.6480721400643374,0,0,0,359,15,0.341,11,4,0
37031.62,31803.57457203163,1.1643854517997259,0,0,0,477,14,0.365,18,0,0
9193.31,22366.644336816396,0.411027880594089,0,0,0,683,52,0.318,16,0,0
2488.41,6435.2567596116405,0.3866837383168518,0,0,0,663,20,0.703,11,1,0
12115.85,15186.811830416567,0.7977877149966174,0,0,0,618,32,0.257,6,0,0
4490.86,8832.7254175358,0.508433839808206,0,0,0,253,23,0.057,5,2,0
7043.1,6258.037226193999,1.1254494185251511,0,0,0,663,23,0.236,8,1,0
6380.22,3425.721110016218,1.8624469990344839,0,0,0,570,21,0.176,7,0,0
2603.77,4157.320585571126,0.6263104499796416,0,0,0,554,55,0.316,12,2,0
6258.67,5222.763939247951,1.19834346997404,0,0,0,653,50,0.13,11,1,0
14275.42,13911.717128263197,1.026143354149191,0,0,0,446,14,0.26,8,0,0
6039.76,8404.84334552749,0.71860460139859,0,0,0,36,2,0.125,8,0,0
13532.74,21917.81073603692,0.6174311686594962,1,1,1,238,6,0.311,5,2,0
3700.77,3828.3772954790943,0.9666691004437417,0,1,0,327,12,0.227,16,0,0
12825.22,10328.71157549839,1.2417059268556778,0,0,0,534,66,0.038,10,3,0
32589.97,59074.544118146674,0.5516752699446613,0,0,0,478,16,0.127,15,0,0
6903.65,8408.890802712234,0.8209942533777039,0,0,0,471,22,0.17,9,0,0
2246.49,3106.0973942359296,0.7232504074969655,0,0,0,768,45,0.309,11,0,0
3187.34,4410.92177460142,0.7226022568462446,0,0,0,272,9,0.06,10,2,0
25239.65,2980.003644646173,8.469671022213458,1,1,1,58,1,0.922,15,4,1
2996.5,6411.746086144754,0.46734500748734276,1,1,1,12,0,0.58,22,7,1
12923.4,10589.67235927443,1.2203781648076633,0,0,0,49,1,0.056,7,2,0
129854.04,13637.136150948849,9.522090141709645,1,1,1,5,1,0.966,22,3,1
2615.12,2222.021240249719,1.1769125221600176,0,0,0,555,42,0.287,16,0,0
8734.88,14367.049593915166,0.6079801486681949,0,0,0,337,37,0.135,16,1,0
7030.82,6965.638337065806,1.0093571848570664,0,0,0,218,12,0.295,8,0,0
15996.71,20593.41747161726,0.7767873660171714,1,1,1,165,6,0.262,12,2,0
1292.47,2107.7553628953137,0.6131954676229867,0,0,0,64,1,0.239,6,2,0
7089.68,4125.381654755636,1.718551693337264,0,0,0,174,9,0.395,7,1,0
44461.17,26525.20947679391,1.6761853878065627,1,1,1,276,13,0.179,12,1,0
3626.14,2175.593766475201,1.6667376265206415,0,0,0,484,16,0.365,13,0,0
16362.44,13475.747310321525,1.21421359508392,0,0,0,308,28,0.122,6,1,0
8216.93,11384.95725190866,0.7217359942454036,0,0,0,119,3,0.247,9,0,0
10806.76,6234.940886815367,1.733257296857839,0,1,0,330,13,0.009,8,2,0
42893.9,34520.48112790004,1.242563920109431,0,0,0,410,12,0.516,13,2,0
2548.81,4657.0944494128935,0.5472958234619767,1,1,1,105,4,0.075,11,1,0
12089.95,10445.134442890525,1.1574721339617027,0,1,0,104,3,0.515,19,1,1
12240.24,8857.82554308787,1.3818557255695705,0,0,0,445,13,0.367,13,2,0
24948.65,30571.73658419481,0.8160690352396959,0,0,1,240,10,0.184,8,0,0
27477.51,29585.170056269253,0.9287594159974965,0,0,0,465,12,0.126,15,2,0
12653.7,16821.36359308981,0.7522400753256043,0,0,0,472,14,0.076,16,1,0
14087.13,6480.549719841431,2.173755116479309,0,0,0,89,3,0.428,12,0,0
8776.8,8384.24340316654,1.0468203751299503,0,0,0,412,18,0.409,12,0,0
45793.67,26820.309013615264,1.7074251315271538,0,1,0,285,12,0.625,8,1,0
12499.85,7677.01387916551,1.628217776802781,0,0,0,768,76,0.205,12,2,0
34354.45,31587.063011181803,1.087611395409102,1,1,1,660,60,0.124,15,2,0
5326.07,3599.2691140906327,1.4797630010138842,0,0,0,636,57,0.306,18,2,0
19147.21,26471.15038765573,0.7233236169865,0,0,0,287,16,0.419,14,0,0
2181.85,2229.1092966034767,0.9787995340309346,0,0,0,217,7,0.494,16,2,0
30920.16,24723.877812150244,1.2506193039122526,0,0,0,776,70,0.149,10,0,0
2579.04,5456.504574370416,0.4726549389470394,0,0,0,41,1,0.261,15,1,0
26515.99,31352.533681949873,0.8457367893826152,0,0,0,167,13,0.096,17,0,0
43558.51,39086.07968608397,1.1144252714479495,0,0,0,547,17,0.371,7,2,0
8299.56,7701.9102709573635,1.077597192672626,0,0,0,154,10,0.194,13,0,0
7124.93,5695.797852610068,1.2509105943750125,0,0,0,269,9,0.137,12,2,0
3936.22,2851.722335071129,1.380295749051081,0,0,0,737,26,0.28,20,0,0
2610.08,4381.871896598432,0.5956542365764761,0,0,0,57,2,0.321,11,2,0
17405.77,17995.23973880567,0.9672431367538672,0,0,0,664,23,0.325,9,1,0
8472.43,14302.800627283132,0.5923613002918314,0,0,0,68,1,0.501,0,3,0
7372.23,9344.887276187925,0.7889047845846359,0,0,0,152,16,0.051,17,0,0
1276.37,2141.6248495995715,0.5959810472519709,0,0,0,376,12,0.056,5,1,0
7667.27,8846.448888868703,0.8667059044637128,0,0,0,163,8,0.345,13,2,0
19494.55,24175.104278726132,0.8063895428952932,0,0,0,379,9,0.289,18,0,0
11701.01,14145.227127994,0.827205329530249,0,0,0,452,19,0.176,17,0,0
65157.23,47546.00007956228,1.3704039373152332,0,0,0,652,23,0.168,14,0,0
9549.08,13865.82776702876,0.6886774693368998,0,0,0,31,2,0.441,4,0,0
11565.43,16835.638821586144,0.6869610872811222,0,0,0,604,21,0.435,8,0,0
6970.18,6650.342870617202,1.0480929025368106,0,0,0,672,26,0.358,3,2,0
3576.35,4090.5137604809956,0.874302178422825,0,0,0,792,20,0.158,12,1,0
55287.35,31832.110304802707,1.7368419670017883,1,1,1,350,10,0.457,12,4,0
2908.78,7293.622333904111,0.39881183591123087,0,0,0,532,18,0.224,9,0,0
30753.24,21617.562574232677,1.422604600218391,0,0,0,247,6,0.005,14,0,0
23754.94,8897.228515115508,2.669926215047983,0,0,0,267,26,0.195,11,1,0
16122.69,14296.584185244352,1.1277303287323397,0,0,0,121,3,0.173,14,1,0
91613.76,38288.8971040158,2.3926976944024765,0,0,0,548,22,0.391,16,1,0
3449.52,3992.9913920875615,0.8638939656219133,0,0,0,34,1,0.063,7,1,0
2841.0,2665.0338820929037,1.0660275001171555,0,0,0,579,18,0.171,9,0,0
3520.04,8221.264976693845,0.42816299054254775,0,0,0,674,32,0.036,13,0,0
19841.86,26232.31628457131,0.7563901209967137,0,0,0,740,41,0.147,8,0,0
29917.25,32740.39919403891,0.9137715477336008,0,0,0,368,24,0.598,12,2,0
2172.89,2616.5029103909756,0.8304559733652507,0,0,0,282,13,0.645,13,1,0
19033.71,11694.824361682839,1.627532567899305,0,0,0,675,19,0.321,7,1,0
8874.2,6868.622158973263,1.2919919542310645,0,0,0,187,15,0.221,15,1,0
24714.02,33975.90866552344,0.7273982443901028,0,0,0,251,27,0.394,10,1,0
8436.32,15955.169587317567,0.5287513208878618,0,0,0,240,16,0.164,15,2,0
1899.62,3531.4847500787428,0.5379100167378373,0,0,0,211,21,0.197,8,0,0
24120.55,27208.084407632745,0.886521563313119,0,0,0,402,33,0.459,9,1,0
5324.08,3030.0009682443824,1.7571202210836245,0,1,0,166,5,0.449,15,1,1
53251.36,57130.55577958282,0.9320994642681313,0,0,0,119,3,0.338,10,1,0
34682.77,36364.78976230379,0.9537458353987348,0,0,0,472,20,0.131,6,1,0
32752.69,36625.004268903984,0.8942713051975587,0,0,0,71,2,0.151,0,0,0
11009.12,6098.905773073237,1.8050972258176632,0,0,0,567,33,0.183,14,1,0
16689.35,14066.070061463364,1.1864972307118735,0,0,0,672,24,0.456,12,0,0
12320.11,21261.229819121014,0.579463834666448,0,0,0,358,11,0.271,16,0,0
15819.33,18044.651218891275,0.8766771649305429,0,0,0,636,33,0.128,14,0,0
7008.38,6240.078133096798,1.1231233563382317,0,0,0,251,7,0.382,10,0,0
11610.77,7407.899615566317,1.5673503041005714,0,1,0,74,2,0.467,10,1,1
21496.96,2547.0528034699546,8.439936529276078,0,1,1,81,3,0.912,5,1,1
18610.31,15460.549615760463,1.2037286373580343,0,0,0,409,37,0.16,14,0,0
51518.06,27600.535380823218,1.8665600290781932,0,0,0,63,4,0.408,9,2,0
3518.27,3044.4096445618407,1.1556496276153525,0,0,0,659,31,0.088,17,1,0
1352.63,2644.275089713543,0.5115325828514143,0,0,0,141,6,0.218,15,0,0
5259.7,5452.601556801378,0.9646228907109353,0,0,0,223,7,0.15,14,1,0
62972.28,54309.33978279666,1.1595110885008573,0,1,0,665,22,0.072,17,1,0
16689.18,11222.629517216425,1.4871002801627553,0,1,0,557,55,0.576,7,0,0
12939.0,16140.804537897446,0.8016328495624381,0,0,0,418,10,0.299,18,1,0
2182.21,2441.5854984334683,0.8937659781172,0,0,0,350,38,0.381,16,0,0
50336.68,28386.80520714813,1.7732421563319654,0,0,0,283,8,0.395,6,1,0
4306.33,5120.380883577942,0.8410172510068193,0,0,0,647,17,0.229,15,1,0
1799.35,2916.36935688105,0.6169819157433826,0,0,0,566,20,0.556,9,0,0
45632.79,25550.938472663154,1.7859533931308322,0,0,0,788,78,0.32,19,1,0
12470.31,16480.043912481815,0.7566917996498624,0,0,0,37,1,0.178,9,1,0
6900.63,6935.122895170325,0.9950260934653279,0,0,0,744,24,0.491,10,2,0
17439.14,20711.69014418089,0.841995165499589,0,0,0,716,29,0.151,8,0,0
44976.89,27343.084599311078,1.644909046675526,0,0,0,307,8,0.256,11,0,0
9583.59,17474.794614581562,0.5484234404663784,0,0,0,160,8,0.07,6,1,0
20145.66,12999.111262200111,1.5497718750710807,0,0,0,762,36,0.155,1,0,0
1352.5,2144.3964994400467,0.6307141838306699,0,0,0,120,12,0.662,12,0,0
16412.57,18201.563956661113,0.9017122998519458,0,0,0,455,12,0.299,1,0,0
20485.79,15943.142074789217,1.2849281372248622,0,0,0,624,16,0.474,8,1,0
18164.77,16210.497927631906,1.1205562203485246,0,0,0,465,16,0.386,8,1,0
39484.21,33827.65227293393,1.1672169594633737,0,0,0,712,23,0.14,16,1,0
147774.22,54218.06031726037,2.7255533580331077,0,0,0,23,1,0.187,6,3,0
40024.1,22071.41612619965,1.8133906137256661,0,0,0,82,5,0.067,7,1,0
14067.22,18638.40932930004,0.7547434970520114,0,0,0,495,26,0.076,10,0,0
7312.69,4770.356441986548,1.5329448340922127,0,0,0,591,28,0.414,11,0,0
4719.82,4275.943608780188,1.1038071762874073,0,0,0,175,10,0.175,16,0,0
13521.2,12826.361133058672,1.054172534336028,0,1,0,276,9,0.497,12,1,1
18061.13,12872.23859086555,1.4031073953092852,0,0,0,259,6,0.12,9,1,0
16584.65,40224.10703765007,0.41230616886190996,0,0,0,781,41,0.072,16,0,0
22472.83,23283.099079914467,0.9651993683251572,0,0,0,45,1,0.135,11,3,0
13450.18,10450.59351256489,1.2870255916628144,0,1,0,517,30,0.088,9,0,0
16953.38,27210.368731680624,0.6230484557544335,0,0,0,73,2,0.389,17,2,0
3968.97,3562.844139480296,1.1139878812685975,0,0,0,318,26,0.223,16,2,0
4610.12,2237.6725470513848,2.060229061096804,0,0,0,235,10,0.195,8,0,0
15490.42,15914.099570588014,0.9733771649955059,0,0,0,773,59,0.065,16,0,0
10783.35,18906.88886372335,0.5703397908117134,0,0,0,422,18,0.054,10,2,0
7333.44,10489.35538544827,0.699131567287574,0,0,0,231,6,0.009,11,2,0
26877.42,38101.08971528398,0.7054238169344208,0,0,0,618,47,0.16,8,2,0
9269.83,14651.295596396973,0.6326969840658189,0,0,0,387,32,0.121,14,1,0
9332.64,9221.20440324999,1.0120851953820256,0,0,0,420,11,0.092,17,0,0
219719.92,24495.832821520158,8.969685564206564,0,1,1,367,14,0.715,10,3,1
46820.62,67769.29248558842,0.6908825283119453,0,0,0,685,22,0.414,15,1,0
49055.52,21551.74457275508,2.276174198845647,0,0,0,680,26,0.239,14,1,0
42003.8,18880.67873945887,2.224697459300313,0,0,0,253,6,0.278,7,0,0
5702.35,6127.159874892807,0.9306675301542431,0,0,0,376,20,0.166,10,1,0
10903.39,15992.229058692876,0.6817928743096284,0,0,0,325,19,0.229,16,2,0
13096.31,10741.006414868978,1.219281547921803,0,0,0,85,2,0.341,10,2,0
3855.24,10246.358173314427,0.3762543831342442,0,0,0,230,6,0.025,13,0,0
10500.38,9711.67578688654,1.0812119669709876,0,0,0,180,5,0.099,13,0,0
61859.82,84300.6393982494,0.7338000804339888,0,0,0,14,1,0.213,7,1,0
36993.88,16381.611659852779,2.2582566214300854,0,0,0,688,21,0.234,4,0,0
6716.06,9138.495562682594,0.734919526400553,0,0,0,240,6,0.293,9,0,0
12506.43,16811.710707486167,0.7439120156095137,0,0,0,324,10,0.299,7,4,0
2746.88,2325.0775489309917,1.1814154433629334,0,0,0,213,6,0.513,19,2,0
24452.82,23247.023762899575,1.0518686745081995,0,0,0,559,27,0.137,19,1,0
1967.12,3487.022223904948,0.5641263508593644,0,1,0,587,34,0.419,9,1,0
40806.54,35364.832937631465,1.1538735002540847,0,0,0,434,13,0.526,0,3,0
159145.09,35680.305295795886,4.4603062692243585,0,1,1,253,10,0.917,16,1,1
7556.47,10530.217440986424,0.7175989349778625,0,0,0,565,51,0.212,11,1,0
32643.24,29837.933005910196,1.0940180603981515,0,0,0,626,19,0.279,13,2,0
128400.27,42602.87770460943,3.013887286994778,0,1,0,123,9,0.292,11,1,0
24629.56,34911.5786864076,0.705483870051195,0,1,0,382,38,0.265,12,0,0
17282.45,18582.456101218955,0.9300414185854898,0,0,0,745,24,0.257,19,2,0
30457.25,22988.30847488048,1.3249018859971178,0,0,0,140,7,0.221,7,0,0
8254.02,10169.676593880122,0.8116302777835187,0,0,0,297,13,0.134,0,0,0
13907.01,23389.637972434302,0.5945800822155936,0,1,0,496,19,0.441,15,2,0
9376.64,3937.8820653548037,2.3811371043075384,1,1,1,484,34,0.013,9,0,0
9791.77,8301.161353780148,1.179566499960959,0,0,0,12,1,0.09,15,2,0
173745.41,55634.67336462383,3.122969905939072,0,0,0,131,5,0.242,12,0,0
4392.1,5515.2886880778515,0.7963504919741499,0,0,0,415,29,0.161,8,0,0
4444.17,4346.604424820742,1.022445367187745,0,0,0,148,4,0.218,13,1,0
2954.98,2995.2894494096968,0.986541338695007,0,0,0,411,19,0.308,10,1,0
4102.11,6424.43510508378,0.6385162636710419,0,0,0,33,1,0.087,4,0,0
11247.82,11863.492243749602,0.9481034481379778,0,0,0,478,28,0.071,11,0,0
25712.01,20251.51635937017,1.2696338581712152,0,0,0,515,27,0.122,1,0,0
2658.86,5656.329871325721,0.47006769743054655,0,0,0,441,17,0.405,7,2,0
4830.16,6198.195829292056,0.7792846411654107,0,0,0,274,16,0.122,12,0,0
60914.1,34711.200182293556,1.7548830929897068,0,0,0,686,17,0.279,10,1,0
53841.49,69471.34966168126,0.7750171957051678,0,0,0,69,4,0.494,11,2,0
25542.02,41051.89533817396,0.6221886327453133,0,0,0,773,59,0.271,16,0,0
9955.98,9061.37000370309,1.0987274118429808,1,1,1,128,7,0.367,11,1,0
2785.73,3411.428601099632,0.8165863936894081,0,0,0,260,20,0.356,7,2,0
9678.1,11119.441853381228,0.8703766069200196,0,0,0,671,18,0.259,0,2,0
12036.36,35481.740594961906,0.3392269648479797,0,0,0,150,11,0.146,11,2,0
103756.92,14354.659879624382,7.2281003063722,1,1,1,36,1,0.985,15,4,1
4413.13,2508.9159170784546,1.7589787301980038,0,1,0,198,6,0.584,13,1,1
66878.33,56741.328760738026,1.1786528153404026,0,0,0,514,16,0.418,9,2,0
27488.67,19724.56370435852,1.3936262247281275,0,0,1,577,15,0.155,12,0,0
1087.95,2212.8847473275237,0.49164214561314257,0,1,0,167,18,0.173,10,3,0
3067.72,3467.9789791820285,0.8845847192188699,0,0,0,247,16,0.177,14,0,0
9002.99,12850.212892851587,0.7006102729029838,0,0,0,426,13,0.114,10,0,0
32894.99,26207.97753672978,1.2551517154271643,0,1,0,666,23,0.296,17,2,0
12827.01,13768.452812530048,0.9316229498563016,0,0,0,295,24,0.062,15,0,0
2033.79,2496.2943184538035,0.814724894139849,0,0,0,264,12,0.4,9,1,0
24078.69,23215.494048698238,1.0371817631733098,0,0,0,541,13,0.095,19,2,0
4196.19,5860.719489844978,0.7159859964924135,0,0,0,336,16,0.224,17,0,0
5018.75,5796.841988263743,0.8657722661990157,0,0,0,177,5,0.137,10,1,0
26039.64,38623.798975102516,0.6741864483047452,1,1,1,352,9,0.235,12,1,0
6058.44,14532.131124818414,0.41689968574316927,0,0,0,553,34,0.245,9,2,0
18499.56,23721.390454426222,0.7798683638531267,0,0,0,158,4,0.393,14,1,0
22856.23,29872.855179014692,0.7651171293896705,0,0,0,117,9,0.012,8,1,0
5957.59,10900.221995107595,0.5465565975309105,0,0,0,789,87,0.015,18,3,0
43000.1,38582.58420942461,1.114495043241236,0,0,0,639,18,0.41,0,0,0
10104.07,8952.578481166056,1.1286208677414333,0,0,0,85,2,0.461,12,1,0
24683.86,36866.58209784374,0.6695455482472764,0,0,0,373,15,0.243,8,1,0
17194.39,9433.770612304615,1.8226420313223042,0,1,0,268,8,0.419,13,1,1
3175.29,2544.1007376669377,1.2480977686794006,0,0,0,631,24,0.22,13,0,0
2992.96,4495.574547238313,0.6657578629111177,0,0,0,173,10,0.196,9,0,0
12472.31,8674.638100668108,1.43779067636858,1,1,1,409,22,0.105,1,2,0
6079.23,9284.78971670546,0.6547510615955142,0,0,0,587,18,0.265,10,1,0
7690.4,5388.111086129241,1.4272912620436191,0,0,0,148,6,0.006,9,0,0
40577.4,44649.90173711637,0.9087902577165431,0,0,0,259,8,0.531,17,1,0
59936.49,35988.045605984626,1.6654556150647262,0,0,0,217,15,0.148,14,1,0
4631.44,5723.090467469277,0.8092558658282547,0,0,0,485,26,0.067,10,1,0
4679.26,4150.7193225144,1.1273369301228735,0,0,0,797,21,0.234,10,2,0
37872.48,15503.234586243949,2.4428758968844937,0,0,0,683,19,0.213,19,0,0
5928.87,6594.598475986773,0.8990496826215493,1,1,1,113,12,0.123,11,3,0
12040.14,12335.415167057732,0.9760627207305357,0,0,0,332,41,0.149,8,0,0
5349.86,3529.5130039143205,1.5157499160414967,0,0,0,755,25,0.08,16,1,0
17261.19,11957.872645011972,1.4435003667024295,0,1,0,526,23,0.376,10,0,0
6231.55,10830.678965098454,0.575361382466243,0,0,0,358,35,0.068,2,1,0
2783.12,6050.303344363912,0.4599964707069183,0,0,0,410,12,0.063,5,0,0
23795.09,15851.15345822921,1.5011579827138912,0,0,0,339,10,0.335,7,0,0
9722.59,6632.442581604485,1.4659137553697634,0,1,0,413,25,0.348,1,1,0
12093.57,16692.32971579346,0.7244988296954066,0,0,0,285,23,0.418,10,0,0
13480.65,8181.100281904087,1.6477790762291977,0,0,0,202,6,0.258,9,0,0
3889.57,8291.202890710254,0.46911975387369464,0,0,0,97,7,0.2,13,1,0
15184.47,13938.08446240612,1.089422696967966,0,0,0,602,37,0.023,6,0,0
23107.95,20719.00719615134,1.1153020051757965,0,0,0,363,17,0.793,15,0,0
2729.59,3706.3615690593892,0.736460563742883,0,0,0,734,27,0.042,10,0,0
105593.01,12764.666739014383,8.272289052248446,1,1,1,45,0,0.917,4,4,1
24023.55,15457.4177900224,1.5541761858213237,0,0,0,730,73,0.336,11,0,0
6450.47,6342.770881025317,1.0169795101660144,0,0,0,443,15,0.453,18,0,0
7183.84,6127.02346959447,1.1724849766590413,0,1,0,208,9,0.271,16,2,0
10817.2,16568.370189564215,0.652882639663154,0,0,0,377,9,0.111,10,2,0
27541.48,19965.335521284578,1.379464723730149,0,0,0,491,49,0.272,10,0,0
14488.69,8943.686878329167,1.6199904760055928,0,0,0,763,84,0.488,8,0,0
23860.88,19959.929204190772,1.1954389184864385,0,0,0,181,6,0.23,13,0,0
18956.19,17787.500568518124,1.0657026773379432,0,0,0,135,7,0.199,11,1,0
30591.83,30125.471925232152,1.0154805210011744,0,0,0,386,16,0.091,14,1,0
12082.52,12508.885146830396,0.9659148626943533,0,0,0,512,17,0.193,10,0,0
22980.27,17129.734686525786,1.3415424265039564,0,0,0,680,27,0.499,13,1,0
25510.12,10810.198451691635,2.359819462065596,0,0,0,664,18,0.21,9,0,0
3201.31,4432.936303607417,0.7221655981784009,0,0,0,35,1,0.508,15,0,0
21597.97,14831.187198406411,1.4562535418075255,0,0,0,638,18,0.494,8,0,0
12208.85,12331.847972548267,0.9900259760062431,0,0,0,727,30,0.222,14,1,0
37210.81,21355.35338467886,1.7424580624785662,0,0,0,207,11,0.172,9,1,0
47108.48,29676.019778200804,1.5874259788148593,0,0,0,487,19,0.163,7,1,0
2639.51,3950.8884369158723,0.6680804161913074,0,0,0,41,1,0.241,11,2,0
18007.09,25355.34173546436,0.7101890605899716,0,1,0,241,12,0.294,13,0,0
50590.45,56587.93760474602,0.8940147456156129,0,0,0,685,21,0.584,13,1,0
12319.34,13523.191303190639,0.9109787162346927,0,0,0,460,17,0.028,11,1,0
5172.57,5681.945974407423,0.9103515269932391,0,0,0,243,7,0.651,7,1,0
18269.97,19465.07890907144,0.9386023508834636,0,0,0,95,8,0.205,17,1,0
8687.72,18368.79262452972,0.47296082078467533,0,1,0,156,6,0.608,10,1,0
32150.03,40265.447193357744,0.7984519616939855,0,0,0,786,27,0.157,10,1,0
7130.89,8164.738800300043,0.8733768882303619,0,0,0,704,21,0.528,8,1,0
2672.22,2122.2190313463407,1.2591654410093387,0,0,0,313,9,0.178,12,0,0
3625.68,2649.87456315355,1.3682471817926134,0,0,0,601,33,0.415,8,0,0
8134.34,4820.4296475930205,1.6874725909838726,0,0,0,29,2,0.184,11,0,0
19155.67,16088.39834964849,1.1906512192808973,0,1,0,634,30,0.272,14,3,0
75960.05,89202.65966389127,0.851544678872777,0,0,0,777,48,0.047,9,0,0
12330.83,6085.371751332237,2.0263070219903736,0,0,0,435,17,0.069,10,0,0
19996.39,16555.66919372062,1.2078272269819268,0,0,0,184,13,0.156,9,1,0
4438.81,4668.000652458284,0.9509013808772302,0,0,0,744,33,0.262,6,1,0
9599.36,7604.524244518824,1.2623228191202305,0,0,0,634,18,0.069,9,2,0
2587.81,3082.9664772804535,0.8393902017167026,0,0,0,412,15,0.54,18,1,0
12090.56,20363.402922186724,0.5937397241794539,0,0,0,593,24,0.076,9,2,0
32888.99,29657.963548321448,1.108942960419353,0,1,0,371,23,0.263,15,0,0
14588.96,18716.915945425546,0.7794530533551965,0,0,0,726,25,0.288,12,3,0
5145.58,3537.946869770145,1.454396317268728,0,0,0,28,1,0.142,10,3,0
5867.48,5216.230563053941,1.1248511346347732,0,0,0,560,62,0.293,9,0,0
44671.99,50012.7241692796,0.8932124198325256,0,0,0,94,4,0.017,8,2,0
20054.13,25174.206848894635,0.7966139841519618,0,0,0,775,35,0.091,18,1,0
3480.04,2564.5413505853076,1.3569818590983878,0,0,0,362,21,0.32,21,3,0
4549.19,6294.92720409835,0.7226753675490243,0,0,0,474,18,0.488,12,0,0
5099.16,7609.493980815152,0.6701047955675975,0,0,0,417,23,0.218,19,1,0
15381.72,22025.700916336573,0.6983531403452539,0,0,0,142,5,0.052,16,0,0
9901.82,10943.087736729123,0.9048472942912021,0,0,0,549,23,0.026,14,1,0
33269.43,19012.689256579146,1.7498538040268585,0,0,0,56,7,0.172,11,1,0
25151.91,25621.738439567973,0.9816630552927571,0,0,0,489,14,0.359,7,1,0
18620.4,9138.002341086172,2.0376881571561887,0,0,0,571,19,0.16,14,0,0
11005.69,17262.095679780476,0.6375641412681533,0,0,0,591,24,0.141,21,0,0
11808.72,17824.05210709203,0.6625162855677088,0,0,0,368,11,0.131,10,1,0
12740.52,7582.185107567134,1.680323170583093,0,0,0,392,15,0.137,12,0,0
31361.87,51281.09900156728,0.6115677714415318,0,0,0,509,56,0.216,7,0,0
16455.58,7171.112062966252,2.294704532871721,0,0,0,393,24,0.278,9,1,0
30402.86,19895.25484986343,1.528146517241831,0,0,0,323,10,0.271,15,1,0
28829.25,19394.254340281102,1.4864840072892247,0,0,0,513,23,0.382,12,1,0
2727.39,13855.11026238796,0.19685075857295564,1,1,1,7,0,0.382,12,8,1
30176.28,41103.55904532428,0.7341524514901737,0,0,0,86,2,0.132,13,2,0
3326.13,2601.841822001966,1.2783767518767901,0,0,0,582,25,0.067,8,3,0
4972.47,6452.770054754416,0.7705950651079303,0,0,0,326,14,0.065,9,2,0
8301.65,8582.224663357512,0.9673073090039006,0,0,0,172,5,0.396,13,1,0
32510.09,24751.143525710406,1.3134782900451483,0,0,0,154,4,0.472,8,3,0
1606.26,2953.9997688441395,0.5437570652241268,0,0,0,492,19,0.167,16,1,0
43723.51,22213.69816690257,1.9683130061625052,0,0,0,304,16,0.226,15,2,0
99788.55,45036.55408050786,2.215723526115507,0,0,0,675,67,0.603,13,0,0
9250.69,13060.935380041394,0.7082717050397817,0,0,0,49,2,0.215,10,3,0
2415.25,3288.3281712789976,0.734491817492815,0,0,0,363,25,0.42,12,0,0
46356.02,22915.770609623636,2.0228872698572573,0,0,0,793,56,0.325,17,0,0
3416.46,4046.0430902492535,0.8443945400024784,0,0,0,522,22,0.352,13,1,0
37276.66,22423.585367106858,1.6623862304120425,0,0,0,273,13,0.322,11,1,0
17696.31,20312.082958274765,0.8712207462360133,0,0,0,211,7,0.199,18,0,0
15211.1,31575.424860422263,0.48173860401144736,0,0,1,547,34,0.183,10,0,0
5313.86,6693.3591668939325,0.7939008977092119,0,0,0,701,18,0.359,8,1,0
11984.07,8003.556664051386,1.497343505216236,0,0,0,89,3,0.316,17,0,0
4366.52,5684.209406118576,0.7681849145022671,0,0,0,265,7,0.175,9,3,0
26238.02,20735.653632937527,1.2653579193545967,0,0,0,17,1,0.41,8,3,0
16062.76,17538.546484920676,0.915854535590112,0,0,0,163,6,0.5,6,0,0
11381.37,21268.195501512244,0.5351358375735408,0,0,0,726,22,0.201,7,1,0
8613.39,8162.482901396474,1.055240978679815,0,0,0,679,84,0.342,11,0,0
18608.27,27730.492651109875,0.6710400448814156,0,0,0,174,5,0.434,19,1,0
38113.49,50381.53814810875,0.7564971827040897,0,0,0,463,15,0.337,19,2,0
4035.0,5029.328508717903,0.8022932353482406,0,1,0,727,34,0.172,10,2,0
4985.28,8628.463748329272,0.5777715967636191,0,0,0,467,15,0.45,11,1,0
6443.13,13754.316469782443,0.4684445508907738,0,0,0,701,33,0.202,9,0,0
19202.6,14719.026813822233,1.3046106575778933,0,0,0,67,5,0.148,13,2,0
2906.92,4222.318780274495,0.6884649444045501,0,0,1,393,14,0.493,13,0,0
29804.91,16944.93099276426,1.7589275193501441,0,0,0,443,15,0.201,14,1,0
168161.42,17182.99894905163,9.786500237690156,1,1,1,17,0,1.0,22,2,1
5373.61,4826.418268848316,1.1133753223922995,0,0,0,711,28,0.069,10,0,0
4462.58,5923.805914911716,0.7533296232892301,0,0,0,93,3,0.138,16,2,0
5057.03,7652.867951759497,0.660802121965754,0,0,0,272,7,0.277,5,1,0
12212.61,7452.958892880654,1.638625751934521,0,0,0,771,33,0.074,12,1,0
12805.87,23884.245026971414,0.5361637076977223,0,0,0,238,6,0.464,0,0,0
5334.18,6569.57005949626,0.8119522488944191,0,1,0,297,9,0.371,8,0,0
10316.78,5668.477087112992,1.8200268998093185,0,0,0,615,27,0.353,6,2,0
57761.9,62936.00971677951,0.9177877855536348,0,0,0,190,6,0.284,9,1,0
18321.56,6833.6916444034505,2.6810626945017533,0,0,0,102,5,0.1,13,0,0
7867.35,10650.822071417957,0.7386617605842403,0,0,0,472,14,0.528,15,1,0
14088.7,13098.805584653586,1.0755710048930773,0,0,0,20,1,0.43,10,0,0
26451.11,21660.299884495005,1.221179460660173,0,0,0,723,27,0.209,1,0,0
20328.82,10252.456879972535,1.9828242323105976,0,0,0,322,13,0.103,13,1,0
50052.19,25798.85379478713,1.9400934126209655,0,0,0,699,77,0.404,9,1,0
23659.89,13049.956098333267,1.813024640057912,0,0,0,78,6,0.187,14,0,0
1792.16,2778.726104724528,0.6449588368061415,0,0,0,225,8,0.497,14,2,0
23566.01,21048.987339266147,1.1195791141571079,0,0,0,608,40,0.338,15,1,0
60573.07,9663.937061157,6.267949322790571,0,1,1,219,8,0.919,15,3,1
51855.52,6628.31432941372,7.823334461663156,0,1,1,259,10,0.971,9,3,1
126119.36,21999.99833425076,5.732698835828016,1,1,1,13,1,0.937,1,2,1
26577.36,32029.1020331334,0.829787703333255,0,0,1,739,67,0.374,15,0,0
9227.28,8126.565783875887,1.1354462588677652,0,0,0,328,8,0.073,11,0,0
45692.69,53513.0857407706,0.8538600980776145,0,0,0,482,16,0.237,16,0,0
7020.69,10305.734012652627,0.6812415839900896,0,0,0,493,21,0.332,16,2,0
1945.5,3535.9197990783805,0.5502108720479196,0,0,0,13,1,0.086,15,0,0
13068.48,12415.31234464337,1.0526097733962636,0,0,0,301,13,0.21,12,2,0
17757.64,13797.909557984987,1.2869801478647067,1,1,1,243,11,0.305,10,1,0
14011.64,5005.715798835774,2.7991285560837404,0,0,0,207,7,0.102,13,2,0
27273.98,23243.47818869939,1.1734034511072515,0,0,0,553,32,0.518,10,1,0
7404.55,7364.555084544548,1.0054305970484798,0,0,0,251,6,0.393,9,0,0
1624.28,2373.95625013865,0.6842100041879746,0,0,0,628,23,0.13,6,0,0
7297.17,14057.414019393922,0.519097803477057,0,0,0,51,3,0.014,9,1,0
9659.76,11227.560315607328,0.8603616125525172,0,0,0,146,10,0.153,15,0,0
19572.43,20557.549782291968,0.9520797583031556,0,0,0,453,18,0.401,13,0,0
6748.82,8028.996897517037,0.84055551027925,0,0,0,454,18,0.312,10,1,0
38103.78,22313.994514530106,1.7076178588913484,0,0,0,562,37,0.133,13,1,0
40305.64,34429.893708871015,1.170658284985996,0,0,0,676,37,0.206,16,1,0
6867.43,33661.295212079494,0.204015604725456,1,1,1,19,0,0.355,6,8,1
12257.67,9281.492471070047,1.3206567617675642,0,0,0,562,20,0.33,16,0,0
23659.06,16868.81551622354,1.4025326633103246,0,0,0,329,8,0.398,10,1,0
19943.67,20230.30450371273,0.9858315089980471,0,0,0,211,5,0.574,12,2,0
12214.63,14091.559830709943,0.8668045265415609,0,0,0,465,18,0.26,11,4,0
17566.25,13017.537271736719,1.3494293613651833,0,0,0,541,15,0.02,12,0,0
8443.83,9267.176054558688,0.9111541156651921,0,0,0,91,11,0.115,9,0,0
1882.15,2869.7768614405586,0.655853059186089,0,0,0,594,29,0.194,12,2,0
20695.09,22484.600896219014,0.9204117625022928,0,0,0,388,20,0.169,9,0,0
18880.72,14346.516549086491,1.3160493943632046,0,0,0,581,38,0.093,7,1,0
3836.78,3912.5540937888168,0.9806333996578215,0,0,0,162,7,0.085,18,3,0
2917.8,3148.44265273578,0.9267444552611862,0,0,0,121,11,0.352,12,1,0
9571.34,7213.263617555085,1.3269082832241765,0,0,0,197,8,0.119,14,2,0
15093.57,13982.612847754226,1.0794526468795052,0,0,0,241,17,0.333,9,0,0
14989.27,32894.798899068766,0.4556729361112473,0,0,0,237,23,0.123,18,1,0
2023.98,2099.261489850033,0.9641412107253808,0,0,0,204,6,0.351,20,1,0
12921.63,10569.575512312551,1.2225307383967479,1,1,1,571,57,0.169,15,1,0
1981.22,3841.66542214917,0.515719411245249,0,0,0,442,24,0.218,7,2,0
8152.52,8244.83211710259,0.9888035797391077,0,0,0,408,11,0.143,2,0,0
15424.93,11302.103089485316,1.3647837460269892,0,0,0,741,29,0.248,15,2,0
14799.71,10271.765886145744,1.440814906422257,0,0,0,546,26,0.329,13,4,0
33356.66,67335.60910653487,0.495379238563075,0,0,0,133,11,0.117,14,1,0
29127.31,17844.92367710997,1.63224625207125,0,0,0,25,1,0.283,10,0,0
37541.29,27062.04542950661,1.3872303898483898,0,0,0,724,42,0.241,9,1,0
85849.82,14162.861155716688,6.061615534211661,0,1,1,240,9,0.778,17,3,1
2756.04,5719.434071100382,0.4818727412239979,0,0,0,421,12,0.396,10,5,0
2791.77,5628.08868761673,0.4960426502180446,1,1,1,10,0,0.404,1,6,1
51019.46,40175.04726148158,1.2699290441541533,0,0,0,68,3,0.12,9,2,0
35449.79,7039.434983047896,5.035885774820633,0,1,1,350,14,0.898,18,2,1
10400.49,12371.415706500053,0.8406868801763998,1,1,1,545,28,0.298,15,0,0
20356.48,20647.623777609027,0.9858992616675247,1,1,1,329,10,0.302,18,2,0
8233.28,15707.867536165779,0.5241503715500012,0,1,0,673,29,0.302,10,0,0
4288.81,5608.310901005787,0.764723416419818,0,0,0,728,28,0.188,10,0,0
5247.18,3744.896645627381,1.4011552354206305,0,0,0,772,27,0.475,7,0,0
12042.3,8348.311608128335,1.4424832639166727,0,0,0,97,2,0.252,16,0,0
27264.51,10459.365258951104,2.60670744853678,0,0,0,136,12,0.205,12,1,0
29887.29,22889.452276788306,1.3057230561689241,0,0,0,125,3,0.296,7,1,0
5109.14,4849.747231887128,1.0534861261093322,0,0,0,770,21,0.331,13,0,0
20801.1,30058.17411271522,0.6920279016128243,0,0,0,693,49,0.25,9,1,0
10045.16,5890.222393194004,1.705395554292814,0,0,0,373,12,0.155,0,0,0
8934.01,6911.479323324087,1.2926339268018565,0,0,0,710,19,0.333,15,2,0
26506.34,16394.515505952637,1.6167811717755844,0,0,0,231,23,0.121,15,0,0
10553.19,11118.023430999932,0.9491961656804234,0,0,0,206,18,0.308,11,1,0
5266.58,5484.158334064054,0.9603256031124149,0,0,0,757,31,0.323,12,1,0
1362.06,3280.266670036868,0.4152272111171333,0,0,0,185,5,0.284,7,1,0
33710.76,25326.594910473767,1.331041992420501,0,0,0,408,11,0.235,6,0,0
4914.32,5944.93160740464,0.8266402971992829,0,0,0,49,1,0.22,15,0,0
30365.83,22966.67412622798,1.3221693151957359,0,0,0,514,13,0.239,11,0,0
15426.39,30785.671811530152,0.501090030471909,0,0,0,432,22,0.351,9,0,0
80238.34,50278.290660876744,1.595884413940068,0,0,0,286,12,0.237,15,1,0
4117.78,3712.3951751301515,1.109197721465316,0,0,0,727,90,0.392,13,1,0
33729.75,23048.476492271486,1.4634264412478803,0,0,0,519,15,0.152,12,0,0
411.57,2883.7693952907266,0.14272012174580717,1,1,1,7,0,0.585,12,6,1
4611.79,4344.8825008515205,1.0614300813734683,0,0,0,339,19,0.222,13,0,0
24757.34,41035.18567713135,0.6033199101168158,0,0,0,539,26,0.319,7,3,0
147634.2,14078.02941704329,10.48685089169827,1,1,1,49,1,0.925,2,2,1
7675.64,4449.641544962207,1.7250010177983053,0,0,0,554,32,0.051,13,1,0
8809.47,7549.393160592784,1.166910755336975,0,0,0,183,10,0.207,11,2,0
8090.77,5221.804451655267,1.5494209816686517,0,0,0,539,23,0.232,19,2,0
1866.05,4733.330052753593,0.39423554861624793,0,0,0,534,18,0.131,8,0,0
18456.98,8114.94049572882,2.2744447432094113,0,0,0,124,3,0.228,0,1,0
11387.25,21382.171499525797,0.5325581560175582,0,0,0,765,76,0.462,17,1,0
118528.91,49908.44841915752,2.3749267389024986,0,0,0,733,81,0.245,8,0,0
5722.97,6619.9719459345815,0.8645003636943498,0,0,0,787,98,0.264,12,0,0
6680.79,5645.703591055752,1.1833405058418516,0,0,0,631,52,0.244,10,2,0
8632.34,7145.312957094176,1.2081122024848059,0,0,1,20,1,0.237,9,0,0
5408.76,6784.612035655436,0.7972097023619402,0,0,0,677,32,0.229,15,0,0
2239.39,2126.2995268101695,1.053187288729433,1,1,1,726,22,0.144,11,0,0
2388.48,3177.4056113710003,0.7517062828869472,0,0,0,591,45,0.382,17,1,0
16839.18,21185.53026768219,0.7948434110502415,0,0,0,742,24,0.021,7,2,0
13180.79,9846.346926613389,1.3386473633251315,0,1,0,482,13,0.272,11,3,0
54494.52,52097.8742779493,1.0460027202437976,0,0,0,15,1,0.113,8,3,0
33282.29,11740.645486806941,2.8347918556750487,0,0,0,630,19,0.328,11,0,0
28330.38,23373.34885469921,1.2120806884940232,0,0,0,487,18,0.26,10,0,0
7210.73,7753.015305241292,0.9300554617070057,1,1,1,529,18,0.526,14,0,0
24106.12,18324.580952953944,1.315507381542898,0,0,0,378,14,0.417,15,1,0
29220.4,28887.968683070874,1.0115075626600325,0,0,0,231,7,0.129,10,1,0
8634.19,13824.429253337577,0.624560280604895,0,0,0,426,11,0.346,8,2,0
4064.98,5419.948414821736,0.7500041613499608,0,0,0,688,36,0.423,5,3,0
5532.03,2199.3625601453587,2.515288970958606,0,0,0,11,1,0.092,4,1,0
38301.39,30252.109397647087,1.2660732653192432,0,0,0,646,43,0.455,9,2,0
3797.22,4757.75642987723,0.7981107105993075,0,0,0,258,17,0.167,11,0,0
11524.18,9334.667817190359,1.2345570924800557,0,0,0,328,10,0.151,14,1,0
17368.72,25594.073395966487,0.67862257076365,0,0,0,356,14,0.062,14,2,0
2117.6,2486.7135723012716,0.8515642080254734,0,0,0,382,11,0.159,7,1,0
39858.25,19135.24511084717,2.0829755914138985,0,0,0,266,13,0.589,13,0,0
31105.67,19119.99553851637,1.62686577605231,0,0,0,785,23,0.104,20,5,0
8612.2,11659.27161799997,0.7386571851160768,0,0,0,115,5,0.479,11,2,0
14402.3,10513.412320180783,1.3698978496236565,0,0,0,376,13,0.116,5,0,0
12677.12,26952.587029729417,0.47034897724191055,0,0,0,603,27,0.244,7,1,0
53686.68,20945.011426808305,2.56322037757686,0,1,0,58,1,0.459,16,1,1
10641.35,10715.166147370586,0.993111184718296,0,0,0,237,6,0.126,19,1,0
6430.12,12359.539729422739,0.5202553853823918,0,0,0,222,6,0.275,13,0,0
4176.79,2787.8858343733955,1.4981920967477746,1,1,1,246,10,0.033,11,1,0
29282.26,22427.50828917912,1.3056403256518347,0,0,0,754,27,0.287,6,1,0
16958.27,19778.99636463156,0.8573879971901395,0,0,0,210,16,0.423,21,0,0
23275.49,10972.199605767639,2.1213149721645994,0,0,0,666,35,0.188,8,0,0
18079.23,10456.606225564099,1.7289771417832211,0,0,0,33,3,0.166,10,0,0
1896.2,4119.884147670844,0.46025466314157987,1,1,1,660,23,0.12,6,1,0
13450.4,14165.778024361505,0.9494997262834504,1,1,1,693,25,0.422,21,0,0
3688.73,6028.3953191005485,0.6118918481316441,0,0,0,470,14,0.217,19,0,0
4598.43,7936.342634378009,0.579414020404152,0,0,0,195,12,0.188,13,1,0
10112.9,10303.443852428667,0.9815072189445507,1,1,1,719,23,0.415,12,1,0
1040.67,2642.284501811326,0.39385381198596797,0,0,0,185,18,0.263,10,1,0
6436.04,6858.502809859206,0.9384023425898991,0,0,0,84,4,0.427,10,2,0
9355.92,12530.949043255196,0.7466246455667366,0,0,0,249,7,0.337,7,1,0
4648.06,6775.22912587957,0.6860367094807174,0,0,0,727,38,0.313,9,1,0
19393.25,18887.466511008017,1.0267789787975956,0,0,0,517,43,0.393,15,3,0
22372.12,20298.500157515133,1.102156068348179,0,0,0,548,14,0.183,18,1,0
29713.97,28772.029668538053,1.0327381932083215,1,1,1,560,32,0.268,12,0,0
6278.53,9653.577510495263,0.650383340400545,0,0,0,350,15,0.191,10,1,0
24900.73,19005.117720301994,1.3102118220412906,0,0,0,393,21,0.111,12,1,0
66469.64,31853.732949958005,2.086714161082099,0,0,0,653,46,0.394,8,2,0
23722.44,31948.29143780251,0.7425261947465958,0,0,0,793,36,0.146,19,1,0
2986.83,6964.702491920202,0.4288523451666914,0,0,0,272,10,0.262,14,0,0
25544.86,42778.89546220322,0.5971369068426549,0,0,0,749,93,0.421,10,1,0
5445.71,7981.0349888436085,0.6823315466836904,0,0,0,599,24,0.379,17,0,0
34669.7,15798.65188840767,2.194471896039173,0,0,0,604,24,0.442,16,0,0
10842.69,12527.508988932197,0.8655104249147789,0,1,0,45,1,0.265,13,1,0
14905.75,20476.38565219723,0.7279481919053604,0,0,0,297,7,0.229,16,0,0
19219.03,18028.8481745171,1.0660152099869136,0,0,0,203,11,0.108,11,1,0
2144.22,2618.882101257074,0.8187521809360773,0,0,0,506,13,0.562,9,0,0
10147.39,13669.3445276228,0.7423462039663131,0,0,0,378,19,0.283,8,2,0
39288.0,30397.36517118045,1.292480302148025,1,1,1,794,25,0.516,10,1,0
7340.76,4888.442485771188,1.501655715654039,0,0,0,695,21,0.275,16,1,0
44727.92,19888.713805218384,2.248909709179341,0,0,0,62,2,0.041,17,1,0
19274.31,21740.182938993697,0.8865752542813818,0,0,0,295,14,0.235,9,0,0
39962.21,36960.67901264664,1.0812087161911739,0,0,0,698,26,0.043,18,1,0
11683.13,5059.69184753853,2.3090593753429944,0,1,0,80,2,0.562,13,1,1
8201.96,9601.749709959837,0.8542151810950093,0,0,0,555,19,0.079,6,2,0
14007.22,16464.502631817893,0.8507527750069238,0,0,0,747,19,0.066,9,0,0
34335.86,23188.375307880713,1.4807357793983025,0,0,0,149,13,0.156,11,0,0
3658.11,5505.881224592798,0.6644009502544457,0,0,0,399,13,0.138,13,1,0
100329.33,19059.035343251016,5.264134736168941,0,1,1,336,13,0.721,7,3,1
10075.16,10220.516043790747,0.9857778446423293,0,0,0,97,4,0.092,8,0,0
8778.46,10475.617137179921,0.8379900775829254,0,0,0,327,14,0.141,9,1,0
1639.02,2243.3264350314284,0.7306218128424938,0,0,0,538,15,0.451,18,1,0
36020.66,20505.811390072464,1.7566074231514575,0,0,0,737,22,0.102,8,2,0
18203.14,20531.5094438767,0.8865954209506904,0,0,0,758,22,0.371,1,0,0
8979.73,22448.460503518494,0.40001555266958544,1,1,1,321,13,0.057,11,1,0
1602.4,2204.7166024511707,0.7268058010025908,0,0,0,276,9,0.084,11,1,0
4145.22,4161.036024369538,0.9961989915724733,0,0,0,179,17,0.256,7,0,0
27019.03,21217.163050064395,1.273451481983256,0,0,0,397,16,0.184,3,0,0
10034.78,16088.233970731437,0.6237343166990461,1,1,1,729,19,0.228,14,1,0
16342.88,15910.983822698952,1.0271445385676283,0,0,0,73,3,0.603,7,1,0
11099.21,12831.698171457649,0.8649836925653853,0,0,0,98,10,0.18,17,1,0
7678.52,7054.89910185382,1.0883959128355385,0,0,0,230,6,0.439,10,1,0
6892.7,8134.634784852917,0.847327196307972,0,0,0,52,1,0.486,6,3,0
8271.43,3972.984656319693,2.081919220031836,0,0,0,150,4,0.214,6,2,0
6262.94,3227.4906973748566,1.9404982916304208,0,0,0,76,3,0.244,7,0,0
28768.2,12993.813011074955,2.2139921634238613,0,0,0,217,19,0.183,13,1,0
5066.35,6082.699760197464,0.8329119868240717,0,0,0,654,25,0.177,18,2,0
14661.87,22712.802980882847,0.6455331876622822,0,0,0,501,13,0.409,9,2,0
21466.37,14382.055265638097,1.4925801480979914,0,1,0,699,24,0.479,10,0,0
36527.54,29468.069900832823,1.239563410725637,0,0,0,589,36,0.241,13,0,0
59404.35,35202.96966329001,1.687481139173599,0,0,0,178,5,0.198,10,0,0
25345.21,15054.912093568932,1.6835177768691538,0,0,0,798,44,0.375,19,2,0
17317.55,22217.785741377218,0.7794454004457594,0,0,0,624,28,0.251,12,1,0
69034.34,53192.552127721596,1.2978195843411189,0,0,0,777,24,0.28,8,2,0
5793.74,4578.789153956703,1.2653439288527948,0,0,0,624,17,0.15,13,0,0
3594.69,3742.467163993597,0.960514704736654,0,0,0,218,5,0.417,8,3,0
16450.36,22595.39883305956,0.728040460361551,0,0,0,249,7,0.036,1,2,0
15204.45,13614.815974518204,1.1167572979270215,0,0,0,277,19,0.076,16,0,0
13595.5,13540.190878662617,1.0040850154805703,0,0,0,100,3,0.083,18,2,0
2586.4,4335.960114754378,0.5965001955743825,0,0,0,305,20,0.203,7,0,0
8990.51,8306.201243577168,1.0823855115197463,0,0,0,489,21,0.138,12,1,0
87775.61,8605.959766147867,10.199397743054764,1,1,1,5,1,0.98,1,3,1
29884.27,29042.405068217595,1.028987473414328,0,0,0,569,31,0.18,15,0,0
24004.9,13668.55942575971,1.7562130708151809,0,0,0,402,15,0.096,10,1,0
7340.15,6053.830758555485,1.2124807739479664,0,0,0,302,20,0.405,13,2,0
10304.51,9076.297012775174,1.1353211724280614,0,0,0,370,24,0.065,10,0,0
30052.97,27202.388214683968,1.104791763704702,0,0,0,534,14,0.3,19,0,0
23565.28,17765.273403174608,1.3264801062377154,0,0,0,518,34,0.124,7,2,0
8657.34,12359.45582364299,0.7004629381412045,0,0,0,168,7,0.295,14,1,0
9288.89,13729.230716635795,0.6765773370472554,0,0,0,488,15,0.141,10,0,0
19234.78,12548.326336812846,1.532856281102527,0,0,0,591,42,0.231,10,0,0
8958.3,5708.494390411116,1.5692924399946213,0,1,0,157,6,0.226,12,2,0
11377.37,31577.520543161718,0.36029974906471374,0,0,0,68,3,0.726,6,2,0
7182.81,4606.153121980984,1.5593938815288633,0,0,0,741,24,0.336,14,1,0
7631.05,4167.176961332998,1.831227497733494,0,0,0,379,16,0.137,18,3,0
15354.64,8056.580109151492,1.905851040024772,0,0,0,556,30,0.411,9,0,0
106970.59,14280.55870984376,7.4906444883669945,0,1,1,116,4,0.94,22,1,1
6886.29,5560.276920561108,1.238479809629241,0,0,0,67,2,0.3,9,0,0
16866.0,15233.536682679442,1.1071626864517994,0,0,0,405,11,0.14,6,2,0
4823.09,4182.665028909361,1.153113632419159,1,1,1,529,29,0.345,10,0,0
28124.96,39569.102802908215,0.7107808017290097,0,0,0,55,2,0.199,12,2,0
9891.1,15310.908418973904,0.646016742117329,0,0,0,175,5,0.145,7,0,0
67884.42,48348.833055518764,1.4040550088674637,0,0,0,411,15,0.324,8,0,0
42032.96,20205.735437114905,2.0802491678007513,0,1,0,139,4,0.822,17,1,1
8299.55,13150.0009434405,0.6311442995867272,0,0,0,491,19,0.197,2,2,0
2329.58,4199.391056843851,0.5547427779289847,1,1,1,17,1,0.33,14,0,0
14782.28,14914.372199052646,0.9911433395693332,1,1,1,19,1,0.174,8,0,0
5365.31,2558.9817367014457,2.0966583759725337,0,0,0,694,57,0.067,12,2,0
2734.79,4059.7200396974563,0.6736392963438488,0,0,0,431,53,0.225,8,0,0
5549.56,11305.432604042539,0.49087586849352427,0,0,0,333,13,0.04,18,0,0
16384.43,22362.797110073017,0.7326647525820708,0,0,0,34,1,0.521,8,0,0
10370.14,6792.864205871999,1.526622910990941,0,0,0,60,1,0.104,15,1,0
7699.83,8071.315595417044,0.9539747768300468,0,0,0,348,19,0.662,15,3,0
3596.66,2484.5661062977083,1.4476003735521668,0,0,0,164,20,0.209,0,0,0
7558.48,6194.327144990524,1.2202269298061301,0,0,0,774,30,0.258,6,0,0
3102.82,2379.3736978533943,1.3040509048259525,0,0,0,162,10,0.376,16,1,0
4862.19,4068.996744754422,1.1949360285136645,0,0,0,176,5,0.02,13,1,0
4933.8,12131.95549867066,0.40667836883463204,0,0,0,305,8,0.106,10,3,0
5448.52,5275.710544377902,1.0327561364309166,0,0,0,30,1,0.329,15,1,0
23375.73,21741.464738645827,1.0751679316796563,0,1,0,229,7,0.532,15,1,1
14656.86,16322.007398011987,0.8979817357703727,0,0,0,284,14,0.348,8,1,0
9892.35,8082.339137737453,1.223946798993381,0,0,0,679,42,0.52,17,2,0
15268.57,5636.574766301021,2.708838053937504,0,0,0,104,3,0.308,13,1,0
3330.23,3963.1113914202188,0.8403074168387491,0,0,0,570,15,0.345,13,1,0
978.19,2486.054030207693,0.39347084889642553,0,1,0,248,11,0.268,15,0,0
8518.89,16974.477742565447,0.5018648978305451,0,0,0,215,11,0.429,19,1,0
1127.21,2603.4778472569014,0.4329632554161587,0,0,0,697,18,0.099,16,0,0
108239.48,102548.02978160756,1.0555003388938502,0,0,0,269,24,0.267,15,0,0
3321.05,4434.950027018609,0.748836187596137,0,0,0,239,19,0.191,9,2,0
31062.65,24328.186755796924,1.2768174983131089,0,0,0,569,24,0.115,11,1,0
30856.27,17307.670294391555,1.7828089029836027,0,0,0,80,2,0.043,10,1,0
23619.3,33502.41465225046,0.7050029700250772,0,0,0,378,14,0.088,8,1,0
11873.62,10935.809890974273,1.0857557318388353,0,0,0,242,6,0.252,7,1,0
9172.01,3784.6254614393165,2.4234920139999936,0,0,0,444,18,0.342,11,2,0
63442.34,50579.30178029234,1.2543142896032722,0,0,0,466,14,0.178,8,1,0
22190.25,12824.362958644571,1.7303197138664304,1,1,1,583,19,0.186,20,0,0
26981.7,13295.054992081943,2.0294535881304476,0,0,0,388,12,0.293,19,1,0
12397.29,13226.803663761375,0.9372857249870207,0,0,0,417,29,0.157,0,2,0
21615.2,19169.13892048174,1.1276042902462309,0,1,0,30,1,0.724,13,1,1
58088.48,40334.25609591886,1.4401772634522636,0,0,0,517,36,0.28,5,0,0
13585.12,14943.338776804041,0.9091086006639043,0,0,0,271,30,0.163,8,0,0
5543.69,5238.608685970034,1.0582372732462517,0,0,0,755,31,0.352,13,1,0
16038.41,14789.180579147416,1.0844692442535417,0,0,0,330,11,0.183,10,1,0
14589.42,15800.188968183082,0.9233697217381418,0,0,0,678,52,0.102,10,0,0
63430.57,45843.456648861094,1.3836340700405134,0,0,0,340,30,0.097,5,1,0
8089.94,6596.669209194887,1.2263676137748714,0,0,0,40,3,0.221,17,0,0
4085.69,4332.570941584612,0.9430185380974895,0,0,0,271,9,0.11,6,0,0
2601.66,2707.6802696610234,0.9608435322802084,0,0,0,722,26,0.041,15,1,0
1910.77,4223.948831182888,0.452366071280817,0,0,0,92,11,0.12,12,0,0
12754.33,8310.349300867307,1.5347522443169652,0,0,0,178,7,0.235,9,1,0
10611.85,21780.34799451753,0.4872212964341336,0,0,0,266,10,0.261,10,1,0
17170.76,21726.04347964013,0.7903306533553627,0,0,0,128,3,0.589,10,1,0
20461.5,22830.432681803704,0.8962380122504912,0,0,0,386,18,0.168,12,1,0
6989.83,19339.019314939454,0.3614367421038499,1,1,1,16,0,0.508,7,8,1
5875.89,2295.587825085848,2.5596431109091786,0,0,0,498,17,0.234,9,0,0
23585.06,16657.952472741774,1.4158438834476559,0,0,0,767,36,0.174,11,2,0
27970.68,19076.13490320131,1.4662655792010104,0,1,0,621,20,0.218,17,2,0
20010.44,22714.731201624876,0.8809452992548762,0,0,0,42,4,0.21,18,0,0
7094.22,9179.533381260182,0.7728304609505109,0,0,0,619,20,0.442,16,1,0
20605.43,20260.172915615436,1.0170411853464003,0,0,0,40,1,0.628,11,1,0
53685.15,23347.944781219074,2.2993524208322933,0,0,0,607,16,0.241,9,1,0
20189.92,32348.136818121176,0.6241446051148329,0,0,0,750,37,0.073,13,1,0
8070.17,8873.070630208782,0.9095126519436891,0,0,0,751,27,0.134,4,1,0
15594.68,24164.275282510236,0.6453610150047913,0,0,0,338,16,0.339,16,1,0
3253.19,6244.15545499428,0.5209983468563636,0,0,0,326,9,0.226,17,0,0
24373.94,29500.293261393173,0.8262270022897046,0,1,0,732,30,0.227,9,1,0
95088.25,40749.639490292786,2.333474552261179,0,0,0,204,11,0.283,13,0,0
19014.51,10688.797420299983,1.778919325231282,0,0,0,778,20,0.739,14,1,0
44420.29,31930.38576775982,1.3911604067850327,0,0,0,235,13,0.126,9,0,0
7631.96,5762.144392872911,1.324500542732611,0,0,0,487,16,0.35,0,3,0
8894.81,21066.906651999707,0.4222171918541719,0,1,0,18,1,0.22,8,2,0
3535.31,2058.4046404129012,1.7174988884568594,0,0,0,234,7,0.136,7,1,0
16136.79,14060.19579201283,1.1476931746770265,0,0,0,796,44,0.326,9,1,0
9291.01,12519.469165168233,0.7421251750047759,0,0,0,513,30,0.058,16,0,0
15982.75,17747.154548846505,0.9005807206719131,0,0,0,688,57,0.46,9,1,0
34224.38,40827.247186004,0.8382730278468087,0,0,0,550,27,0.467,16,0,0
35194.02,31418.73000199843,1.1201603328195537,0,0,0,559,23,0.155,11,0,0
8297.94,8729.476805584734,0.9505654775853702,0,0,0,538,31,0.415,16,1,0
21195.51,17002.940834356523,1.2465790081335364,0,1,0,776,40,0.265,12,0,0
25806.5,13408.960926951848,1.9245711442822675,0,0,0,122,8,0.44,11,0,0
10799.94,16678.85032796861,0.6475230269918452,0,0,0,541,15,0.291,15,0,0
42985.43,35630.24198743002,1.206431012262944,0,0,0,608,16,0.399,11,2,0
12120.22,19052.812380562336,0.6361379183102276,1,1,1,684,45,0.047,12,0,0
5568.06,2720.3325658522995,2.046829428553556,0,0,0,506,17,0.033,13,1,0
4978.36,5305.185326476825,0.9383952929426078,1,1,1,602,24,0.023,9,1,0
11652.21,15055.798309609509,0.7739349494055301,0,0,1,189,6,0.324,10,0,0
7389.89,13831.187804787949,0.5342917838069686,0,0,0,586,20,0.306,16,0,0
8495.4,8187.674136681921,1.0375839322697744,0,0,0,714,71,0.097,16,0,0
6617.98,8938.601605395821,0.740382551317188,0,0,0,43,1,0.136,8,2,0
34708.17,11554.977735640943,3.0037421103212587,0,0,0,757,47,0.066,9,2,0
34323.37,26251.210414202742,1.3074966782688748,0,0,0,271,19,0.121,8,0,0
8805.96,3524.7638188202573,2.4983131530006424,0,1,0,60,2,0.755,12,1,1
15438.05,22145.626419783333,0.697114853903576,0,0,0,669,20,0.11,8,0,0
33007.22,15013.549043140652,2.1984955445655596,0,0,0,200,25,0.471,9,0,0
21946.45,25487.61234022628,0.8610633967937332,0,0,0,698,30,0.246,12,2,0
14280.22,24843.351833890218,0.5748106927473807,0,0,0,450,13,0.131,15,2,0
2880.68,4270.367356847344,0.6745750964035242,0,0,0,631,48,0.209,11,3,0
14547.24,11154.219337798573,1.3041917176147035,0,0,0,90,2,0.091,14,1,0
32394.98,25849.060912474382,1.2532362559739028,0,1,0,122,4,0.668,12,1,1
10802.51,11252.288205658397,0.9600282538486521,1,1,1,754,83,0.078,14,0,0
41245.62,27854.994620718164,1.4807261585653313,0,0,0,77,2,0.305,5,2,0
17568.46,22134.57701501194,0.7937112106758972,0,0,0,736,81,0.096,7,1,0
2444.94,7839.300071591181,0.31188185697070636,0,0,0,279,8,0.282,8,0,0
7737.44,5293.280255784067,1.4617474920158509,0,1,0,265,8,0.793,8,1,1
3590.13,4653.425797437069,0.7715022342589561,0,0,0,34,1,0.278,8,0,0
50315.28,23011.571607154245,2.186520890081842,0,0,0,349,8,0.418,11,1,0
4882.53,4588.300471975107,1.0641270338551498,0,0,0,91,2,0.491,15,2,0
38097.74,25308.165262276027,1.505353695406875,0,0,0,385,12,0.152,12,0,0
12050.07,11102.053103647839,1.0853913075454005,1,1,1,71,1,0.418,8,2,0
22314.03,14619.772073475162,1.5262914853532232,0,0,0,195,15,0.263,16,0,0
15621.2,3239.6146821926795,4.821931030612032,0,1,1,212,8,0.71,23,2,1
13083.4,21280.31918469934,0.6148122585697083,0,0,0,386,9,0.179,5,1,0
3220.43,4117.6454405754175,0.7821035569379026,0,0,0,420,16,0.279,17,0,0
24106.13,15100.245102417828,1.596406397456299,0,0,0,518,15,0.434,8,0,0
6920.27,8818.524971637984,0.7847428101552095,1,1,1,15,0,0.428,18,4,1
7254.95,8608.956587776345,0.8427216877961181,0,0,0,527,47,0.077,10,0,0
37521.26,36391.73725647444,1.0310377824712813,0,0,0,98,3,0.504,13,0,0
40969.49,42617.427856067916,0.96133173561919,0,0,0,292,8,0.164,16,1,0
43379.76,34205.01624626065,1.2682280922105265,0,0,0,546,18,0.361,9,1,0
18390.62,24981.965980807592,0.7361560025169406,0,0,0,394,19,0.267,9,0,0
14916.71,20774.48217921092,0.7180303807150533,0,0,0,390,19,0.047,13,0,0
33039.24,23477.393787936577,1.4072787870897716,0,0,0,597,59,0.491,18,2,0
2804.88,5029.192557996844,0.5577194610500353,0,0,0,412,13,0.048,12,0,0
6092.47,12606.835249956725,0.48326726122824487,0,0,0,120,8,0.193,14,1,0
10648.77,7588.648674440664,1.4032493161365605,0,1,0,221,7,0.541,9,1,1
14805.14,14728.100010236818,1.0052308701751738,0,0,0,46,1,0.332,7,1,0
63918.54,7390.385711214692,8.648877333076996,1,1,1,41,0,0.919,23,3,1
11172.8,12762.56607432943,0.875435355016383,1,1,1,165,9,0.045,12,1,0
6088.1,6606.6338544078,0.921512578705668,0,0,0,145,7,0.105,5,0,0
7372.55,4359.740452933785,1.6910520572446748,0,0,0,618,16,0.275,8,1,0
19968.92,14890.41601287176,1.341058712863053,0,0,0,706,23,0.27,7,0,0
17998.36,31432.64111123289,0.5726008282899828,1,1,1,123,4,0.221,19,4,0
38022.73,66087.15936449851,0.5753421146432065,0,0,0,504,50,0.347,11,1,0
7891.58,11761.875920832317,0.6709453030963207,0,0,0,221,10,0.222,11,1,0
5745.04,5378.135111104508,1.0682211360379588,0,0,0,674,32,0.207,11,0,0
2330.91,2686.0326128048882,0.8677894128286373,0,0,0,585,36,0.27,7,0,0
7332.54,4153.4611537786695,1.7654036357059704,1,1,1,102,2,0.437,4,2,0
85156.92,47501.30267382185,1.7927280699744297,0,0,0,34,1,0.147,6,0,0
3276.21,3584.4963223277255,0.913995822116415,0,0,0,616,15,0.15,10,0,0
87303.98,26487.998035759898,3.295982724410156,0,0,0,255,11,0.7,7,4,0
5462.67,6193.308978915671,0.8820279562451337,0,0,0,391,17,0.411,14,0,0
5650.42,6218.127065664272,0.9087012790248309,0,0,0,54,3,0.042,7,1,0
4620.03,14312.194024070192,0.3228038774913268,0,0,0,716,47,0.129,6,1,0
6696.83,8329.318595186733,0.8040066653325566,0,0,0,196,19,0.122,15,1,0
24471.38,16380.482031355314,1.4939351977134043,0,0,0,237,10,0.573,9,1,0
7801.26,11639.202126049946,0.6702576493957098,0,0,0,212,9,0.19,5,0,0
28570.98,12875.281250705068,2.2190567143535818,0,1,0,181,6,0.54,13,1,1
111226.6,14655.288863141159,7.589519314003943,0,1,1,216,8,0.9,22,1,1
4462.0,5974.646522676921,0.7468229981390149,0,0,0,386,22,0.379,19,2,0
32849.36,36036.53614424475,0.91155707261085,0,0,0,717,18,0.157,7,0,0
2957.43,2526.877209927419,1.17038779335694,0,0,0,647,46,0.438,14,1,0
6396.74,9850.069025206449,0.6494108313106463,0,0,0,467,12,0.077,12,0,0
17819.04,22450.218378287642,0.7937133743756714,0,0,0,348,23,0.75,10,1,0
49366.77,60309.61255452182,0.8185555527152751,0,0,0,556,22,0.038,8,0,0
13154.37,30471.11071110841,0.43169962789760297,0,0,0,219,7,0.312,11,2,0
5241.76,5115.878149641325,1.0246061527388048,1,1,1,609,32,0.262,21,1,0
2881.06,2362.8481240835404,1.2193169603520688,0,1,0,180,5,0.117,12,0,0
40700.71,19660.96626339636,2.0701278977419553,0,0,0,379,16,0.163,14,1,0
35336.8,52741.06185597747,0.6700054062194255,0,0,0,358,39,0.162,3,2,0
12012.76,9104.939339757697,1.3193674941925335,0,0,0,183,9,0.196,7,1,0
12188.34,12352.881667887492,0.9866795240476505,0,0,0,471,23,0.511,12,1,0
3257.86,4419.098716614488,0.7372233219866874,0,0,0,148,12,0.418,13,1,0
50945.93,25262.11171670459,2.0166931817714513,0,0,0,508,31,0.242,12,1,0
21215.44,10572.372696512504,2.0066868460320224,0,0,0,656,27,0.55,7,1,0
4070.04,6899.015577570444,0.5899443779887796,0,0,0,651,43,0.032,14,2,0
29057.24,38164.22243089163,0.7613737897450079,0,0,0,543,18,0.298,18,0,0
7399.24,6319.528126896117,1.1708526987185228,0,0,0,506,46,0.209,14,2,0
11245.91,10190.385187835524,1.1035801994092322,0,0,0,737,40,0.349,13,1,0
8717.63,5368.839632420435,1.6237450708204184,0,0,0,503,12,0.182,7,1,0
26494.92,35887.79627249585,0.738271155426925,0,0,0,727,19,0.186,10,2,0
22415.6,16191.767322665422,1.3843827700017766,0,0,0,488,54,0.274,11,0,0
42645.13,28482.91206286604,1.4972182137938792,0,0,0,397,23,0.408,11,1,0
9346.4,10364.372043510271,0.9017820509780636,0,0,0,795,22,0.156,13,2,0
60608.16,24854.270372882187,2.4385410992511263,0,0,0,39,1,0.111,9,0,0
3623.25,6634.108881285417,0.5461553216869148,0,0,0,393,43,0.045,15,0,0
13776.36,18518.31006050879,0.7439316220525848,0,0,1,540,31,0.382,13,1,0
10193.63,17060.298015016408,0.5975057928470132,0,0,0,640,18,0.103,8,1,0
7522.83,11505.6708184221,0.6538366899404415,0,0,0,65,3,0.026,7,0,0
17312.33,10218.194704374222,1.6942654489132385,0,0,0,111,13,0.312,15,3,0
15317.47,12599.740047928504,1.2156971102459082,0,0,0,121,7,0.331,11,4,0
22099.82,40806.89260002575,0.541570677973514,0,0,0,775,35,0.323,12,2,0
5934.77,6094.547892763773,0.9737828844582394,0,0,0,173,13,0.079,7,0,0
5039.42,8279.331586211933,0.6086746534078401,0,0,0,625,24,0.343,9,2,0
124698.48,27221.509249708655,4.580880531998016,0,1,1,370,14,0.971,19,1,1
20890.05,32755.713881941407,0.6377529337389719,0,0,0,278,9,0.278,17,1,0
23477.16,15275.665866771551,1.5368990068768908,0,0,0,206,5,0.211,10,0,0
44307.6,15349.660673604714,2.88655269860595,0,0,0,749,57,0.358,10,0,0
18307.41,29565.238882993723,0.6192207692327968,0,0,0,170,12,0.181,10,1,0
25241.13,26345.844863500788,0.9580686339444486,0,0,0,766,25,0.465,9,1,0
6657.89,4809.483831652543,1.384325268792853,0,0,0,739,67,0.336,17,0,0
50445.34,46721.44845228167,1.0797040090911174,0,0,0,673,18,0.442,16,0,0
51468.43,34160.6880884766,1.5066566133380705,0,0,0,635,70,0.14,12,0,0
10902.07,8271.173180082218,1.3180804636718408,0,0,0,584,48,0.327,15,0,0
17043.16,16856.463856961702,1.0110757479423007,0,0,0,452,14,0.313,8,0,0
5044.05,4621.261877246983,1.0914884919679808,0,0,0,728,29,0.672,14,1,0
68841.12,30084.13757501434,2.2882862150727816,0,0,0,760,23,0.19,12,0,0
5134.97,3260.948457929307,1.5746851043294485,0,0,1,455,13,0.224,11,0,0
9963.84,3395.685460068855,2.934265180354056,0,1,0,175,5,0.548,15,1,1
46022.22,6514.503943902368,7.0645772154267075,1,1,1,25,1,0.911,14,4,1
1007.98,4585.461960269735,0.21981997155874367,1,1,1,27,0,0.51,10,6,1
21047.27,21152.452609534306,0.9950275722521761,0,0,0,42,2,0.521,10,1,0
5750.7,3216.628181723453,1.787803590832279,0,0,0,736,49,0.497,10,0,0
6462.09,7598.770609037894,0.8504128926736356,0,0,0,692,26,0.375,16,2,0
7659.83,7250.30366107264,1.0564834655955713,0,0,0,315,11,0.022,13,1,0
15958.41,10685.348163585682,1.4934848308097974,0,0,0,407,20,0.382,19,0,0
3039.42,3850.9878858889597,0.7892559940013194,0,0,0,602,35,0.076,11,0,0
5461.64,4744.470311224494,1.1511594987874656,1,1,1,578,25,0.188,10,0,0
14237.84,28409.878022922807,0.5011582044180861,0,0,0,90,5,0.281,19,0,0
4195.9,4507.494877417243,0.9308722165490214,0,0,0,477,14,0.335,15,3,0
1726.6,2691.0211042648043,0.64161380451297,0,0,0,741,28,0.188,7,1,0
4846.56,3281.1223544894597,1.4771055072079653,0,0,0,547,24,0.576,17,0,0
3006.24,2606.0713957002627,1.1535519538600603,0,0,0,538,31,0.22,10,1,0
752.47,2011.6635877286321,0.3740547356369661,0,0,0,697,46,0.326,8,1,0
22175.27,23548.611253946045,0.9416806589793222,0,0,0,783,29,0.02,15,1,0
49994.94,35814.30421403079,1.395948958981709,0,0,0,717,18,0.257,17,0,0
4153.16,6518.969722027296,0.6370884992967467,0,0,0,460,11,0.283,9,1,0
14932.9,14801.052074288124,1.0089078446928987,0,1,0,678,29,0.029,8,2,0
23639.26,14104.643768911434,1.675991030695174,0,0,0,666,44,0.065,2,0,0
1166.71,2657.7040255510065,0.4389924461433683,0,0,0,653,23,0.204,12,0,0
98382.22,10836.859281029989,9.07848078402089,1,1,1,49,1,0.859,2,2,1
16197.85,36495.28989003373,0.44383388732292456,0,0,0,137,17,0.151,15,1,0
14482.51,23890.231866385195,0.6062104474131336,0,0,0,436,12,0.141,12,2,0
33105.83,37423.23278324791,0.8846330649972363,0,0,0,575,19,0.245,12,4,0
6001.54,5337.9827122299575,1.1243088412216458,0,1,0,588,17,0.561,14,0,0
11475.32,9311.613996836615,1.232366763633789,0,0,0,207,5,0.383,14,1,0
4765.37,5453.583808116791,0.8738056596181716,1,1,1,507,17,0.249,18,2,0
2027.56,4251.022236168557,0.4769574515908045,0,0,0,343,8,0.227,14,0,0
8289.07,15195.832039233106,0.5454832299426686,0,0,1,341,20,0.217,10,1,0
44337.25,45379.565036213324,0.97703127218077,0,0,0,779,64,0.308,9,0,0
5013.15,5806.4284635747645,0.863379042718086,0,0,0,535,13,0.419,7,1,0
7189.67,3782.2121844479307,1.9009164630666875,0,0,0,262,11,0.358,8,0,0
18051.29,21766.89419285654,0.8293002970483838,0,0,0,450,18,0.196,9,0,0
9997.24,12061.160600390393,0.8288788233482435,0,0,0,268,16,0.393,12,1,0
5419.36,11545.485887264229,0.46939211335342523,0,0,0,354,13,0.438,16,0,0
38679.49,7979.991923806426,4.847058298415963,1,1,1,31,1,0.861,22,3,1
3185.63,5729.070896976818,0.5560463286400039,0,0,0,417,12,0.479,9,0,0
15253.06,21836.370308890597,0.6985160606094388,0,0,0,13,1,0.44,14,1,0
4582.23,17554.503925882585,0.2610288906982643,1,1,1,14,0,0.314,17,8,1
30569.59,10270.591953831286,2.976419302081145,0,0,0,55,1,0.384,12,0,0
20091.08,15042.914078610302,1.33558423222001,0,0,0,571,15,0.159,17,0,0
74385.18,40645.33310453527,1.8301037486104388,0,0,0,713,54,0.155,12,3,0
3580.99,3594.7726062213505,0.9961653040214095,0,0,0,689,76,0.058,16,1,0
37521.59,23831.978063586954,1.5744217814479842,0,0,0,520,24,0.436,19,1,0
12411.62,10641.173902909166,1.166377343125342,0,0,0,428,23,0.176,19,1,0
5577.92,3214.7998216854476,1.7350767806991887,0,1,0,324,9,0.087,19,0,0
22580.55,15617.360005084065,1.4458618784461303,0,0,0,493,37,0.294,14,0,0
10453.98,5146.990994848142,2.031085925594601,0,0,0,566,23,0.111,13,1,0
18342.54,25799.897921589814,0.7109538537471807,1,1,1,14,1,0.668,17,0,0
12433.19,16265.253327994342,0.7644015996597919,0,0,0,55,2,0.355,8,0,0
27556.92,16248.007852205645,1.6960182451243948,0,0,0,323,29,0.124,14,0,0
65557.37,51904.64879393269,1.263034573383589,0,0,0,441,25,0.268,16,2,0
4187.28,9853.83528377281,0.42493951709987654,0,1,0,764,58,0.145,6,1,0
3563.04,7006.892681900911,0.5085051115473532,0,0,0,498,18,0.281,12,0,0
2384.63,3714.953962130049,0.6418995687410446,0,0,0,775,43,0.338,11,0,0
5020.92,15676.703259705811,0.32027885006226653,0,0,0,216,7,0.128,1,1,0
12204.68,9081.412032308428,1.3439190388971318,0,0,0,363,24,0.313,8,1,0
17464.54,14743.978578089414,1.1845199182698087,0,0,0,237,8,0.068,10,1,0
5866.23,6522.388449246135,0.8993996698291861,0,0,0,150,18,0.428,16,1,0
3471.15,4137.87268124403,0.8388738380959275,0,0,0,551,22,0.157,1,0,0
2996.41,6865.745487908203,0.436428454284565,0,0,0,779,27,0.05,7,0,0
31833.29,30397.03468806122,1.0472498364182599,0,0,0,372,41,0.32,11,0,0
2882.61,6909.915182311377,0.41717057424924314,0,0,0,217,9,0.186,8,0,0
5025.2,5736.188418334166,0.8760522259098612,1,1,1,34,1,0.33,13,0,0
37702.07,31610.09046578895,1.1927226934001225,0,0,0,706,29,0.204,17,0,0
2618.9,5538.395630320798,0.47286243575107895,0,0,0,436,31,0.114,12,0,0
125162.81,12382.681430647708,10.10789232614162,1,1,1,4,0,0.986,1,3,1
11716.0,24686.635171034075,0.47458869620395316,0,0,0,421,19,0.215,16,2,0
13243.97,19838.50814977329,0.6675891917452855,0,1,0,718,18,0.225,15,1,0
2028.93,2925.5125961029335,0.6935290682043481,0,0,0,299,11,0.191,12,1,0
6244.55,5360.321146133467,1.1649579910174899,0,0,0,493,54,0.3,12,1,0
38388.58,29862.163324164037,1.28552583159444,0,0,0,521,37,0.192,11,3,0
24160.11,14699.87080989454,1.643559129003372,0,0,0,322,11,0.23,4,0,0
11488.29,7765.483114805717,1.4794049604709005,0,0,0,39,3,0.391,18,0,0
15461.75,16473.541900237637,0.9385809308462315,0,0,0,344,15,0.565,8,2,0
6689.98,5974.099505763994,1.119830622987884,0,0,0,525,37,0.244,12,3,0
5624.19,10496.417110975182,0.5358200309666785,0,0,0,771,30,0.1,12,0,0
4237.68,2986.4147598278178,1.4189862735834444,0,0,0,650,34,0.231,18,0,0
11763.41,9735.883399763949,1.208253029363946,0,0,0,356,9,0.151,13,1,0
87353.15,77455.33268932524,1.1277873834349927,0,0,0,621,56,0.182,2,2,0
15612.2,2704.335759093376,5.773025661251831,0,1,1,50,2,0.762,2,3,1
21215.71,18791.10846442079,1.1290292459148419,0,0,0,457,16,0.727,10,0,0
3030.68,2445.993544641538,1.2390375241699934,0,0,0,741,37,0.181,12,1,0
6316.97,10393.40203969658,0.60778647357311,0,0,0,117,4,0.14,14,4,0
11726.93,8131.7291837003195,1.4421203534131197,0,0,0,148,4,0.216,9,0,0
9479.14,10361.211937751928,0.9148674951986663,0,0,0,111,12,0.155,13,2,0
3522.13,5835.691861395971,0.6035499863492306,0,0,0,575,30,0.16,7,1,0
19441.18,17999.609180118197,1.0800889976374357,0,0,0,110,6,0.213,7,2,0
9395.4,7406.729049211256,1.2684945407752457,0,0,0,758,19,0.244,10,0,0
7015.06,8081.614942118252,0.868026725088495,0,0,0,112,2,0.705,13,1,0
139838.08,27526.02785952526,5.080212967521831,1,1,1,9,0,0.918,14,4,1
6159.92,10518.808914669185,0.5856096103320249,1,1,1,10,0,0.302,19,5,1
1865.14,3014.4586913970443,0.6187300716616481,0,0,0,52,2,0.143,13,0,0
1876.48,2514.0753072143284,0.7463895240307645,0,0,0,108,10,0.552,2,1,0
17290.27,13232.805211719315,1.3066215594567567,0,0,0,345,24,0.043,8,0,0
23195.47,13390.278351542429,1.7322622923948008,0,0,0,404,11,0.213,5,1,0
18847.62,14119.413719085545,1.3348727379059493,0,0,0,754,83,0.482,19,1,0
69046.27,52107.34079076512,1.3250775626297537,0,0,0,213,5,0.594,5,1,0
5101.82,8052.191810021842,0.6335945579266218,0,0,0,231,6,0.03,8,1,0
3127.26,4247.782607643459,0.7362107854610317,0,0,0,155,5,0.422,20,1,0
9049.48,9764.13690363449,0.9268077822951024,0,0,0,398,13,0.219,11,2,0
23848.32,39820.15388752694,0.5989008153270471,0,0,0,436,20,0.226,7,2,0
27820.44,14825.056550351139,1.8765825457431338,0,1,0,248,6,0.246,9,0,0
8943.27,6253.352609919335,1.43015669315644,0,0,0,291,8,0.27,18,0,0
3972.21,2506.6110952103118,1.58469409686344,0,0,0,82,2,0.079,12,0,0
1978.98,2344.4025281529457,0.8441279433186409,0,0,0,748,39,0.18,3,1,0
325112.04,30780.763961838747,10.562182367235504,1,1,1,29,1,0.941,0,2,1
31567.49,9725.304973436598,3.245912280918866,0,0,0,26,1,0.256,10,0,0
25583.56,26298.096058185394,0.9728294959801831,0,0,0,676,30,0.245,11,0,0
14495.79,10238.083735009724,1.4158694746254121,1,1,1,48,1,0.374,18,3,0
36619.89,35565.200065575045,1.0296551830924068,1,1,1,609,15,0.25,8,0,0
3057.62,2968.691961736152,1.029955749802005,0,0,0,347,11,0.144,16,0,0
42421.34,29035.48343446709,1.4610173472607089,1,1,1,464,35,0.276,7,1,0
101177.83,15791.392229054358,6.407150775705299,1,1,1,47,0,0.908,23,2,1
11443.71,10346.405608142019,1.1060569680974568,0,0,0,696,77,0.373,10,1,0
4333.36,3947.184408474298,1.097836125244067,0,0,0,261,10,0.284,7,0,0
21238.54,38970.222583707306,0.5449939664743054,0,0,0,544,23,0.305,14,1,0
48511.81,27655.713250046494,1.7541332969744499,0,0,0,526,18,0.191,13,0,0
1632.1,2832.4183266962787,0.5762224056499755,0,0,0,110,2,0.319,17,2,0
24388.33,34574.50953668484,0.7053847218407445,0,0,0,46,1,0.004,12,1,0
23242.15,22376.174102667563,1.0387009564296388,1,1,1,134,3,0.213,7,0,0
9237.87,9413.946819044444,0.9812962052763293,0,0,0,569,37,0.156,6,0,0
3902.25,4198.904442947191,0.929350370282779,0,0,0,714,51,0.376,10,1,0
8703.01,7343.03790947681,1.1852054709143276,0,0,0,582,23,0.307,14,1,0
7198.96,8860.86336706312,0.8124441484796433,0,0,0,233,8,0.477,13,0,0
9557.93,22157.616506152888,0.43136102086460226,0,0,0,726,40,0.353,9,0,0
11267.92,9238.093423292281,1.2197237174770885,0,0,0,184,7,0.205,9,3,0
17671.67,13068.214628747479,1.3522635973055444,0,0,0,675,24,0.142,10,3,0
1764.32,2292.273473467122,0.7696799012675373,0,0,0,769,45,0.228,17,1,0
7201.7,3410.999105148526,2.1113171385947096,0,0,0,242,17,0.167,5,0,0
5675.4,4994.047668766329,1.136432228001268,0,0,0,573,19,0.291,8,0,0
14335.31,17927.921762134258,0.7996082091688563,0,0,0,401,13,0.124,9,0,0
6071.69,7786.595155846705,0.7797614976477929,0,0,0,291,32,0.036,13,1,0
22339.57,27761.772275760362,0.80468806764747,0,0,0,419,14,0.244,7,2,0
1498.18,2593.0287390854896,0.5777713342649712,0,0,0,649,18,0.222,15,0,0
5879.1,11789.746001825404,0.49866231019484974,0,0,0,463,14,0.195,10,0,0
3388.66,9817.134962831333,0.3451783493597985,1,1,1,20,0,0.348,0,7,1
5564.31,8393.881022198544,0.6629006978936448,0,0,0,435,12,0.146,16,0,0
17130.61,19530.90502022419,0.8771025774538367,0,0,0,775,27,0.522,9,0,0
33093.8,28577.13257890597,1.1580519114034453,0,0,0,366,13,0.042,7,0,0
137115.51,19636.723650857894,6.9826065220788305,1,1,1,44,1,0.924,22,4,1
22207.9,13484.142954612651,1.6469638115417855,0,0,0,772,42,0.149,10,0,0
15863.37,20405.67978013558,0.7773996871700893,1,1,1,431,14,0.293,9,0,0
5954.89,5012.906344381487,1.1879107673456857,0,0,0,161,6,0.301,19,1,0
2672.26,2976.7724872746257,0.8977042422016753,0,0,0,637,24,0.294,8,1,0
22964.07,16109.417319474007,1.425505975857141,0,0,0,72,9,0.168,17,0,0
31922.16,19075.691222185735,1.6734473014294677,0,1,0,174,5,0.518,9,1,1
20859.78,28134.287515551692,0.7414360617314253,0,0,0,460,20,0.413,7,2,0
58850.45,36704.04755109256,1.6033775935962638,0,0,0,392,13,0.213,13,1,0
31119.41,61943.254119829784,0.5023857491620567,0,0,0,127,8,0.264,15,0,0
2919.36,3352.4500116665877,0.8708137152393296,1,1,1,665,17,0.195,10,0,0
15381.99,16362.99281933562,0.9400475031419574,0,0,0,397,36,0.293,11,1,0
10006.01,7591.713848710607,1.318016669208146,0,0,0,564,15,0.326,10,0,0
4775.22,6382.888139652048,0.7481289920238757,1,1,1,408,45,0.572,7,1,0
43219.97,40332.20922843447,1.0715993187276565,0,0,0,213,6,0.242,1,1,0
34199.77,44235.84018408583,0.7731236616735959,0,0,0,778,27,0.272,10,1,0
16330.55,21173.91501700064,0.7712578766037059,0,0,0,651,50,0.153,4,2,0
14440.45,7899.989746690889,1.8279074031723404,0,0,0,209,8,0.324,15,0,0
5905.27,5649.305055487577,1.0453098749654748,0,0,0,37,2,0.338,21,0,0
7557.01,15074.243248549912,0.5013193730297111,1,1,1,394,13,0.512,14,2,0
4865.92,3645.2075615330605,1.3348809289959933,0,0,0,292,17,0.515,11,0,0
3330.23,3013.0187975878916,1.1052798839240363,0,0,0,450,16,0.4,7,0,0
86740.96,53167.95744699846,1.6314517524553023,0,0,0,22,1,0.355,11,1,0
15911.01,21965.69952868416,0.7243573011955547,0,0,0,562,25,0.173,6,2,0
1886.77,2425.125170836105,0.7780105891510571,0,1,0,376,17,0.26,15,4,0
2844.8,4948.976803914795,0.5748267485210858,0,0,0,475,39,0.252,9,2,0
6346.98,8384.491056300945,0.7569901398318005,1,1,1,2,0,0.34,23,5,1
33928.89,23269.041495894482,1.4581127270664187,0,0,0,649,25,0.147,11,1,0
7400.17,12771.265004819465,0.5794388831960448,0,0,0,515,34,0.367,7,1,0
2513.74,2560.4967826610946,0.9817386625426691,0,0,0,214,6,0.132,19,1,0
1793.82,4286.450288002256,0.4184866760305045,1,1,1,17,0,0.332,8,4,1
10820.15,3988.435954612807,2.7128808754352542,0,1,0,180,6,0.66,9,1,1
8275.63,22267.390794006384,0.37164787232502244,0,1,0,622,62,0.117,14,0,0
44797.28,6653.913364185857,6.73247155991384,1,1,1,7,1,0.814,3,4,1
24548.41,19437.027507436153,1.2629712528598136,0,1,0,201,6,0.797,8,1,1
21421.94,18639.5397050375,1.1492740465481721,0,0,0,93,4,0.515,15,0,0
77439.2,67057.99970491398,1.1548093181230488,0,0,0,788,20,0.039,13,1,0
21694.55,11704.678044120446,1.8534938620050627,0,0,0,472,18,0.221,9,1,0
30912.08,27175.393225358126,1.137502430260097,0,0,0,561,21,0.033,12,2,0
3697.74,16076.22730957537,0.23001272877208603,1,1,1,1,0,0.474,12,5,1
16739.19,9938.520690852205,1.684273348314477,0,0,0,796,56,0.094,16,0,0
199705.81,33049.7517044172,6.04258118587199,1,1,1,17,1,0.864,2,3,1
54194.0,51323.228309305334,1.0559350409097426,0,0,0,240,10,0.585,14,0,0
11832.93,13714.243392177868,0.8628204159381362,0,0,0,35,2,0.104,18,0,0
3232.54,2532.225902111896,1.2765603433933803,0,0,0,467,13,0.065,10,1,0
5992.61,4305.174397957924,1.391955333139187,0,0,0,402,11,0.531,11,0,0
6717.95,10194.70310337141,0.6589649391794912,0,0,0,463,14,0.159,7,1,0
48547.13,44993.244633458635,1.078987125116158,1,1,1,444,12,0.047,8,1,0
14676.36,13879.65391969917,1.0574011477702259,0,0,0,487,17,0.133,10,0,0
55527.02,88857.39208255813,0.6249004108158911,0,0,0,125,3,0.438,10,1,0
3984.47,4940.900567617062,0.8064255269949677,0,0,0,527,27,0.041,10,0,0
43851.0,30654.76320088323,1.4304792303223333,0,0,0,196,6,0.426,9,1,0
9268.92,13175.649352402785,0.7034889776639013,0,0,0,779,29,0.374,10,1,0
31720.5,42870.484718062355,0.7399147184021884,0,0,0,610,40,0.45,12,1,0
7617.35,4852.914166316976,1.5696447496887695,0,0,0,439,19,0.433,9,0,0
5057.34,3915.521383687567,1.2916124797123705,0,0,0,685,31,0.113,11,0,0
6138.53,8387.288999384284,0.7318852229495147,0,0,0,749,74,0.048,8,1,0
16798.95,15830.047756674803,1.0612064550534168,0,0,0,147,10,0.217,11,1,0
20821.09,10406.334238453499,2.0008093288455457,0,0,0,680,21,0.667,6,0,0
8185.13,9811.994243785513,0.8341959473967935,0,0,0,525,29,0.097,10,0,0
9914.58,17091.783502873957,0.580078949372909,0,0,0,689,62,0.223,11,3,0
7886.9,5884.001988214327,1.3403970411846504,0,0,1,170,7,0.283,18,1,0
938.38,2280.967442050198,0.411394426191285,0,0,0,222,6,0.008,9,0,0
11187.53,4543.467507591931,2.462333525040791,0,0,0,630,33,0.396,7,0,0
20737.99,10065.64234457638,2.0602744020635257,0,0,0,577,14,0.145,4,1,0
8944.95,6733.886819574619,1.3283482386816268,0,0,0,169,11,0.158,18,1,0
71764.46,40328.78843337734,1.7794846463881946,0,0,1,219,8,0.391,14,1,0
28639.52,10886.161814494146,2.630818957159216,0,0,0,29,2,0.261,15,0,0
8608.01,5436.790420651774,1.5832894184017545,0,0,0,18,1,0.154,12,0,0
4848.93,5803.3409032981,0.8355407683293983,0,0,0,581,24,0.322,10,0,0
3123.09,3024.882349450171,1.0324650752977014,0,0,0,652,65,0.089,8,2,0
9691.92,7383.620334617994,1.3126247885844846,0,0,0,463,18,0.454,10,1,0
62325.52,14126.558541228786,4.411939059262839,0,1,1,159,6,0.733,1,1,1
11926.93,13838.490354774014,0.8618665108246647,0,0,0,36,1,0.488,8,1,0
6389.89,5058.537836671455,1.2631900485359784,0,0,0,769,64,0.07,11,1,0
20031.29,11037.669578631885,1.8148114687707846,0,0,0,160,8,0.124,12,3,0
2018.09,3146.471948997273,0.6413815029330794,0,0,0,410,15,0.084,14,0,0
11082.43,8473.332831833355,1.3079184148735505,0,0,0,237,6,0.185,13,2,0
5032.3,3376.753580127661,1.4902768927573897,0,0,0,325,9,0.274,16,1,0
1499.13,3662.84736950633,0.4092792045256543,0,0,0,742,23,0.272,10,0,0
11514.76,9326.269968969798,1.23465903056073,0,0,0,56,2,0.567,18,0,0
52170.09,26547.8416591937,1.9651347481267976,0,0,0,785,52,0.068,9,0,0
3669.55,4043.682154195526,0.9074763568901653,0,0,0,733,21,0.232,12,2,0
26981.32,25807.291097750684,1.045492157923202,0,0,0,581,18,0.187,12,1,0
4862.97,4218.878446108765,1.1526693041682086,0,0,0,730,81,0.011,3,0,0
26370.25,21533.251566392184,1.2246290668603994,0,0,0,293,7,0.168,14,0,0
16249.9,8797.80470585583,1.8470401905580014,0,0,0,376,22,0.054,5,2,0
170248.6,94479.14955576937,1.8019700308278153,0,0,0,502,35,0.238,12,0,0
19343.65,5494.118199805433,3.5207924983227272,0,0,0,29,1,0.276,13,2,0
4070.83,4786.367360393844,0.8505053809676203,0,0,0,69,2,0.37,11,1,0
6481.68,2698.841787402412,2.4016536019295263,0,1,0,138,4,0.715,11,1,1
23277.91,16538.613441078604,1.40748876125352,0,0,0,602,17,0.358,13,0,0
5607.9,7230.340734423451,0.775606325345666,0,0,0,591,73,0.577,9,2,0
7063.73,6074.295670365484,1.1628890999676833,0,0,0,471,22,0.369,8,2,0
83083.14,60732.156506656145,1.3680255814055104,0,0,0,595,18,0.47,13,0,0
45845.5,32040.74508418196,1.4308500370837727,0,0,0,198,15,0.444,7,2,0
2663.48,2201.7286397055987,1.209721665540027,0,0,0,739,46,0.53,8,2,0
14008.33,15801.678226752301,0.8865092639095257,0,0,0,782,24,0.462,9,0,0
5041.69,5198.257491452394,0.9698806947914259,0,0,0,105,3,0.439,11,0,0
16639.55,14731.477152603567,1.1295233268571083,0,0,0,476,19,0.143,5,2,0
24541.35,14680.951181815912,1.671645874740873,0,0,0,665,44,0.245,12,1,0
71687.55,8549.910978945314,8.384596164772894,1,1,1,9,0,0.846,4,2,1
1626.36,2238.5199235661553,0.7265352739745581,0,0,0,581,27,0.461,16,1,0
10184.2,13952.038002154843,0.729943700820981,0,0,0,39,1,0.08,17,1,0
12508.28,8674.239497646606,1.4420025779329446,0,0,0,125,5,0.312,11,0,0
10003.37,4856.4418479831065,2.0598154071313863,0,0,0,124,15,0.477,15,0,0
47726.63,5454.4150990685375,8.750090378230022,1,1,1,12,0,0.955,14,3,1
28788.57,20369.683309301075,1.4133048220480804,0,0,0,409,27,0.288,8,0,0
51974.47,41949.89185247492,1.238965424831738,0,0,0,283,10,0.174,10,1,0
7936.12,6933.695647789156,1.1445728081205064,0,0,0,417,14,0.312,9,0,0
5611.28,8186.98929255316,0.6853897150539124,1,1,1,756,20,0.266,6,0,0
78083.1,10002.777094803665,7.806142404805362,0,1,1,438,17,0.878,13,2,1
8734.68,3641.6505672075173,2.3985486699097724,0,0,0,701,20,0.164,11,1,0
33570.52,11873.49083883239,2.8273501074840683,0,0,0,205,5,0.099,8,2,0
16851.27,17122.168800127984,0.9841785600470954,0,0,0,578,18,0.193,18,4,0
10785.55,10861.932720634913,0.9929681495605586,0,0,0,685,85,0.486,16,0,0
4329.36,7052.322307898966,0.6138917883190191,0,0,0,441,11,0.022,5,1,0
1293.74,4025.2751844893046,0.3214049634282053,0,0,0,681,52,0.143,13,1,0
21607.22,7863.273419803297,2.747866002651988,0,1,0,165,5,0.587,18,1,1
29906.47,41312.668391287974,0.723905661560941,0,0,0,261,11,0.271,21,2,0
9690.7,14624.79308391439,0.662621294039399,0,0,0,127,3,0.037,10,2,0
15347.68,12426.5029978931,1.23507634036259,1,1,1,449,18,0.178,16,0,0
11941.87,10617.864344017555,1.124696147037776,0,0,0,59,5,0.149,7,0,0
4078.33,2474.546692543678,1.6481112051067133,0,1,0,95,2,0.122,10,1,0
39291.04,50941.429418026564,0.771298359832973,0,0,0,556,17,0.127,16,0,0
38437.27,24351.188419192986,1.5784557182540115,0,0,0,499,35,0.614,11,1,0
30069.38,29923.80068368944,1.0048650116778088,0,0,0,704,46,0.247,8,0,0
7040.21,7667.76941862322,0.9181562399105518,0,0,0,509,26,0.35,9,1,0
49869.92,6770.235029629797,7.3660538800474535,0,1,1,190,7,0.77,17,2,1
7352.57,5578.634290668676,1.3179871431806798,0,0,0,337,11,0.109,13,2,0
25388.64,15919.064622846843,1.5948576947733897,0,0,0,611,25,0.016,14,4,0
12167.28,17183.044863605886,0.708097890451011,0,0,0,357,17,0.618,9,0,0
11884.76,7998.4484539398445,1.4858833576287254,0,0,0,646,23,0.083,19,0,0
44139.98,28990.13785004436,1.5225862139768382,0,0,0,695,77,0.145,10,2,0
14844.48,11531.297861063022,1.287320785384893,0,1,1,263,10,0.281,8,2,0
38222.75,53011.152912187914,0.7210323218090667,0,0,0,457,20,0.157,20,0,0
3806.77,4464.990141119206,0.8525822044243517,1,1,1,236,9,0.055,11,4,0
40444.84,43256.14035488423,0.9350080160820214,0,0,0,116,3,0.118,11,1,0
3541.74,5336.198929941404,0.6637199881558986,0,0,0,555,55,0.229,10,1,0
41757.6,13966.345251697177,2.9898729612782375,0,0,0,331,14,0.338,9,2,0
5670.39,6869.62143719994,0.8254292561588055,0,0,0,452,16,0.143,11,1,0
13831.65,10788.608087710589,1.282060265931581,0,0,0,314,34,0.08,21,0,0
44544.23,19028.828026748095,2.340881551740632,0,0,0,268,12,0.122,9,0,0
9987.13,22618.810449561523,0.4415408196115455,0,0,0,511,19,0.029,8,0,0
38632.57,38481.15219814497,1.0039347653797155,0,0,0,299,33,0.029,11,1,0
11618.03,8781.760971577547,1.3229723311394777,0,0,0,449,12,0.496,14,1,0
18132.72,18114.382671164298,1.0010122826624506,0,0,0,107,4,0.53,13,1,0
6071.85,6052.252943321985,1.003238154791397,0,0,1,61,1,0.267,10,0,0
2519.46,4021.763317756102,0.62645564518424,1,1,1,550,17,0.199,8,1,0
2905.98,2268.3044190291307,1.2811227353682217,0,0,0,256,6,0.173,10,0,0
5557.65,4419.9742902914895,1.2573937516653453,0,0,0,262,11,0.122,12,1,0
11863.56,10275.52346326676,1.1545452646320373,0,0,0,102,2,0.495,12,2,0
18498.22,17076.543822220272,1.0832532840231572,0,0,0,719,37,0.397,18,0,0
4820.35,2713.6239119963157,1.7763498143014518,0,0,0,516,18,0.065,19,1,0
11957.35,11067.089088327371,1.0804419241398815,0,0,0,531,16,0.143,15,0,0
10770.65,3097.3714590655445,3.4773532564764484,0,0,0,12,1,0.518,18,2,0
12714.91,9477.55204252381,1.341581708295345,0,0,0,354,44,0.322,15,0,0
6724.92,15120.939291085353,0.44474208739430804,0,0,0,600,17,0.309,20,2,0
158649.05,18712.82240013386,8.478092886465326,1,1,1,2,0,0.82,14,4,1
3917.83,6038.7327459336375,0.6487826582458367,0,0,0,141,15,0.558,18,1,0
26243.98,23737.720004200182,1.1055811970569,0,0,0,611,33,0.414,16,0,0
30172.93,25219.957576399902,1.196391149760119,0,0,0,327,40,0.347,6,0,0
2233.21,3576.6546877638557,0.6243860598410013,0,0,0,37,1,0.196,3,0,0
3151.76,3806.0075954742606,0.8281013774662446,0,0,0,773,42,0.247,10,0,0
72457.45,38976.23551809114,1.8590162150140734,0,0,0,409,13,0.21,11,1,0
43235.5,52339.50944253838,0.8260586542352925,0,0,0,438,14,0.2,10,1,0
4065.56,5412.58108922443,0.7511308760210188,0,0,0,487,48,0.1,16,1,0
14125.95,13715.640681214652,1.029915152656236,1,1,1,764,24,0.198,10,1,0
9344.35,10797.559925594736,0.8654128970523112,0,0,0,454,34,0.362,9,3,0
9801.7,21226.920364555703,0.46175776795393053,0,0,0,126,7,0.537,10,1,0
18237.01,6394.377970739957,2.852038751219508,0,0,0,676,61,0.624,14,0,0
7826.51,18335.8165079732,0.42684264149713796,1,1,1,603,67,0.113,11,0,0
16706.82,21048.242130926566,0.7937394794742918,0,0,0,624,17,0.382,13,1,0
1880.08,3386.406494830809,0.5551839081538408,1,1,1,29,0,0.556,7,7,1
4493.84,5519.280718757004,0.8142081169170505,0,0,0,283,9,0.36,8,0,0
5433.52,5014.149307675903,1.0836377454445132,0,0,0,67,2,0.32,8,0,0
43835.67,37205.44116142056,1.1782058975647915,1,1,1,422,21,0.183,17,3,0
91786.86,50205.81966057691,1.828211637994699,0,0,0,730,56,0.513,8,2,0
90297.13,12744.587932380473,7.085134976870415,0,1,1,154,6,0.734,22,1,1
3865.65,3225.2751846015976,1.1985491874435037,0,0,0,15,1,0.502,8,0,0
2506.62,7558.452530431359,0.33163099555966075,0,0,0,300,21,0.06,16,1,0
8374.77,8539.436278341276,0.9807173446416424,0,0,0,150,5,0.119,6,1,0
58007.25,33142.195783264106,1.7502536835196136,0,0,0,116,4,0.179,11,0,0
26305.8,14536.500088516112,1.8096379059415142,0,0,0,440,12,0.255,8,2,0
6413.68,9959.785868998091,0.6439574938909615,0,0,0,463,24,0.101,12,0,0
15613.84,16855.15703422288,0.9263539672856723,0,0,0,680,37,0.202,8,0,0
17688.41,11050.522557733904,1.6006850920673297,0,0,1,157,5,0.013,12,2,0
3677.04,3811.0384668469396,0.9648383231019206,0,0,0,304,25,0.337,15,2,0
20202.75,21481.524107015844,0.9404707480527842,0,0,0,507,21,0.528,16,1,0
25909.88,27500.55585465688,0.9421582423459888,0,0,0,129,14,0.117,9,0,0
2750.87,2823.471763835837,0.9742870633494768,0,0,0,121,3,0.502,1,0,0
36740.36,27483.660735200057,1.336807503367986,0,0,0,433,54,0.284,9,0,0
66893.1,9512.036723113135,7.03246899834229,1,1,1,30,0,0.918,3,3,1
15924.03,17489.092546394786,0.9105123243164649,0,0,0,349,26,0.201,11,0,0
40018.34,35295.968350646006,1.133793488978013,0,0,0,233,6,0.202,15,1,0
4001.99,6534.22295881217,0.6124661212345137,0,0,0,402,10,0.06,10,0,0
18507.8,14941.714807876726,1.2386663137982823,1,1,1,586,29,0.309,16,0,0
58297.8,41684.574937817095,1.3985460439238957,0,0,0,36,3,0.416,9,2,0
5773.05,4307.948983651615,1.3400929700257918,0,0,0,668,41,0.44,9,1,0
6281.3,5448.077450009236,1.1529382891279756,0,0,0,777,40,0.117,8,1,0
802.79,2619.5325629700237,0.3064617558686144,1,1,1,478,31,0.345,11,0,0
6012.41,6300.026343778444,0.9543474474855007,0,0,0,703,43,0.124,18,5,0
22432.0,13492.963248078924,1.6624959868457116,0,0,0,194,5,0.319,8,0,0
32674.0,23933.184588675424,1.3652173244159187,0,0,0,484,12,0.097,10,0,0
145518.77,21840.215370267095,6.662881446647087,0,1,1,423,16,0.8,23,2,1
17240.39,12723.353541260756,1.355019001692596,0,0,0,609,16,0.149,10,0,0
10836.98,25768.692549367992,0.42054849256244015,0,0,0,229,8,0.352,19,1,0
1522.75,2037.4763857536507,0.7473692342015765,0,0,0,315,14,0.164,9,1,0
12598.28,6073.804841113421,2.0741990520502767,0,0,0,226,10,0.138,8,1,0
14463.28,22914.64431673781,0.6311804973751527,0,0,0,231,8,0.176,16,1,0
4622.27,6559.926595827563,0.7046215327197064,0,0,0,42,2,0.391,6,3,0
36319.15,30998.494139634004,1.171642253735159,0,1,0,259,14,0.113,6,1,0
12864.61,8814.602832689625,1.459465995075278,0,1,0,295,11,0.091,9,0,0
37516.24,39850.04000719622,0.9414353213706674,0,0,0,540,27,0.333,4,0,0
3899.25,12246.641045273653,0.31839305041766264,0,1,0,51,5,0.157,19,2,0
2439.8,4533.5327403371775,0.5381669419682674,0,0,0,342,17,0.541,8,0,0
9045.53,12835.460111227118,0.704729847414584,0,0,0,387,35,0.233,10,2,0
1012.33,2610.9874556771993,0.38771818202734926,0,0,0,661,16,0.293,20,3,0
3041.07,5584.830652689267,0.5445224476424082,0,0,0,618,26,0.151,13,0,0
8280.47,15430.598950066573,0.5366264191798983,0,0,0,14,1,0.651,9,0,0
6075.34,5906.4135187272705,1.0286007105469788,0,0,0,263,10,0.064,14,0,0
14428.47,10218.064872370476,1.4120546235169056,0,0,0,696,19,0.038,16,0,0
6652.69,2981.8098168854876,2.231092341461145,0,0,1,543,23,0.247,11,0,0
6925.12,9409.010698151433,0.736009720275695,0,0,0,183,13,0.152,16,1,0
160224.09,19074.697474196775,8.399823516973303,1,1,1,45,1,0.932,3,3,1
4915.8,5923.726319780271,0.8298500595598772,0,0,0,45,4,0.378,13,1,0
25171.88,14015.08528029898,1.7960562154771265,0,0,0,579,18,0.291,13,1,0
5622.11,5325.154821463673,1.0557648027126774,0,0,0,625,25,0.305,11,0,0
7330.91,12696.92499814204,0.577376477212016,0,0,0,612,68,0.219,17,2,0
7768.69,9816.1449338665,0.7914192632580568,0,1,0,601,25,0.104,16,5,0
5948.36,13163.859918687565,0.45187036459414787,0,0,0,452,15,0.278,12,0,0
9694.09,3632.546739308423,2.6686770361772334,0,0,0,581,16,0.136,12,1,0
32629.45,29894.213934515745,1.0914970203744896,0,0,0,432,14,0.322,14,2,0
31230.8,44518.26763732892,0.7015278249905302,0,0,0,151,6,0.397,9,1,0
29615.97,22441.255431450594,1.319710890842959,0,0,0,699,87,0.189,11,0,0
37441.45,32628.43787786178,1.1475095990806494,0,0,0,274,8,0.123,14,3,0
11928.67,11507.58468400822,1.036591854727942,0,0,0,619,19,0.212,14,2,0
41817.59,58697.22934296383,0.7124287307663681,0,0,0,551,14,0.358,12,1,0
1497.98,2980.5149223256894,0.5025925807085008,0,0,0,424,35,0.062,13,2,0
4798.65,5220.639449480738,0.9191684686493148,0,0,0,145,4,0.441,10,1,0
6763.28,10883.893366735807,0.6214026327997284,0,0,0,789,65,0.528,19,1,0
2680.69,2455.523475826682,1.0916967833354085,0,0,0,95,4,0.131,14,0,0
14653.24,5578.741826413383,2.6266207536238975,0,0,0,649,19,0.066,9,1,0
45913.02,10228.659041612056,4.4886643098816075,0,1,1,435,17,0.946,17,1,1
29903.04,37642.17022974759,0.7944025660316429,0,0,0,658,65,0.349,13,1,0
19800.15,38574.38363566686,0.5132978757286932,0,0,0,168,5,0.313,11,1,0
3711.22,8053.900970940866,0.46079755753199864,0,0,0,477,13,0.152,10,2,0
27424.69,23811.62368380711,1.151735549395625,0,0,0,92,6,0.325,16,3,0
6405.56,5936.007788434975,1.0791028566491812,0,0,0,324,8,0.347,11,2,0
27328.43,23309.972614051847,1.1723921716214416,0,0,0,626,31,0.314,12,0,0
32727.13,22062.006486927396,1.4834157060520685,0,0,0,217,6,0.35,15,1,0
21122.97,25863.482807075998,0.816710045433957,0,0,0,339,21,0.125,11,1,0
47010.55,56996.03851371546,0.8248037275865251,0,0,0,286,9,0.079,11,1,0
255697.9,93114.72959438172,2.746052137271768,0,0,0,401,21,0.186,16,0,0
99055.95,43408.64387854797,2.2819406538131335,0,0,0,697,18,0.106,12,1,0
17955.4,14513.28215345752,1.2371698691863957,0,0,0,15,1,0.426,9,3,0
12177.47,15791.156890006856,0.771157637273621,0,0,0,727,24,0.294,9,0,0
18033.07,13231.923529992318,1.3628457630554034,0,0,0,628,16,0.114,16,0,0
51618.27,8613.658358878343,5.992606941938943,0,1,1,257,10,0.917,0,1,1
6094.14,5593.107258201726,1.089579752715842,0,0,0,267,17,0.42,10,1,0
41662.08,43995.727247333285,0.9469575206748312,0,0,0,638,16,0.202,10,2,0
6223.29,2951.1715788570427,2.1087534258844496,0,0,0,223,17,0.154,15,0,0
18177.93,15717.4127431387,1.1565472703062847,0,0,0,524,18,0.249,8,2,0
39009.64,19860.405558102826,1.9641912725334174,0,0,0,707,20,0.253,8,0,0
98381.8,11824.18118348043,8.320390290022328,0,1,1,272,10,0.937,18,3,1
24053.95,13272.130624359586,1.812365284061743,0,1,0,219,7,0.804,13,1,1
7907.82,5249.756436535041,1.5063209847974046,0,0,0,294,12,0.498,4,0,0
4841.09,7479.552717646108,0.6472432282177056,0,0,0,397,24,0.117,18,1,0
25066.12,21008.117042173424,1.193163484428355,0,0,0,394,26,0.108,8,1,0
37089.14,31445.23549958173,1.179483606448818,0,0,0,70,5,0.354,8,1,0
8704.27,21711.3612700797,0.4009084387264608,0,0,0,55,2,0.227,12,0,0
15160.68,10040.652650658896,1.5099293153861697,0,0,0,623,38,0.308,12,4,0
28649.9,13330.114201320665,2.1492612143968906,0,0,0,361,36,0.229,11,0,0
31897.9,35722.943684786245,0.8929248493102678,0,1,0,73,2,0.174,11,0,0
2654.21,3059.3512381352184,0.8675721038853865,0,0,0,746,46,0.214,19,1,0
8778.02,4356.402222605711,2.0149703174456883,0,0,0,49,4,0.291,7,0,0
13859.9,8968.829874092065,1.545341387880245,0,0,0,94,3,0.675,10,1,0
26678.96,36521.69882212114,0.7304960098030732,0,0,0,218,21,0.604,10,3,0
2808.38,5875.547233261408,0.47797790934701007,0,1,0,341,8,0.264,11,2,0
7978.87,19256.74929809791,0.41434140066324227,0,0,0,612,16,0.35,21,0,0
4932.9,3877.920214373581,1.2720488582154976,0,0,0,368,9,0.624,7,0,0
17919.51,22181.334989647075,0.8078644432695827,0,0,0,318,13,0.298,10,2,0
26561.51,19581.246132312306,1.3564769841978166,0,0,0,266,6,0.184,12,0,0
14268.16,17637.324845484924,0.8089753325554112,1,1,1,702,18,0.295,17,0,0
13999.55,10958.75374768526,1.2774766508836162,0,0,0,72,4,0.233,9,1,0
17069.75,11353.749694617563,1.5034463525495259,0,0,0,396,10,0.003,6,2,0
13158.63,17708.3185286081,0.7430759510570174,0,0,0,744,39,0.061,10,0,0
3138.21,2951.8790518698565,1.0631243113913598,0,0,0,81,2,0.451,17,0,0
2550.15,2809.272101314693,0.9077621075158987,0,0,0,161,9,0.606,15,0,0
28683.27,22586.244666905455,1.2699442544514836,0,0,0,622,36,0.04,12,3,0
44962.16,52846.17479219543,0.8508120676597348,0,0,0,379,25,0.219,12,0,0
7666.83,6463.698058368749,1.1861368750731172,0,0,0,562,35,0.131,12,1,0
20091.59,12716.500251790932,1.5799618551461625,0,0,0,283,9,0.333,4,0,0
8416.69,8314.614859006517,1.012277038117353,0,0,0,534,38,0.176,20,0,0
5852.33,4029.442996097255,1.4523909139483964,0,0,0,335,8,0.484,12,1,0
29688.13,29366.272262812032,1.0109602558519062,0,0,0,780,70,0.267,7,1,0
2989.51,4597.786842491501,0.6502062653604512,0,0,0,114,3,0.134,9,1,0
58883.0,26602.154315290947,2.213467527232595,0,0,0,679,32,0.144,9,1,0
6226.26,3406.4044376407437,1.827810544421464,0,0,0,451,23,0.282,12,1,0
14859.22,27078.302882570115,0.5487499190064445,0,0,0,301,9,0.025,16,1,0
2879.31,5011.248350026856,0.5745703885571912,0,0,0,68,6,0.366,13,1,0
14081.7,24889.989909850447,0.565757554085697,0,0,0,291,7,0.462,12,0,0
11497.59,8677.979837502953,1.3249159825879773,0,1,0,258,8,0.718,14,1,1
30972.91,17473.77757494405,1.7725364473334901,0,0,0,395,14,0.114,1,1,0
15229.18,25833.239559638183,0.5895189316650609,0,0,1,287,11,0.449,10,1,0
4192.45,5233.419587943452,0.8010915673116372,0,0,0,476,17,0.216,12,0,0
4001.51,4843.792862628916,0.8261108261147723,0,0,0,186,5,0.195,17,1,0
15006.52,16529.592328495986,0.9078578126147016,0,0,0,300,14,0.295,12,0,0
32310.03,21530.433402465085,1.5006680738343932,0,0,0,586,53,0.063,12,0,0
17195.1,14996.648169315176,1.1465961389369683,0,1,0,653,22,0.27,1,0,0
53948.26,35863.61667079441,1.5042615726754298,0,0,0,247,13,0.339,9,0,0
30059.71,22865.619563835236,1.3146248886256353,0,0,0,669,35,0.033,11,0,0
3084.61,5728.8880724692335,0.5384307082595735,0,0,0,743,30,0.075,13,0,0
23722.57,10697.75221522632,2.217528451645798,0,0,0,529,37,0.487,1,4,0
3287.44,3153.9570847605146,1.0423220133370519,0,0,0,712,71,0.123,11,1,0
11064.88,11299.595431486969,0.9792284141935219,0,0,0,172,9,0.073,13,2,0
22412.72,45781.31996081935,0.4895603219218206,0,0,0,518,16,0.341,7,0,0
2180.52,2822.4583755477242,0.7725589057695563,0,0,0,423,14,0.185,14,0,0
47342.96,72370.07686253633,0.6541787115364227,0,0,0,774,24,0.279,10,1,0
4670.28,4781.106169455987,0.9768194746060737,0,0,0,671,74,0.096,14,3,0
6475.93,11819.936352420398,0.5478818483182009,0,0,0,250,17,0.053,15,1,0
11001.37,9830.444733238593,1.1191125130682114,0,0,0,127,3,0.533,12,2,0
29910.59,27890.380524843997,1.0724338507447646,0,0,0,83,9,0.326,6,1,0
3696.41,4754.74145778581,0.7774161504299515,0,0,0,475,16,0.132,17,2,0
97691.53,18206.75837224556,5.365674178364419,0,1,1,102,4,0.974,0,3,1
3316.45,4615.598728853101,0.7185299974435042,1,1,1,614,61,0.122,12,0,0
6974.02,6694.5231845653825,1.0417497754470002,0,0,0,214,5,0.103,15,1,0
24519.71,23595.932259140616,1.039149821084112,0,0,0,123,3,0.167,13,1,0
6772.93,11643.527372646526,0.5816908190684732,0,0,0,520,40,0.051,9,0,0
9341.5,10854.419238854349,0.8606175297593947,0,0,0,416,19,0.033,14,4,0
10330.4,13774.97872898549,0.7499398135913797,0,0,0,106,3,0.252,4,1,0
23386.29,17759.473283719235,1.3168344319769723,0,0,0,774,30,0.31,12,2,0
6456.54,5248.652765922337,1.2301325107460601,0,0,0,224,28,0.05,17,2,0
27798.99,18782.008299582474,1.4800862652339395,0,0,0,100,2,0.213,13,0,0
8788.51,15983.474831608011,0.5498500197400102,0,0,0,38,2,0.505,11,2,0
40075.33,38814.24059406771,1.0324904990059915,0,0,0,467,12,0.209,15,1,0
18980.7,15936.061993757054,1.1910532782070586,0,0,0,633,28,0.355,18,1,0
5220.88,2048.795348567041,2.54826955380359,0,0,0,669,17,0.272,18,0,0
38718.34,25429.68052290744,1.52256508832093,0,0,0,711,59,0.381,17,1,0
5580.68,8272.345259879676,0.6746185348593376,1,1,1,164,6,0.387,8,1,0
6191.55,6948.967111003213,0.8910035134038343,0,0,0,148,4,0.204,11,1,0
1735.84,2214.025102580287,0.7840220067280408,0,0,0,310,9,0.115,6,1,0
5995.52,11595.049592303416,0.5170761252621535,0,0,0,713,41,0.067,10,0,0
20206.51,29527.656943697846,0.6843248531635721,0,0,0,570,33,0.625,8,0,0
5976.15,7318.789835466584,0.8165487168840284,0,0,0,600,16,0.08,17,2,0
4152.75,3408.1192465600293,1.2184871743038554,0,0,0,242,16,0.482,13,0,0
28602.68,5661.360377008521,5.052263198405681,0,1,1,166,6,0.802,22,3,1
11143.46,6398.956344870203,1.7414488502598688,0,0,0,398,30,0.235,8,0,0
5248.84,6733.419826768712,0.7795203771374902,0,0,0,139,4,0.553,18,0,0
2002.43,3605.023785464073,0.5554559567671049,0,0,0,552,14,0.1,16,0,0
5660.17,5983.103816712865,0.9460250718452289,0,0,0,104,7,0.376,10,0,0
7318.05,12090.039978161667,0.6052956263365996,0,0,0,178,16,0.074,15,0,0
9996.06,29481.516252877514,0.3390619498083481,0,0,0,216,13,0.092,12,0,0
17886.37,7679.912949216635,2.328980912850276,0,0,0,316,10,0.283,10,0,0
37620.38,28201.74877540926,1.3339733422287938,0,0,0,537,48,0.416,10,1,0
12074.88,11738.046383175015,1.0286955247712908,0,0,0,700,22,0.575,12,1,0
4512.23,4111.799609813104,1.0973864813289262,0,0,0,721,42,0.59,13,0,0
27251.85,21813.271749703996,1.2493241742504302,0,0,0,560,24,0.104,11,1,0
8554.43,4584.716489267428,1.865857738512211,0,0,0,472,59,0.119,9,1,0
1272.98,3369.527989970902,0.377791081954041,1,1,1,21,0,0.443,13,4,1
7008.9,4893.968888599262,1.4321504121266497,0,0,0,247,6,0.277,10,0,0
13270.11,19396.872931203554,0.6841365776728963,0,0,0,317,39,0.055,8,0,0
23370.01,22334.75700688088,1.046351711889776,0,0,0,230,7,0.515,9,0,0
24526.97,28834.925889094455,0.8505994308361942,0,0,0,172,11,0.153,16,1,0
14187.87,7789.738876946164,1.8213534818317687,0,0,0,25,1,0.163,17,1,0
37237.69,37424.30901999374,0.9950134462355388,0,0,0,677,61,0.397,8,3,0
1934.9,3165.358775872498,0.6112749262359607,0,1,0,720,42,0.241,6,0,0
13534.81,15362.46783803506,0.8810307596231888,0,0,0,165,5,0.122,11,1,0
21642.96,33540.20895836475,0.6452839888278015,0,0,0,640,16,0.267,14,0,0
3387.51,8979.632145819629,0.37724411201041275,0,0,0,69,2,0.433,12,1,0
34378.12,32283.916400066275,1.0648683744674527,0,0,0,379,15,0.294,10,4,0
15020.77,26620.806843815273,0.564249094936419,0,0,0,12,1,0.264,11,1,0
11992.71,23288.41702362824,0.5149646862281846,0,0,0,481,17,0.232,11,1,0
47534.26,41308.41411881866,1.1507162407538063,0,0,0,560,14,0.278,9,1,0
12959.9,4776.6140982236975,2.713198655969764,0,1,0,179,5,0.53,12,1,1
4047.1,7928.789549686937,0.5104314650024881,0,0,0,470,14,0.478,16,1,0
28903.8,34542.60245038675,0.8367579770386919,0,0,0,162,5,0.517,12,4,0
20186.62,23888.556499731327,0.8450329092564732,0,0,0,230,6,0.527,16,2,0
37065.39,21865.73323773269,1.695135832557506,0,0,0,425,12,0.398,7,1,0
4768.25,6894.1523413192335,0.691637447933632,0,0,0,481,17,0.194,17,1,0
13295.56,17591.912256214513,0.7557766458000958,0,0,0,225,14,0.246,19,0,0
12495.46,16089.28938467077,0.7766322092818977,0,0,0,275,16,0.313,16,2,0
103248.86,55592.93460860345,1.8572299273843134,0,0,0,363,14,0.382,12,1,0
34808.47,36024.38415476795,0.966247469509473,0,0,0,359,44,0.277,14,2,0
5831.11,7449.030497677238,0.7828008453659311,0,0,0,335,9,0.596,11,0,0
6811.41,5546.181906601671,1.2281250874585747,0,0,0,309,9,0.273,8,0,0
10651.24,9999.512645975028,1.06517580822774,0,0,0,403,18,0.138,9,1,0
19386.63,14522.06871088521,1.3349771293737962,0,0,0,275,7,0.312,8,0,0
17361.73,22191.591910288207,0.7823563797418747,0,0,0,122,5,0.053,8,2,0
25349.76,24369.901365903923,1.040207727180009,0,0,0,733,28,0.105,12,1,0
3610.09,6261.918370694386,0.5765149522455817,1,1,1,579,24,0.329,15,0,0
45035.74,28478.486088997794,1.5813951036977516,0,1,0,161,5,0.698,15,1,1
25475.24,28315.636452888983,0.8996879425385322,0,0,0,323,20,0.088,15,1,0
15929.75,11427.88976189482,1.3939364721343943,0,0,0,109,4,0.045,14,1,0
7004.55,4399.988198115456,1.5919481643011686,0,0,0,60,2,0.612,16,0,0
39032.64,42485.986171730154,0.9187180687336371,0,0,0,253,6,0.259,13,0,0
38200.01,30079.787745488353,1.269956029926566,0,0,0,162,6,0.218,7,1,0
1214.69,2735.2925506181555,0.44408019801368115,0,0,0,596,29,0.025,7,3,0
3000.18,3456.915994106206,0.8678783080074569,0,0,0,443,19,0.238,11,2,0
54375.05,81988.36067833907,0.6632044711203433,0,0,0,373,17,0.114,5,0,0
11923.97,20531.93587853438,0.5807524605831006,0,0,0,359,27,0.415,15,2,0
5621.99,6845.699713017451,0.8212435963239512,0,0,0,633,35,0.321,11,0,0
4720.22,10292.629794745677,0.4586015539066781,0,0,0,567,18,0.185,8,1,0
11833.94,8393.71207256458,1.4098576395597893,0,0,0,495,27,0.364,7,0,0
1146.65,2172.2091220177335,0.5278747291670817,0,0,0,599,15,0.273,13,1,0
2046.34,4306.531408878491,0.4751704879270736,0,0,0,100,3,0.131,14,0,0
16834.22,33891.789209290044,0.4967048977964751,0,0,0,40,1,0.685,12,0,0
4333.34,12535.468677824632,0.345686255555796,0,0,0,213,11,0.161,16,0,0
7612.7,6458.37642277333,1.1787327098725762,0,0,0,193,6,0.367,15,1,0
11967.78,31863.963308149312,0.37558992472792674,0,0,0,558,16,0.137,17,0,0
8870.22,9598.963233002505,0.9240811646288561,0,0,0,611,26,0.424,18,0,0
30585.5,14577.359044149895,2.0981509333791477,0,0,0,566,22,0.335,12,0,0
7809.34,7897.010388399708,0.9888983253108685,0,0,0,551,14,0.532,7,2,0
2550.3,3872.6264218685114,0.6585457897864847,0,0,0,780,48,0.046,6,0,0
20075.98,25669.530713188822,0.782093661637841,0,0,0,352,44,0.261,11,0,0
11564.05,10732.871861243359,1.0774425926460616,0,0,0,736,32,0.153,8,1,0
20288.16,20109.48913531344,1.0088849880099031,0,1,0,587,24,0.218,16,1,0
9511.16,11301.43694563958,0.84158824801226,0,0,0,742,23,0.31,11,2,0
23668.82,20046.696595774483,1.1806840711891928,0,1,0,72,2,0.144,15,0,0
5847.64,4975.846454314342,1.1752054081525234,0,0,0,443,11,0.015,11,1,0
13467.32,6135.595955898597,2.1949482326355074,0,0,0,530,33,0.122,7,1,0
23326.46,31642.475059542252,0.7371882025687354,0,0,0,149,3,0.149,9,1,0
17941.51,17822.259611309055,1.0066909773005541,0,0,0,756,58,0.276,13,1,0
9514.23,13572.728009784258,0.7009815438282841,0,0,1,348,10,0.455,17,0,0
22190.86,17485.875236916814,1.2690732990350886,0,0,0,361,21,0.195,13,0,0
8859.41,11855.545898006209,0.7472800081952434,0,0,0,332,9,0.451,16,1,0
8137.11,11039.571474489112,0.737085991125266,0,0,0,131,3,0.145,17,0,0
2626.79,2529.614817677514,1.0384144515208538,0,0,0,47,1,0.48,14,0,0
3958.04,5861.706025015737,0.6752361449839342,0,0,0,410,45,0.091,2,3,0
30880.7,26061.92070507804,1.1848973395587308,0,0,0,267,19,0.449,7,2,0
7791.5,6480.6792804332445,1.2022655822346093,0,0,0,654,32,0.226,7,0,0
27244.22,20785.74270989685,1.3107168149110717,1,1,1,693,23,0.226,10,2,0
5811.95,8707.969282790145,0.6674283206996868,0,0,0,60,2,0.391,11,1,0
7132.65,6786.78807570625,1.0509603374661804,0,0,0,603,15,0.111,10,0,0
31343.94,22016.18769300342,1.4236769053238099,0,0,0,315,21,0.088,13,1,0
10655.46,13792.196541625053,0.7725713933788169,0,0,0,25,1,0.229,14,0,0
5105.34,4557.934366042444,1.1200999814579344,0,0,0,664,17,0.488,14,0,0
13375.31,10799.744584788672,1.2384839633991989,0,0,0,418,23,0.225,9,1,0
40422.95,57542.19100679968,0.7024923290136735,0,0,0,102,4,0.389,17,1,0
1417.68,3362.943173857227,0.42156027877941266,0,0,0,379,11,0.215,3,0,0
8554.78,6299.375935724015,1.3580364782350076,1,1,1,642,37,0.512,15,1,0
28376.54,35466.35310965129,0.8000974997607759,0,0,0,363,36,0.071,12,0,0
13560.99,14025.071723608638,0.966910917213425,0,0,0,654,29,0.182,12,0,0
14680.86,13504.85756884004,1.0870797232910516,0,0,0,568,16,0.285,3,1,0
20970.58,13880.123829606604,1.5108354692640964,0,0,0,104,3,0.044,18,2,0
3203.59,3512.5500505752852,0.9120422783812306,0,0,0,157,8,0.107,12,1,0
24731.52,38253.1152940675,0.6465231302665053,0,0,0,545,22,0.216,10,1,0
21452.17,16918.8349605874,1.2679462716261503,0,0,0,557,17,0.205,1,1,0
3939.17,4073.903415619487,0.9669274041301438,0,0,0,751,83,0.077,10,0,0
2895.56,4331.784641211818,0.6684443217004341,0,0,0,493,15,0.451,15,1,0
6257.26,11062.356590925796,0.5656352256021694,0,0,0,194,5,0.154,19,4,0
5360.49,6454.61651295934,0.8304887312051874,0,0,0,738,36,0.213,12,1,0
15536.75,22756.590258669297,0.6827361054234342,0,0,0,93,2,0.49,13,1,0
55847.62,26468.958871724208,2.109929026815759,0,0,0,258,10,0.35,12,1,0
10757.29,17157.42431624209,0.6269760464042489,0,0,0,458,19,0.476,9,1,0
41981.19,53481.71861622684,0.7849633234987925,0,0,0,185,5,0.164,7,0,0
14121.69,21683.578538763013,0.651262010268446,0,0,0,549,19,0.225,4,1,0
6404.35,3031.7266231327067,2.112444045815401,0,0,0,216,8,0.282,8,1,0
8946.9,8193.800219488972,1.0919112846688266,0,0,0,489,12,0.215,15,1,0
16057.49,11429.347924620673,1.4049345209038944,0,0,0,381,34,0.368,13,2,0
166393.46,69764.61350833332,2.3850696820237496,0,0,0,116,3,0.175,8,0,0
12425.84,17513.604109807682,0.7094964698990647,0,0,0,221,22,0.649,18,0,0
12982.86,9679.817416272594,1.3412302445115225,0,0,0,564,15,0.022,8,1,0
10169.83,5880.582961545566,1.7293918475676213,0,1,0,496,24,0.279,7,2,0
56156.95,47886.36475212989,1.1727127770213828,0,0,0,119,7,0.246,15,2,0
12823.72,13924.55800812366,0.9209427826618408,0,0,0,679,18,0.219,7,0,0
17952.88,13405.663571148125,1.3392007934398067,0,0,0,477,25,0.362,12,0,0
15759.59,15465.471920585778,1.019017844862873,0,0,0,316,21,0.178,5,1,0
12707.18,16693.974819597956,0.761183465877079,0,0,0,44,1,0.335,16,1,0
65235.67,53238.38409119623,1.2253502491214414,0,0,0,193,5,0.274,13,2,0
8979.34,16936.322733794477,0.530182250224066,0,0,0,171,5,0.058,13,0,0
24343.76,25197.886753648672,0.9661031196082658,0,0,0,782,97,0.67,5,1,0
16315.38,20467.024115483953,0.7971544786049072,0,0,0,646,17,0.069,13,3,0
2489.93,3507.4332147363602,0.70990051308119,0,0,0,688,86,0.323,17,0,0
1116.74,4341.649912073444,0.2572160158216708,0,0,0,153,4,0.477,18,1,0
11687.09,4824.175112238532,2.422608645205523,0,0,0,753,39,0.376,14,2,0
7672.95,8615.403032586873,0.8906078493630499,0,0,0,669,66,0.662,13,0,0
24443.66,52037.73936027807,0.4697294486687961,0,0,0,665,17,0.075,6,1,0
2440.94,9238.04786251341,0.26422719926582117,1,1,1,23,0,0.443,1,5,1
29323.32,26261.28301587285,1.1165988312906003,0,0,0,314,12,0.24,9,1,0
4205.15,5551.334165123283,0.7575025104601842,0,0,0,312,39,0.069,12,0,0
11606.13,9419.232948167944,1.232173766030384,0,0,0,583,53,0.15,14,1,0
7589.82,10591.85289913959,0.7165712126087234,0,0,0,789,41,0.183,11,0,0
60645.61,41251.162815660355,1.4701550698343977,0,0,0,148,6,0.053,6,0,0
9684.79,14761.813157167708,0.656070709514159,0,0,0,333,19,0.34,3,1,0
18048.04,25350.84646765023,0.7119304781947836,0,0,0,487,23,0.458,8,2,0
19823.21,6727.672379415874,2.94651795130141,0,0,0,731,20,0.296,9,1,0
5353.51,10307.841807494924,0.5193624617529747,0,0,0,560,21,0.153,13,0,0
11256.79,10782.400338569034,1.0439965521250643,0,1,0,140,4,0.551,10,1,1
14123.08,12537.128503336186,1.1265006319395359,0,0,0,490,14,0.456,16,1,0
20963.35,21448.940236526596,0.9773605341413214,0,0,0,246,12,0.421,13,0,0
161999.63,111480.13535072905,1.4531703685131054,0,0,0,374,10,0.116,9,0,0
2869.96,2909.4454029349054,0.9864301075807959,0,0,0,363,27,0.145,8,1,0
19117.18,18737.919716753706,1.0202400716549063,0,0,0,178,5,0.103,13,0,0
8404.05,7445.248220303055,1.128779995634922,0,0,0,399,12,0.044,14,0,0
9494.51,2581.470975009545,3.6779442558485287,0,1,1,141,5,0.914,13,3,1
7752.69,7652.678677246342,1.0130692938256554,0,0,0,544,20,0.532,8,1,0
15020.93,15274.456181119474,0.9834018875960209,0,0,0,61,2,0.109,14,0,0
17872.54,16809.894011459866,1.0632152971326698,0,0,0,717,71,0.489,13,2,0
20999.38,20752.425461690713,1.0119001300071404,0,0,0,751,41,0.515,2,2,0
15259.46,11635.214717274042,1.311489595092848,0,0,0,589,19,0.171,9,0,0
16380.35,16596.916668159407,0.9869514710239993,0,0,0,748,83,0.092,8,1,0
8834.9,12212.162193272772,0.7234511799295127,0,0,0,414,11,0.231,15,1,0
19083.21,24021.04745744488,0.7944368925391914,0,0,0,177,6,0.228,12,0,0
91185.88,55594.576748552,1.6401938402215357,0,0,0,113,5,0.398,16,1,0
29274.77,26812.359568639873,1.091838538411843,0,0,0,71,5,0.231,10,0,0
17327.79,23770.736099282796,0.7289546675787981,0,0,0,415,14,0.169,13,0,0
6602.85,6678.159098227773,0.9887233739944363,0,0,0,234,14,0.524,9,0,0
50377.74,21705.098653188288,2.3210092701148746,0,0,0,335,9,0.332,15,0,0
8876.63,8581.654262257434,1.034372647554202,0,1,0,199,5,0.141,11,0,0
6134.71,19470.15308399683,0.31508254553922915,0,0,0,501,13,0.211,10,1,0
9684.8,4876.500825145618,1.9860135832229653,0,0,0,21,1,0.347,16,0,0
3001.77,4654.4587554717655,0.6449242010205648,1,1,1,2,0,0.524,7,7,1
15792.88,12496.151989588714,1.2638195763496014,0,0,0,668,23,0.196,7,2,0
6945.15,8012.834938951359,0.8667527201235343,0,0,0,570,43,0.368,11,3,0
11923.59,27890.107014265745,0.42752053146951674,0,0,0,466,12,0.205,6,0,0
21106.94,21958.2621313336,0.9612298374339612,0,0,0,488,15,0.257,9,2,0
12418.38,16333.889735864956,0.7602831079277115,0,0,0,514,34,0.136,6,1,0
7029.61,6562.0705469414825,1.0712482052640422,0,0,0,693,31,0.439,10,2,0
12237.51,8550.586525541015,1.4311892293097415,0,0,0,564,14,0.298,18,1,0
23806.11,14537.837688011243,1.6375279105264215,0,0,0,716,35,0.6,8,0,0
32684.34,21651.829218575433,1.509541630352982,0,0,0,527,35,0.287,8,0,0
12391.0,14036.598646918988,0.8827637142031981,0,0,0,129,14,0.117,18,0,0
2634.53,2295.0407425947997,1.1479225569927478,0,0,0,134,9,0.363,13,2,0
23306.99,18746.834273191504,1.2432496372299877,0,0,0,376,11,0.357,18,1,0
6545.33,7605.591245580808,0.8605942029640358,0,0,0,425,22,0.052,7,0,0
12512.72,23025.084963239686,0.5434384124839231,0,0,0,520,27,0.103,11,1,0
18125.46,8935.023814098222,2.028585728599357,0,0,0,488,27,0.651,15,3,0
67624.62,45453.04478926452,1.4877906997757504,0,0,0,300,37,0.284,9,2,0
2835.21,3121.2987846789447,0.9083443411718851,0,1,0,391,21,0.197,15,0,0
31375.02,12221.437841853976,2.5672121589783754,0,0,0,17,1,0.339,12,1,0
13108.67,11849.18518161076,1.1062932380162425,0,0,0,704,19,0.638,13,1,0
6337.99,3525.2732260621333,1.7978708669767247,0,0,0,603,16,0.09,18,0,0
19689.3,23100.60686163607,0.8523283993900447,0,0,0,53,4,0.556,15,1,0
20322.08,18925.416884804552,1.073798533494339,0,0,0,740,43,0.12,9,0,0
12744.86,3689.4961213691363,3.454363188443671,0,0,0,427,26,0.377,10,3,0
16524.19,10982.377014551725,1.5046096914505496,0,0,0,685,32,0.21,13,3,0
19241.75,30540.021507713373,0.6300501484863172,1,1,1,12,1,0.397,20,0,0
5276.68,9198.723731645157,0.5736322001777302,0,1,0,670,19,0.109,20,0,0
2646.88,2802.189234573497,0.9445760820738008,0,0,0,399,19,0.26,18,1,0
8142.11,13973.559735175153,0.5826799081158452,0,0,0,41,4,0.208,10,2,0
56725.02,26165.658531445635,2.1679186863334428,1,1,1,485,21,0.315,18,0,0
777.16,2022.2026188070413,0.38431501711830784,0,0,0,309,14,0.39,10,1,0
2335.58,2354.2824541378145,0.9920558230768446,0,0,0,666,51,0.047,0,2,0
13263.5,7405.014769873464,1.7911512533146616,0,0,0,312,12,0.08,6,2,0
17380.42,19137.616142577805,0.9081811182804188,0,0,0,637,53,0.249,11,0,0
2384.42,2566.228126593943,0.9291541941201049,0,0,0,332,27,0.112,17,2,0
10804.64,15564.717445417273,0.6941752352456655,0,0,0,456,17,0.177,5,0,0
102692.94,24927.007924853635,4.119746127040376,0,1,1,285,11,0.928,22,2,1
43976.89,34080.279676402264,1.2903912379074811,0,0,0,293,32,0.264,12,1,0
3498.98,4312.022902962044,0.8114475615210541,0,0,0,784,52,0.355,16,1,0
17081.11,12567.085217592245,1.3591940005748553,0,0,0,575,44,0.076,12,0,0
44506.47,45483.25301942356,0.9785244289833461,0,0,0,110,3,0.204,10,1,0
5461.25,10955.355271399725,0.49850066489642025,1,1,1,126,5,0.219,11,2,0
4418.34,5473.754512839969,0.8071868703444347,0,0,0,190,14,0.234,21,0,0
20039.79,14203.416894994687,1.4109131415682052,0,0,0,741,35,0.471,2,2,0
47332.83,7581.620213079949,6.243102639403382,1,1,1,45,1,0.894,0,4,1
6111.68,4292.259393412307,1.4238829784104712,0,0,0,429,14,0.216,12,0,0
37160.04,23538.300377755102,1.578705159201961,0,0,0,730,27,0.099,7,1,0
4960.39,4555.366709075444,1.0889121330128684,0,0,0,548,36,0.336,8,0,0
28823.27,22797.86500394564,1.264296955858149,0,0,0,63,3,0.168,17,0,0
36194.74,4458.612779536914,8.117936501241344,0,1,1,362,14,0.866,19,1,1
17791.86,16352.275597263544,1.088035466220756,1,1,1,108,6,0.188,8,4,0
21312.01,22696.356195494944,0.9390058942721898,0,0,0,470,13,0.473,7,0,0
12197.17,24270.129158025375,0.5025588673147319,1,1,1,475,20,0.597,8,0,0
30395.8,12109.556807350662,2.5100674001176184,0,0,0,724,30,0.273,2,3,0
20162.51,25328.334168872672,0.7960455191693934,0,0,0,57,3,0.154,9,1,0
11921.33,7979.67523187644,1.4939612379546108,0,0,0,523,14,0.491,7,1,0
28754.07,37745.334730492184,0.7617914006720493,0,0,0,41,5,0.306,14,2,0
5688.88,7616.5099558055845,0.7469144165788516,0,0,0,180,12,0.244,12,1,0
90692.26,11532.363524154594,7.864152148935954,1,1,1,50,1,0.967,3,4,1
11585.25,4623.741390889907,2.505601159849339,0,0,0,125,4,0.429,10,0,0
18427.31,24986.69548035561,0.7374848068829545,0,0,0,264,11,0.179,19,2,0
14158.0,14645.311051239032,0.9667256156301058,0,0,0,355,19,0.069,12,1,0
7268.84,6801.125800930234,1.068769674199135,1,1,1,210,17,0.247,9,1,0
25214.64,38764.85366326149,0.6504510024227468,0,0,0,752,75,0.294,12,0,0
7338.12,12535.73180543247,0.5853763788482766,0,0,0,38,1,0.226,10,2,0
10376.96,7504.90977052678,1.3826893224836267,0,0,0,306,14,0.118,14,1,0
16049.85,14684.39372206011,1.0929871624321688,0,0,0,409,29,0.543,12,1,0
28453.24,25480.307698399334,1.1166757862314494,1,1,1,567,31,0.051,12,1,0
2278.69,2845.649090632618,0.8007615183853006,0,0,0,388,38,0.119,9,0,0
62052.93,30690.456612687307,2.021896442186063,0,0,0,184,4,0.504,11,0,0
2879.22,4136.822650980079,0.6959984552541837,0,0,0,11,1,0.136,10,1,0
25411.42,39889.09115406105,0.6370519507308072,0,0,0,31,2,0.054,13,2,0
20551.2,8777.408200952646,2.3413745108472543,0,0,0,762,33,0.1,12,0,0
102598.24,17925.9178492379,5.723458267500138,0,1,1,65,2,0.838,23,1,1
8769.59,9450.867718788002,0.9279142482608926,0,0,1,745,62,0.347,13,2,0
12030.84,15239.732137504661,0.7894391789558246,0,0,0,219,10,0.143,12,0,0
17348.98,33272.06162768697,0.521427836928524,0,0,0,210,21,0.31,16,0,0
2989.63,3075.540167425199,0.9720671147497905,0,0,0,363,11,0.197,18,1,0
15607.76,11210.358315503536,1.3922620225283908,0,0,0,532,48,0.193,13,2,0
9516.32,8145.45054955338,1.168298269078387,0,0,0,591,16,0.03,15,2,0
16413.73,18180.072775268032,0.9028417765445791,0,0,0,631,37,0.27,18,0,0
13908.8,25603.647821759347,0.5432351703792913,0,0,0,429,12,0.057,8,0,0
36001.86,32851.20895101444,1.0959066611044315,0,0,0,776,35,0.565,11,0,0
8152.88,7907.57050085737,1.0310215992622807,0,0,0,730,29,0.119,9,1,0
28184.74,19510.009268143473,1.4446298818204235,0,0,0,780,70,0.363,12,0,0
31338.81,10807.794885592766,2.8996491137943767,0,0,0,759,34,0.233,9,1,0
9039.4,6264.053325454744,1.4430592805165239,0,0,0,537,44,0.427,8,0,0
22644.12,18487.688587407854,1.224821354009831,0,0,0,448,15,0.023,11,0,0
68816.17,64081.1991155915,1.0738901600035744,0,0,0,330,8,0.137,7,1,0
16206.5,20679.4336704368,0.7837014735095459,0,0,0,182,6,0.378,12,1,0
902.12,2097.176665367334,0.4301590393821752,0,0,0,387,22,0.178,11,0,0
6245.61,7187.834821824045,0.868913319984927,0,0,0,576,25,0.086,10,1,0
11146.75,17656.014730767503,0.6313286806958694,0,0,0,695,22,0.075,9,1,0
32910.17,34194.83167133664,0.9624310717085199,0,0,1,385,22,0.177,7,0,0
2139.58,4489.885817292758,0.4765327008114476,1,1,1,14,0,0.477,10,8,1
4066.4,7976.3545530867295,0.5098067735231098,0,0,0,739,43,0.318,15,0,0
11778.47,5621.420582817143,2.0952829036300926,0,0,0,658,28,0.404,9,0,0
21523.5,38782.400823807664,0.5549812392789301,0,0,1,501,12,0.142,21,1,0
2454.68,5324.679772728975,0.4610000256234544,0,0,0,559,20,0.274,8,1,0
5083.96,2468.4561727508285,2.059571028257345,0,0,0,538,59,0.477,13,2,0
34600.06,30577.23991229906,1.1315625881557163,0,1,0,205,6,0.598,9,1,1
19124.03,29490.651032071382,0.6484775533672746,0,0,0,241,12,0.074,11,0,0
14984.12,14157.191415249968,1.0584107545670989,0,1,0,294,8,0.44,2,1,0
26995.77,11788.592972567292,2.2899910793300964,0,0,0,247,11,0.747,13,0,0
23734.86,18917.853136386726,1.2546275802243365,1,1,1,194,7,0.073,11,2,0
13695.39,34400.142636699966,0.398120088529173,0,0,0,44,2,0.36,21,0,0
37946.39,13045.53101058817,2.9087655938635115,0,0,0,122,6,0.18,14,0,0
813.92,5648.777109230477,0.14408821572375374,1,1,1,1,0,0.505,11,7,1
2955.38,4626.076492478507,0.6388526659554092,0,1,0,432,16,0.321,9,0,0
11017.38,8675.489824197952,1.2699436893921474,0,0,0,495,41,0.377,12,1,0
24035.7,23976.60922198599,1.0024643111487448,0,0,0,589,21,0.048,8,1,0
14764.93,19069.028435287106,0.7742886778076544,0,0,0,389,11,0.276,15,0,0
17486.99,23324.621045322197,0.7497224229074253,0,0,0,636,21,0.281,8,2,0
8007.91,12015.329509019046,0.666474780321857,0,0,0,614,18,0.458,15,1,0
3332.39,3607.774915314143,0.9236681003395582,0,0,0,64,1,0.506,7,1,0
137313.82,53014.40582052403,2.5901227589139455,0,0,0,95,6,0.068,21,1,0
998.5,2115.952525308367,0.4718895130112698,0,0,0,173,5,0.108,9,1,0
12765.42,4588.904859219972,2.781800743168209,0,0,0,366,15,0.78,10,0,0
9955.73,3329.1613810899507,2.9904619465535003,0,0,0,223,10,0.406,10,1,0
25252.63,16887.203919496096,1.4953707488046033,0,0,0,412,17,0.288,15,0,0
25183.21,14228.494328186536,1.7699138870104185,0,0,0,206,17,0.165,11,0,0
5360.59,12192.856416216513,0.43964992314507934,0,0,0,486,16,0.146,15,1,0
12923.8,9389.632201019904,1.3763902750640888,0,0,0,94,5,0.074,8,1,0
4041.64,5653.5245862394995,0.7148881616672669,1,1,1,28,0,0.373,21,8,1
1319.67,6518.3353609392825,0.20245467373225173,1,1,1,23,0,0.511,15,8,1
13146.73,19933.348598780933,0.6595344694531596,1,1,1,23,0,0.484,12,7,1
2611.67,2269.575715010669,1.1507311245748881,0,0,0,639,30,0.027,15,1,0
21752.28,28112.392788642865,0.7737614211253577,1,1,1,23,0,0.529,19,6,1
16185.01,24102.973748515873,0.6714943203461653,0,0,0,322,23,0.374,16,0,0
22194.28,17446.748131434913,1.2721157431545251,0,0,0,796,88,0.579,12,1,0
32220.61,21633.120413355016,1.4894109133418703,0,0,0,328,16,0.155,13,1,0
21140.23,26110.439506451447,0.8096467123920724,0,0,0,740,32,0.118,2,1,0
18913.54,23265.72939379441,0.8129357502203323,0,0,0,418,11,0.284,14,1,0
19259.55,21752.313174723928,0.8854021756722691,0,0,0,400,11,0.182,12,1,0
22630.35,25183.482122858608,0.8986185922984398,0,0,0,614,68,0.241,10,2,0
5538.02,7271.216226079652,0.7616356199391121,0,0,0,748,29,0.132,12,3,0
4012.29,2888.5240316237164,1.389046726369621,0,0,0,334,15,0.272,12,1,0
11575.61,4262.721256515607,2.7155450724649164,1,1,1,12,1,0.15,13,1,0
39899.45,23470.640822222882,1.699972692903841,0,0,0,345,11,0.065,13,0,0
17349.88,10271.157217047343,1.6891845490868358,0,0,0,739,35,0.712,9,1,0
45151.4,39163.33262220004,1.1528998230672327,0,0,0,451,56,0.15,12,1,0
8302.52,11135.069530520277,0.7456188909706642,0,0,0,594,49,0.118,18,2,0
4933.98,6619.37227004958,0.745384362201378,0,0,0,374,46,0.217,17,2,0
14776.09,9146.143166437396,1.6155542425853426,0,0,0,133,13,0.063,13,1,0
12437.84,16476.59947059828,0.7548789751063568,0,0,0,490,32,0.529,8,0,0
2005.56,2789.902771285688,0.7188642575359514,0,0,0,611,67,0.328,13,1,0
19215.78,7929.992265676763,2.423177905691264,0,0,0,282,23,0.494,21,0,0
9033.58,13648.086641818745,0.6618935104865415,0,0,0,563,70,0.229,13,0,0
133861.32,15852.613286406171,8.444116862398193,0,1,1,194,7,0.95,21,2,1
11506.79,13630.07058982904,0.8442209668543894,0,0,0,398,30,0.199,14,1,0
2759.0,3009.069271956485,0.9168948843592858,0,0,0,630,48,0.304,8,2,0
22940.15,14883.699840808897,1.5412932824986094,0,0,0,216,6,0.438,9,2,0
31461.62,28550.789840462083,1.101952608913384,1,1,1,637,20,0.308,9,0,0
15915.9,10421.872010060177,1.527162988494222,0,0,0,52,5,0.215,8,1,0
94341.3,14594.75862356766,6.4640535228619225,0,1,1,379,15,0.769,12,3,1
3559.1,4545.0910317690705,0.7830638654893813,0,0,0,620,29,0.096,13,1,0
37702.98,28482.727827538605,1.3237137103245251,0,0,0,113,4,0.229,3,0,0
1095.19,2103.100322581849,0.5207512859980119,0,0,0,648,24,0.442,12,2,0
39067.47,40995.27045297289,0.9529749571580941,0,0,0,494,17,0.393,13,1,0
2805.64,2950.4103809696035,0.9509334368132752,0,0,0,326,9,0.568,10,1,0
5739.04,4130.05783655987,1.3895797527227645,0,0,0,667,24,0.123,12,0,0
9689.93,13119.586884506449,0.738584943401661,0,0,0,11,1,0.051,9,0,0
40690.31,35869.14392267651,1.1344099144563886,1,1,1,408,40,0.314,10,2,0
3749.17,3844.8782338839173,0.9751084315466484,0,0,0,112,12,0.262,14,1,0
18015.09,22611.39275072528,0.7967263688991033,0,1,0,406,12,0.094,12,3,0
12928.74,17552.217816841203,0.7365870968851653,0,0,0,270,10,0.16,15,1,0
7542.52,5994.129133832406,1.2583177101794365,1,1,1,614,30,0.33,7,0,0
3590.73,4744.9882772649635,0.7567409541881974,0,0,0,183,15,0.369,10,0,0
123410.06,40816.409224932286,3.023540443131465,1,1,1,483,28,0.042,9,0,0
16624.61,30800.83424412635,0.5397454375693,0,0,0,571,40,0.512,13,0,0
3434.29,3316.9195333905373,1.0353868265019375,0,0,0,350,15,0.365,14,0,0
131719.98,13023.879771704092,10.113728519004725,1,1,1,35,0,0.919,2,2,1
2878.88,2136.099903236666,1.3477275115611678,0,0,0,678,22,0.576,13,0,0
10471.84,15961.861676047003,0.6560540724532973,0,0,0,412,41,0.313,7,1,0
4201.49,3819.331056170482,1.1000578380571855,0,0,0,271,15,0.117,6,0,0
7531.21,9483.157329137783,0.7941665220377409,0,0,0,17,1,0.46,10,2,0
6438.32,13263.54362922613,0.48541439576162326,0,0,0,526,29,0.317,10,0,0
4838.98,11564.221036875822,0.418444174890262,0,0,0,726,42,0.466,15,2,0
1104.01,2949.4323266852384,0.3743142927964188,1,1,1,25,0,0.399,20,7,1
10145.24,8200.140964596834,1.237203457184958,0,0,0,664,55,0.362,14,2,0
17635.98,11720.149256815537,1.5047575426367688,0,0,0,697,20,0.227,11,1,0
19239.22,26083.84669619877,0.7375911967487975,0,0,0,43,2,0.084,14,0,0
2932.93,3819.65663439192,0.7678524426363977,0,0,0,145,6,0.525,14,1,0
10988.45,3919.8853836570033,2.8032591142996113,1,1,1,620,47,0.308,13,0,0
84899.8,13416.793896810455,6.327875549334013,1,1,1,58,1,0.975,15,3,1
3103.72,2418.5153841451797,1.2833146569404221,0,0,0,53,1,0.047,10,0,0
3843.71,7660.129112774204,0.5017815427858818,0,0,0,754,26,0.076,18,0,0
5811.37,8003.060984142268,0.7261431111699609,0,0,0,387,16,0.103,15,0,0
10625.64,11222.238494753145,0.9468375418577518,0,0,0,74,3,0.197,12,1,0
10631.73,16086.58103274608,0.6609068513850281,0,0,0,408,19,0.556,21,1,0
94346.79,10911.362089214132,8.646656028967643,0,1,1,142,5,0.786,1,2,1
31745.08,36066.616652315905,0.8801790366486401,0,0,0,172,5,0.352,16,0,0
12748.76,12775.479172952244,0.9979082984838265,0,0,1,711,44,0.391,18,0,0
24458.72,18068.138507929754,1.3536932430297566,0,0,0,464,14,0.1,12,0,0
16183.56,36378.57707890649,0.44486522584221627,0,0,0,631,39,0.421,8,2,0
59226.77,32998.59147620456,1.7948272875800415,0,0,1,236,23,0.356,11,0,0
105770.08,18280.348585161366,5.785998891371484,0,1,1,315,12,0.779,17,1,1
39736.11,25792.479824230024,1.5406082563019134,0,0,0,205,9,0.213,16,0,0
5772.41,12377.715963898188,0.46635537774235186,0,1,0,119,7,0.104,10,0,0
39822.08,16911.016572677967,2.35480093452921,0,0,0,608,28,0.602,9,3,0
12559.32,23761.385222268298,0.5285600617229328,0,0,0,170,13,0.388,16,2,0
3870.67,4622.411711426068,0.837371019200241,0,0,0,318,14,0.273,16,1,0
29179.27,24482.902448515175,1.1918224151678662,0,0,0,181,7,0.376,10,0,0
10937.63,11366.24188910807,0.9622905454884535,0,0,0,117,3,0.315,11,2,0
2330.47,2568.016546901269,0.9074990547518943,0,0,0,560,21,0.421,12,0,0
3280.2,3966.6508295786107,0.8269433506966617,0,0,0,155,5,0.52,13,2,0
10035.01,8108.079250791387,1.2376551364999973,0,0,0,273,17,0.284,8,1,0
30109.95,37162.288499588045,0.8102286196906002,0,0,0,336,10,0.357,10,2,0
12169.87,9632.800570370506,1.2633784167459678,0,1,0,84,2,0.687,17,1,1
9327.67,9203.895926910474,1.0134475562495746,0,0,0,169,4,0.418,8,0,0
8125.77,9201.882261152996,0.883054673514554,0,0,0,397,19,0.056,7,0,0
15197.64,11731.644084747626,1.2954396080912993,0,0,0,197,8,0.149,5,0,0
19964.09,28222.129480939337,0.7073912367002321,0,0,0,366,12,0.3,14,0,0
15579.25,13440.692017350759,1.1591104281002687,0,0,0,428,13,0.484,16,0,0
22916.44,19280.9706051007,1.1885519702761458,0,0,0,146,4,0.219,11,0,0
10679.11,7781.5625818234275,1.3723611161677365,0,0,0,464,11,0.078,8,0,0
17262.15,23015.962461540254,0.7500076127303643,0,0,0,450,28,0.509,11,0,0
12459.42,15842.931633663286,0.7864339559488938,0,0,0,734,24,0.288,17,1,0
4000.83,6214.089793307257,0.6438316153591321,1,1,1,106,2,0.139,14,2,0
4085.99,7646.6746115381475,0.5343484980267865,0,0,0,604,43,0.2,20,2,0
40513.92,34926.65097018029,1.1599715225451714,0,0,0,200,14,0.096,0,2,0
2401.97,3708.0929754672516,0.6477630769466716,0,0,0,398,12,0.011,13,1,0
18343.08,20786.589194750817,0.8824479655472673,0,0,0,378,34,0.207,12,4,0
2081.31,3690.7666106435454,0.5639233495031357,0,0,0,721,37,0.163,15,1,0
60402.84,34505.26538352243,1.7505397154671014,0,0,0,309,10,0.19,15,1,0
16776.53,16165.266881065163,1.0378136179548796,0,0,0,222,22,0.224,9,0,0
85531.39,11171.589933138295,7.656151579467455,1,1,1,38,0,0.94,14,3,1
15747.55,11655.672808871548,1.3510628577627786,0,0,0,229,7,0.137,12,2,0
6185.99,8272.234208555106,0.7478014193351421,0,0,0,628,78,0.577,14,0,0
35045.94,12148.882115895407,2.8847053007723433,0,1,0,72,2,0.821,18,1,1
6215.43,8372.840595047877,0.7423318634646511,0,0,0,371,11,0.128,13,0,0
114725.47,84172.84719274417,1.3629748302237916,0,0,0,320,8,0.209,13,0,0
12234.36,16453.955795619266,0.7435513226652288,0,0,0,467,35,0.427,10,1,0
4585.33,6341.035966645922,0.7231197368989211,0,0,0,72,2,0.214,8,1,0
4180.2,4600.994898918547,0.9085420131215236,0,0,0,93,3,0.017,14,0,0
6767.26,9491.387723145079,0.7129896190092158,0,0,0,591,15,0.09,9,1,0
2533.33,4099.848162225428,0.617909019771538,0,0,0,778,51,0.25,8,0,0
12243.75,7749.816763797823,1.5798758117091285,0,0,0,34,2,0.126,11,0,0
16247.36,19062.22063828352,0.8523330062995659,0,0,0,707,29,0.293,4,0,0
28534.49,28157.30506224333,1.0133957405257796,0,0,0,183,6,0.083,18,0,0
8575.13,7431.186064628479,1.153937682586315,0,0,0,467,33,0.075,13,0,0
8970.26,18549.529026410528,0.48358430617757553,0,0,0,680,22,0.269,16,1,0
9738.11,4618.625263127664,2.108442358717653,0,0,0,699,46,0.099,12,0,0
49754.76,29719.03956924039,1.674171069624814,0,0,0,495,35,0.139,9,3,0
11513.79,17082.561920176624,0.6740082237913385,0,1,0,11,1,0.196,16,0,0
12899.27,7923.856323564796,1.6279026520125865,0,0,0,255,15,0.341,11,0,0
21203.23,13297.559149536784,1.5945207142031392,0,0,0,345,11,0.268,11,0,0
4809.6,4232.171319078306,1.1364388199439308,0,0,0,502,29,0.541,8,1,0
6358.14,4717.73204868522,1.347711329219644,0,0,0,293,7,0.156,15,3,0
33729.44,32821.3711908862,1.0276669280605053,0,0,0,775,86,0.067,19,0,0
12579.63,10932.47021493384,1.1506667239405968,0,1,0,54,1,0.692,11,1,1
26739.27,11097.267204518961,2.4095361700742286,0,0,0,84,4,0.318,18,1,0
40323.2,18768.233139708303,2.1484812914488276,0,0,0,525,17,0.387,15,3,0
17622.2,17700.432281072262,0.9955800766283989,0,0,0,737,29,0.456,9,0,0
2164.35,3244.4728774247496,0.6670871984736262,1,1,1,23,0,0.44,4,4,1
5261.18,4286.245573767759,1.2274575319419316,0,0,0,523,40,0.183,6,0,0
9684.63,18889.62169250908,0.5126957319814647,0,0,0,127,4,0.341,7,1,0
27309.87,21166.164199848037,1.2902608492388787,0,0,0,192,16,0.421,4,2,0
34001.69,24918.903252156735,1.3644938785659948,1,1,1,277,27,0.203,17,0,0
6994.15,4631.119535533631,1.5102511999845738,0,0,0,750,19,0.327,11,2,0
3826.1,4877.325290087121,0.7844664233037743,0,0,0,526,40,0.305,17,1,0
5614.26,5690.471622087745,0.9866066307416552,0,0,0,199,5,0.398,3,0,0
8728.6,6685.731068854374,1.3055570491151507,0,0,0,345,34,0.263,10,2,0
31210.37,26388.727667598585,1.1827161653523044,0,0,0,65,2,0.438,11,1,0
13145.36,18750.299211100806,0.7010744949148492,0,0,0,155,5,0.178,19,2,0
29776.65,15628.821440453106,1.9052394032331914,0,0,0,711,39,0.349,11,1,0
8196.92,9995.871695725717,0.820030065661298,1,1,1,699,18,0.225,8,1,0
3965.64,5120.725376017866,0.7744293335758898,0,0,0,217,9,0.26,12,0,0
12066.43,13490.326827321971,0.8944501978161492,0,0,0,90,2,0.063,13,1,0
5207.02,3172.100851191436,1.641505497004033,0,0,0,110,7,0.321,13,0,0
80819.06,12149.10932383367,6.6522619952557145,0,1,1,480,19,0.865,10,3,1
28352.36,43472.88082264879,0.6521849533183045,0,1,0,362,13,0.432,15,0,0
2497.38,3599.505866736975,0.6938118321892431,0,0,0,514,51,0.175,12,0,0
3071.11,6931.606662529155,0.4430596142926032,0,0,0,440,55,0.058,11,0,0
1743.3,3331.0217357173606,0.5233520835806538,0,0,0,223,11,0.273,12,1,0
20351.7,4002.1356195660646,5.085210653921774,0,1,1,402,16,0.854,20,3,1
10118.51,14671.30950202773,0.6896798322724154,0,0,0,404,36,0.077,12,1,0
16852.68,18623.755723718277,0.9049022589093658,0,0,0,46,1,0.31,10,1,0
8149.58,3783.0665599417825,2.154225685111829,0,0,0,559,18,0.197,19,0,0
54828.0,32253.105266075952,1.6999292273836097,0,0,0,11,1,0.367,15,0,0
116747.39,74528.42463165623,1.5664814435625054,0,0,0,111,3,0.686,11,1,0
14022.15,8327.813109244815,1.683773879279527,0,0,0,315,9,0.079,13,0,0
7004.41,3405.3266788209794,2.0568974658901937,0,0,0,708,28,0.184,12,1,0
4122.1,4741.846791843162,0.8693029731750194,0,0,0,104,10,0.245,17,0,0
3421.75,4696.858893393668,0.7285196353313574,0,0,0,411,21,0.494,16,2,0
1764.36,6182.063020079319,0.28540061413066764,0,0,0,426,21,0.505,5,0,0
16328.58,11014.731730811705,1.482431255926615,0,0,0,453,50,0.175,5,0,0
22765.93,15145.401264086562,1.5031576550357402,0,0,0,131,5,0.225,12,2,0
31519.95,22464.21769467996,1.4031181018137684,0,0,0,532,31,0.261,16,1,0
6184.04,8411.023099888576,0.7352299834809801,0,0,0,191,17,0.438,9,0,0
3177.92,2597.4013393511236,1.2235016033728672,0,0,0,699,34,0.278,15,3,0
20466.21,28594.90319620599,0.7157294670383377,0,0,0,86,3,0.143,7,0,0
8526.09,6498.839839890496,1.3119397137985183,0,0,0,492,15,0.11,16,0,0
9717.34,10469.875795180451,0.9281236080881032,1,1,1,200,7,0.358,12,0,0
19275.39,15548.4604069357,1.2396976642038258,0,0,0,703,23,0.484,10,0,0
6021.34,4665.043138257499,1.2907365810081652,0,0,0,612,61,0.335,9,0,0
12974.0,8411.83573662005,1.5423505720534787,0,0,0,276,8,0.374,9,2,0
5763.65,3629.004824173886,1.5882189415020753,0,0,0,23,1,0.471,1,1,0
4758.7,24652.784906550492,0.19302896357804855,1,1,1,20,0,0.31,10,4,1
13751.03,15561.27741192249,0.8836696909061844,0,0,0,608,26,0.248,16,1,0
4641.69,8954.732264927166,0.5183500950107729,0,0,0,342,10,0.099,11,1,0
5814.93,7794.870655521869,0.7459946312349884,0,0,0,438,18,0.472,9,2,0
34325.6,20139.7628683705,1.704369631735333,1,1,1,292,9,0.142,19,0,0
4695.8,5173.183543966371,0.9077202483359124,0,0,0,20,2,0.291,9,2,0
4096.12,6782.920745333738,0.6038868528852117,0,0,0,698,69,0.47,19,0,0
35741.44,34568.33220539268,1.0339359109563526,0,0,0,799,88,0.05,16,4,0
46324.49,48506.803980198034,0.9550100593582764,0,0,1,618,56,0.176,8,1,0
3124.54,3531.8455833177372,0.8846755341356815,0,0,0,735,38,0.067,16,2,0
6214.39,2818.8885844062074,2.204551550935555,0,0,0,676,61,0.184,16,0,0
19559.66,25820.926052152216,0.7575118724770898,0,0,1,153,5,0.268,10,1,0
32786.54,18200.353402107692,1.8014234440661017,0,0,0,108,4,0.289,8,0,0
3407.29,4944.081118242531,0.6891648456015058,0,1,0,597,35,0.062,13,1,0
41588.15,5445.538676716896,7.637104233684704,0,1,1,275,11,0.957,21,2,1
15349.7,13904.078417133,1.1039713550652468,0,0,0,443,18,0.04,7,0,0
222409.93,28311.658591690662,7.855771934790476,0,1,1,379,15,0.979,4,3,1
8858.35,6641.166456347062,1.333854745800605,0,0,0,532,21,0.418,12,0,0
3183.15,7330.510314845648,0.43423370044207227,0,0,0,129,8,0.131,11,0,0
39174.38,38353.046789391774,1.0214151395356441,0,0,0,495,17,0.187,14,1,0
15361.97,17135.482996289007,0.8965002807497325,0,0,0,781,37,0.187,11,2,0
92850.96,13773.688809723471,6.741183018737831,0,1,1,170,6,0.939,13,3,1
13932.73,12996.608993035927,1.0720277934611664,0,0,0,409,21,0.045,4,0,0
11374.49,20297.185217575097,0.5603975925862743,0,0,0,282,10,0.546,11,2,0
45698.18,36249.2965622573,1.260663826932705,0,0,0,372,26,0.203,6,1,0
9315.23,7735.243710687849,1.2042578707251164,0,0,0,307,9,0.384,11,0,0
29747.04,18960.81635652654,1.5688692188986217,0,0,0,347,12,0.378,8,0,0
20491.62,20791.55634479001,0.9855743520418875,0,0,0,725,42,0.506,9,0,0
37457.59,19760.659520741665,1.8955639973228997,0,0,0,273,7,0.41,12,1,0
74647.12,40472.2833849704,1.8444009768375926,0,0,0,708,41,0.583,8,1,0
3724.27,4181.663088053901,0.8906201071314955,0,0,0,86,3,0.247,3,3,0
47632.76,59217.15279489765,0.8043743147467294,1,1,1,733,27,0.438,15,0,0
26423.62,35507.36502088553,0.744172831390416,0,0,0,787,23,0.634,12,1,0
66849.0,8259.147919684176,8.09393466715704,1,1,1,27,1,0.998,4,2,1
2952.9,4416.189384034244,0.6686528203384897,0,0,1,357,23,0.046,14,2,0
3566.41,3410.1496483449464,1.0458229978115292,0,0,0,476,28,0.481,11,0,0
8066.84,6708.507187618633,1.2024784027559539,0,0,0,770,29,0.524,6,1,0
4851.03,4701.734974915817,1.0317527480672768,0,0,0,221,14,0.444,9,0,0
8275.33,19543.981215644526,0.42342101828973955,0,0,0,517,15,0.152,14,1,0
49685.43,33299.5959374884,1.4920729825872006,0,0,0,667,41,0.48,11,1,0
5555.7,8934.817507965228,0.6218032778414798,0,0,0,466,15,0.386,19,2,0
9166.34,13088.902448539957,0.7003136196782652,0,0,0,122,11,0.644,15,0,0
30006.5,19717.604197171146,1.5218128800469497,0,0,0,673,21,0.149,11,1,0
3067.24,2866.356407507971,1.070084985191317,0,0,0,164,9,0.268,12,3,0
2478.15,2695.269723366173,0.919444255683493,0,0,0,304,8,0.156,9,0,0
889.15,2282.3584477714417,0.38957617981416515,0,0,0,693,21,0.161,14,2,0
2138.06,2072.4618430564155,1.0316535925374501,0,0,0,297,21,0.497,8,1,0
5961.86,7647.390501322474,0.7795940612756638,0,0,0,588,24,0.083,12,1,0
6398.75,5972.426900229126,1.0713821043313376,0,0,0,82,8,0.043,12,1,0
43809.03,27272.21300796154,1.6063612981299462,0,0,0,496,24,0.137,7,0,0
10289.88,8154.85842022002,1.2618099005273418,0,0,0,40,1,0.049,7,2,0
6859.73,6445.311425560749,1.0642971410817825,0,0,0,186,6,0.051,11,0,0
6850.64,10150.720674970857,0.6748917669618523,0,0,0,83,9,0.361,14,3,0
31773.09,26903.430279334054,1.1810049810318126,0,0,0,497,33,0.171,6,1,0
4160.69,3888.5770324016435,1.06997735382648,0,1,0,488,17,0.36,10,1,0
94564.04,73521.27309917708,1.2862132500333934,0,0,0,429,25,0.424,10,1,0
11131.46,13061.726363510797,0.8522197970680474,0,0,0,459,13,0.224,16,0,0
7237.82,4492.86147172076,1.6109608474996249,0,0,0,436,12,0.479,14,0,0
23440.38,26577.979545761566,0.8819473011100207,0,0,0,464,20,0.299,9,2,0
55852.39,44989.18202210633,1.2414627143796522,0,0,0,392,14,0.088,13,1,0
16441.82,28975.253062746724,0.5674433953302268,0,0,0,207,5,0.372,12,1,0
10009.05,15492.727766361999,0.6460482671959622,0,0,0,391,16,0.148,12,1,0
7301.37,14500.754257203618,0.5035163998933251,0,0,0,478,31,0.268,13,0,0
17527.02,13232.740423961877,1.3245190586732736,0,0,0,59,4,0.15,9,0,0
21228.02,10892.335258302674,1.9488951846549574,0,0,0,418,41,0.41,9,0,0
5845.77,11019.858565657352,0.5304760116629305,0,0,0,635,26,0.08,12,1,0
8019.32,11264.68781301214,0.7118992334177886,0,0,0,753,20,0.279,10,1,0
21922.89,23096.5900094845,0.9491828738518782,0,0,0,273,7,0.118,9,2,0
16538.73,6692.124841596595,2.471372282370878,0,1,0,392,10,0.321,7,2,0
9825.87,8077.432358622933,1.2164592948056303,0,0,0,145,4,0.407,3,0,0
5180.38,8699.75784268676,0.5954629912746727,0,0,0,379,12,0.384,12,2,0
7138.24,15596.242863951758,0.4576894148503341,0,0,0,20,1,0.347,10,0,0
27526.98,58683.57331480676,0.4690746589521204,1,1,1,5,0,0.512,16,4,1
15825.26,25012.407477128818,0.6326963289135497,0,0,0,484,30,0.273,14,1,0
160333.26,16894.741581038565,9.490128137006963,1,1,1,6,1,0.871,22,2,1
20040.17,9284.923423514523,2.1583560647195315,0,0,0,452,13,0.287,10,1,0
12013.7,22348.665013219208,0.5375576372723891,0,0,0,25,2,0.082,14,1,0
10001.62,18275.248680738427,0.5472769756384733,0,0,0,633,48,0.197,0,1,0
24143.97,26190.16673424333,0.9218716793705887,0,0,0,272,7,0.465,11,0,0
2716.1,2100.257763476465,1.293222345603719,0,0,0,651,25,0.176,3,0,0
3041.32,5608.278221685948,0.5422915713599678,0,0,0,283,11,0.351,13,1,0
19071.1,21952.397652864838,0.8687477651127373,0,0,0,614,18,0.53,16,0,0
9116.08,6763.7891522705495,1.3477776055262267,0,0,0,639,30,0.051,11,2,0
21923.73,16868.070811316902,1.2997179663713574,0,0,0,590,39,0.097,7,1,0
12137.07,18261.844995991334,0.664613386216663,1,1,1,16,0,0.59,12,8,1
9640.43,11614.437971795664,0.8300387905440542,0,0,0,140,7,0.322,8,2,0
6260.98,8936.47401000636,0.7006091843586051,0,0,0,333,37,0.412,16,1,0
18596.64,33966.707199393655,0.5474961847462406,0,0,0,332,11,0.184,6,1,0
13139.98,17233.47661028877,0.7624686076741922,0,0,0,270,30,0.164,14,1,0
23127.3,40612.667245325305,0.5694603709458738,0,0,0,634,24,0.235,10,1,0
16960.7,32456.704769488122,0.5225637778554525,0,0,0,182,16,0.181,10,0,0
49482.58,26664.4539197046,1.8557506255305156,0,0,0,628,20,0.312,9,1,0
45299.75,36035.89451200395,1.2570729193778443,0,0,0,384,11,0.41,15,2,0
15445.06,11003.346680880808,1.4036689173726018,1,1,1,520,43,0.654,5,0,0
63568.81,50102.23390259669,1.268781936290236,0,0,0,496,13,0.215,10,1,0
4289.44,28477.170210803815,0.15062741379121558,1,1,1,1,0,0.472,7,8,1
49501.68,41100.8673506745,1.204394942417756,0,0,0,345,43,0.472,11,1,0
5060.96,4897.305444657087,1.033416726513319,0,0,1,180,13,0.588,15,1,0
16218.33,21854.648360293726,0.7420995814088537,0,0,0,423,11,0.332,9,2,0
846.9,2403.7580618170978,0.3523236600971603,0,0,0,716,28,0.459,12,2,0
189005.06,24338.59340025822,7.765652708311509,0,1,1,267,10,0.948,10,3,1
13869.81,22277.45004283375,0.622594276917537,0,1,0,557,15,0.433,13,0,0
15947.54,15800.216792744566,1.009324271491064,0,0,0,133,5,0.199,9,1,0
77055.48,31845.437177132528,2.4196709848300593,0,0,0,81,2,0.521,15,1,0
5994.27,9314.470573980212,0.6435440326576195,0,0,0,188,7,0.291,10,3,0
5501.21,12516.195557337995,0.4395272200745918,0,0,0,202,6,0.506,13,0,0
4085.97,3603.4184709303217,1.1339152811794049,0,0,0,59,4,0.592,11,0,0
6327.13,6555.739686438761,0.965127982543617,0,0,0,771,23,0.197,13,1,0
36902.58,42569.74138101713,0.8668734248941844,0,0,0,139,4,0.454,13,0,0
10567.37,5812.821534784582,1.8179417110739278,0,0,0,261,17,0.222,8,0,0
17670.45,18810.649813616186,0.9393852932846012,0,0,0,395,14,0.112,7,2,0
4843.88,4736.488521329729,1.0226742431265647,0,0,0,127,15,0.278,11,0,0
2135.84,2414.3158587481403,0.8846576129517667,0,0,0,664,51,0.117,15,1,0
7862.28,10206.409586637299,0.7703276503080917,0,0,0,174,10,0.276,14,2,0
18817.03,16748.566299874597,1.1235010043435127,0,0,0,548,28,0.54,6,0,0
12605.47,28773.5750613666,0.43809190903329287,0,0,0,372,18,0.327,13,1,0
25633.66,27186.35961435966,0.9428869907060169,1,1,1,580,15,0.478,16,3,0
4736.2,3959.0067642147546,1.196309338776852,0,0,0,105,4,0.018,17,3,0
10166.69,14733.357927593319,0.6900453700094527,0,0,0,630,28,0.342,10,1,0
14892.87,30034.206031445225,0.49586372015565633,0,0,0,381,23,0.207,12,1,0
4559.37,5483.204018008422,0.8315148949404725,0,0,0,255,10,0.289,11,1,0
11689.73,18143.37927895339,0.6442975425440287,0,0,0,508,31,0.488,5,0,0
13625.61,7473.43098657419,1.8232074289159559,0,0,0,434,54,0.092,15,0,0
24485.52,12685.644458577937,1.9301753833079154,0,0,0,311,7,0.322,19,1,0
3160.24,3310.720564785542,0.9545461994504955,0,0,0,616,23,0.275,12,2,0
28216.43,10908.452674230308,2.5866569694905555,0,0,0,393,35,0.548,8,1,0
10848.91,9285.418987415416,1.168381657154793,0,0,0,168,9,0.096,6,0,0
4881.23,4410.761552235192,1.1066632241581427,0,0,0,27,1,0.372,15,0,0
30002.43,20034.359540249046,1.4975486384051353,0,0,0,492,21,0.289,12,1,0
42523.13,32284.756862407427,1.3171272910281706,0,0,0,484,40,0.136,9,0,0
21943.83,7293.13124173175,3.0088347027371456,0,0,0,509,13,0.186,7,0,0
5666.07,6577.739107084091,0.8614010074119602,0,0,0,92,11,0.168,17,0,0
6832.21,12893.214970665764,0.52990739632045,0,0,0,583,18,0.359,14,0,0
7517.96,11744.26799639037,0.640138423731026,0,0,0,398,36,0.48,15,0,0
30986.67,30047.9041511068,1.0312423283685266,0,0,0,777,26,0.044,13,0,0
5807.33,8863.456455815485,0.6551987280877536,1,1,1,629,57,0.271,14,1,0
11738.72,22287.50840684187,0.5266951297702896,1,1,1,12,0,0.463,5,6,1
8600.77,7886.86926910031,1.0905172288148848,0,1,0,259,6,0.507,18,1,0
18931.98,3131.970491200926,6.044750295850222,0,1,1,433,17,0.722,18,2,1
19129.02,29706.208315167747,0.6439401820338234,0,0,0,252,8,0.482,9,1,0
51136.84,30436.194475949145,1.6801326696656735,0,0,0,357,16,0.335,13,3,0
15170.89,7767.121111927379,1.9532193208603645,0,0,0,780,60,0.188,13,1,0
11654.41,8356.57880947314,1.3946388655515194,0,0,0,792,24,0.166,8,0,0
8804.48,18326.871541292818,0.4804139266848841,0,0,0,393,18,0.097,9,3,0
11326.12,14859.527668204131,0.7622125560298662,0,0,0,624,16,0.266,8,1,0
3472.75,10461.595144562736,0.33195244050849154,0,0,0,784,98,0.125,14,2,0
25102.77,23409.902536276593,1.0723142485303194,0,0,0,418,13,0.405,15,3,0
6351.91,6317.73352428368,1.005408835860832,0,0,0,581,18,0.18,8,0,0
8626.58,8835.463938956,0.9763585386968879,0,0,0,117,3,0.103,9,1,0
13054.48,29671.560752386387,0.4399660968249174,0,0,0,509,33,0.083,17,1,0
7847.06,13113.882182580874,0.5983780803570996,0,0,0,707,21,0.18,10,1,0
3726.94,5671.708073538712,0.6571108943801922,0,0,0,476,19,0.335,8,0,0
135424.98,42811.50685995876,3.163284573773009,0,0,0,168,5,0.194,14,0,0
75533.94,17965.301014497454,4.204435127600789,1,1,1,14,0,0.904,15,3,1
10661.62,11385.473173704437,0.9364233137813794,0,0,0,68,2,0.301,5,0,0
58751.3,55551.39824828734,1.0576025435412117,0,0,0,206,8,0.026,11,3,0
4844.59,11587.55554715042,0.4180857638390499,0,0,0,81,6,0.147,20,1,0
4422.27,4928.217340260322,0.897337229402677,0,0,0,27,1,0.422,13,0,0
10385.22,21916.189627605905,0.47386088377453445,0,0,0,769,32,0.35,12,1,0
5893.42,5772.094970299486,1.0210194661031384,1,1,1,332,41,0.67,19,0,0
3024.65,6342.867963803888,0.4768584887664442,0,0,0,68,5,0.105,14,0,0
31629.01,28542.898968909652,1.1081218233686123,0,0,0,427,11,0.197,14,2,0
9209.2,5897.488008043152,1.5615467780967678,0,0,0,761,28,0.266,12,3,0
1806.36,2972.0487115955584,0.6077834313338636,0,0,0,224,8,0.733,11,1,0
32443.94,27128.69359952155,1.1959271004986722,0,0,0,307,15,0.642,8,0,0
29869.32,35318.033609202794,0.8457243662955584,0,0,0,600,46,0.139,10,0,0
6425.78,10771.469529218737,0.5965559040053051,0,0,0,644,42,0.262,19,1,0
4812.04,4187.017359990493,1.1492752698666295,0,0,0,576,16,0.057,12,1,0
4546.82,7507.843433454678,0.6056088773759836,0,0,0,626,21,0.116,7,3,0
21299.68,8230.906745612927,2.58776884726423,0,1,0,276,9,0.539,16,1,1
65165.07,10374.134862942192,6.281494794360542,0,1,1,63,2,0.818,9,1,1
15331.06,14654.665815368613,1.0461552741735987,0,0,0,203,25,0.403,14,2,0
21661.99,9431.184953126678,2.2968470181967198,0,0,0,357,19,0.399,9,1,0
88348.64,73057.2411115535,1.209307050482943,0,0,0,188,5,0.61,12,0,0
2425.85,3921.432429139125,0.6186142323006488,0,0,0,244,17,0.599,14,1,0
50340.69,38099.84017987388,1.3212834471223038,0,0,0,57,4,0.52,2,1,0
2986.33,3446.880830651461,0.8663872567183323,0,0,0,427,15,0.289,11,0,0
8166.59,9886.32781513131,0.8260486481461453,0,0,0,334,8,0.069,12,3,0
3979.23,5878.749151979942,0.6768844301883886,0,0,0,512,36,0.279,12,3,0
14230.17,16955.568145900215,0.8392623561474555,0,0,0,342,12,0.022,15,0,0
12954.13,9410.2716875621,1.376594922990208,1,1,1,541,41,0.198,5,2,0
59737.28,80753.90891791173,0.7397447155768997,0,0,0,486,13,0.466,0,0,0
39093.17,35245.20613633695,1.109177081563246,1,1,1,398,33,0.336,12,0,0
3218.17,8474.87404358097,0.37973127171064053,0,0,0,739,19,0.091,16,0,0
3369.66,11590.029590029522,0.290737593301639,0,0,0,483,12,0.134,15,1,0
11824.22,14070.51957252368,0.8403544284927863,0,0,0,28,3,0.369,16,1,0
1982.66,2603.5487835842077,0.7615216001582364,1,1,1,293,15,0.314,15,0,0
8352.41,7461.647329504884,1.1193786107953652,0,0,0,709,27,0.106,13,0,0
13983.67,14092.739639083362,0.9922606978851625,0,0,0,247,6,0.632,15,2,0
12687.9,21290.592084734875,0.5959392498686643,0,0,0,338,13,0.51,13,1,0
32702.31,17114.186237903436,1.9108307977925705,0,0,0,523,27,0.215,9,0,0
14344.65,9114.65482615207,1.5738005720132346,0,0,1,307,10,0.21,15,2,0
15058.37,10352.000270624603,1.454634048214852,0,0,0,88,2,0.216,6,1,0
11959.33,14446.681966554197,0.8278253078197233,0,0,0,788,46,0.408,6,1,0
7278.95,8817.47856792714,0.8255143343766554,0,1,0,90,8,0.032,20,2,0
21686.84,21090.120608358488,1.028293964251278,0,0,0,280,13,0.057,10,4,0
22642.34,17057.038919180337,1.3274481827277074,0,1,0,123,4,0.496,15,1,1
22984.19,13948.791437612837,1.6477547694385126,0,0,0,726,22,0.293,6,0,0
5534.34,4225.72279165156,1.3096784240410841,0,0,0,82,2,0.157,11,1,0
2644.97,10654.082072918303,0.24825930397931883,0,0,0,191,5,0.323,13,0,0
2345.91,5950.738773460744,0.3942222765459023,0,0,0,204,10,0.187,10,2,0
14320.57,23680.77544940911,0.6047339231670633,0,0,0,737,56,0.058,11,1,0
29703.25,19992.812962569198,1.4856965861991942,0,0,0,309,12,0.518,3,0,0
12926.88,11238.957636680247,1.150184659988792,0,0,0,758,22,0.184,10,1,0
9414.99,7216.227796023131,1.3046967039811095,0,0,0,486,37,0.37,8,0,0
7289.16,6275.288419324861,1.1615650953011514,0,0,0,613,55,0.609,8,1,0
17093.21,10312.190727063247,1.6575730534035986,0,0,0,178,5,0.182,8,1,0
66286.29,39871.1419423033,1.6625130379058872,0,0,0,368,26,0.12,5,1,0
4380.01,5922.706502216096,0.7395290699630515,1,1,1,586,16,0.3,10,0,0
4127.83,4265.982936866118,0.9676142064603259,0,0,0,403,14,0.39,16,0,0
6577.07,6198.221599611887,1.0611219493261839,0,0,0,46,1,0.085,19,1,0
13481.57,9549.36375146583,1.4117763359543232,0,0,0,474,59,0.181,13,0,0
23447.91,16915.825474779776,1.3861522191094506,0,1,0,163,5,0.574,9,1,1
40054.32,41099.619048296656,0.9745667594256915,0,0,0,180,9,0.012,11,0,0
6936.51,5651.385439411195,1.2273993330889394,0,0,0,476,12,0.269,10,3,0
22491.69,10552.536185224015,2.1314009461285788,0,0,0,620,19,0.013,10,0,0
13434.05,13688.656859274068,0.9814001661988156,0,0,1,206,11,0.324,11,0,0
8946.56,8210.058021820561,1.0897074115752912,0,0,0,62,2,0.073,14,0,0
10093.48,6652.5903756534,1.5172247956820386,1,1,1,225,10,0.055,13,1,0
23554.0,23144.740145473348,1.017682721208767,0,0,0,117,4,0.085,13,0,0
36538.14,51962.62869738531,0.7031618720693915,0,0,0,385,16,0.532,12,0,0
43855.49,31857.51019202108,1.3766139399362216,0,0,0,656,65,0.262,13,2,0
4963.37,5522.181611779293,0.8988054800181422,0,0,0,336,24,0.05,9,0,0
51687.3,38268.98165577088,1.350631817524387,0,0,0,429,14,0.188,18,1,0
2715.67,5370.957507937355,0.5056203348517136,0,0,0,289,32,0.409,10,1,0
21141.51,25250.537217433255,0.8372695501178476,1,1,1,462,27,0.329,9,0,0
2535.07,3354.6892317928873,0.7556806032570421,0,0,0,667,29,0.2,13,1,0
16830.84,12619.034382215888,1.3337657363268245,0,0,0,188,6,0.097,16,2,0
29257.4,33691.82327779115,0.8683828000037033,0,0,0,156,19,0.171,12,0,0
9155.68,12113.44195371982,0.7558279221831097,0,0,0,728,91,0.444,10,0,0
3158.43,4428.951021929956,0.7131320015958394,0,0,0,601,22,0.077,11,0,0
14537.37,12677.063604904586,1.1467458452746442,0,0,0,705,32,0.388,16,0,0
2204.79,2971.1177773126174,0.7420736426994284,0,0,0,479,47,0.135,12,1,0
22251.33,22535.749058359444,0.9873793693381229,0,0,0,334,15,0.212,11,2,0
9710.83,13911.52817628303,0.6980419707669746,1,1,1,28,0,0.418,10,8,1
36572.03,15405.445541494793,2.373967666686647,0,0,0,446,37,0.149,10,1,0
19222.39,30458.146771303906,0.6311084287809094,0,0,0,637,42,0.122,16,3,0
27809.8,28163.809755800732,0.987430436890947,0,0,0,426,15,0.153,5,0,0
36488.79,27941.8098480969,1.3058848676846644,0,0,0,412,34,0.376,14,2,0
43463.93,32749.639834405527,1.327157529681705,0,0,0,88,2,0.475,1,0,0
2181.01,2470.2415504248447,0.8829134233250564,0,0,0,82,3,0.121,13,1,0
17513.06,12045.581286675733,1.453899322506603,0,0,0,294,11,0.607,9,0,0
5221.69,6977.705120220894,0.7483393280010061,0,0,0,744,62,0.19,11,1,0
41129.01,44740.65685213417,0.9192759205777982,0,0,0,352,16,0.132,14,0,0
5496.63,6185.682856422904,0.8886049276656504,0,0,0,528,18,0.238,17,0,0
6732.36,9342.304623572429,0.7206313414987128,0,0,0,329,14,0.378,14,0,0
1823.21,2630.915912315736,0.6929946191237084,0,0,0,786,21,0.564,14,1,0
32880.78,32980.57552145657,0.9969742213302253,0,0,0,782,35,0.53,15,0,0
10537.97,10396.208552348053,1.0136358709064162,0,0,0,309,10,0.078,14,0,0
50183.39,42980.08216687414,1.1675964771744838,0,0,0,746,67,0.245,9,0,0
2037.74,4888.681016827437,0.4168278042115832,0,0,0,751,21,0.113,7,0,0
4605.21,8899.250927437544,0.5174829449939911,0,0,0,422,46,0.56,15,1,0
29438.21,28405.472856346973,1.0363570843281902,0,0,0,513,16,0.31,15,0,0
3707.05,2759.9704843293857,1.3431473470142843,0,0,0,264,24,0.236,9,0,0
42179.71,17440.541006209744,2.41848623162403,0,0,0,611,40,0.216,8,1,0
21082.09,14784.817925102723,1.425928467054289,0,0,0,357,29,0.098,11,1,0
3882.82,4619.961770916546,0.8404446976537475,0,1,0,470,19,0.544,11,1,0
3734.67,2923.136593918266,1.277622852289812,0,0,0,503,17,0.371,10,1,0
4413.57,4595.601858975065,0.9603898279904184,1,1,1,400,10,0.71,12,0,0
54312.95,53162.803636327204,1.021634476290785,0,0,0,227,7,0.18,12,0,0
6869.45,6890.652308571365,0.996923751813462,0,0,0,171,6,0.111,6,1,0
32385.24,23647.43001942922,1.3695034144550355,0,0,0,320,8,0.031,16,0,0
12586.44,10896.372112297813,1.1551034209121092,0,0,0,331,13,0.27,6,0,0
15624.32,29713.274305779178,0.5258362961568509,0,0,0,438,18,0.091,11,1,0
29334.27,12515.000079618112,2.3439292555200613,0,0,0,728,60,0.639,12,1,0
166301.16,29155.84616416319,5.703870152401921,1,1,1,42,1,0.836,1,4,1
22175.72,21823.884177664204,1.016121541072148,0,0,0,234,7,0.292,3,1,0
21929.32,2740.753979628252,8.001199816965434,1,1,1,46,1,0.947,22,2,1
235536.25,29124.790972355768,8.08713946333321,1,1,1,15,0,0.945,22,4,1
26117.59,11983.61926990913,2.179440830903772,0,0,0,104,8,0.641,10,1,0
9090.83,9702.142233450975,0.9369918874411481,0,0,0,253,14,0.067,11,2,0
22876.89,12258.640061097254,1.8661849817885379,0,0,0,754,23,0.141,9,1,0
22163.2,25980.998785069638,0.8530540794710036,0,0,0,525,19,0.066,10,0,0
1593.11,3011.117184405978,0.5290757602876672,0,0,0,289,20,0.043,9,1,0
7246.11,8116.164214122555,0.8927997862220379,0,0,0,50,2,0.065,13,1,0
5626.08,4762.305551515938,1.1813777545556816,0,0,0,657,19,0.097,16,1,0
28594.96,42939.01374623091,0.6659434874698179,0,0,0,478,26,0.327,16,0,0
2909.65,4451.418380871237,0.6536447288552932,0,0,0,70,2,0.382,10,0,0
16128.11,17891.996655731957,0.9014145898941799,0,0,0,289,12,0.158,18,0,0
17958.08,9668.463926816676,1.85738673485243,0,0,0,380,18,0.338,7,1,0
16044.74,18321.35158886622,0.8757401105590423,0,0,0,539,33,0.233,17,1,0
2731.74,2991.0746017926476,0.9132965221201573,0,0,0,62,2,0.377,17,2,0
6999.06,14367.736989057166,0.4871373084228882,0,0,0,585,23,0.193,13,1,0
2906.34,4596.578721257798,0.6322836354278758,0,0,0,422,38,0.186,3,0,0
63266.94,36130.515460713046,1.7510666965150192,0,0,0,335,12,0.232,7,0,0
30286.67,32432.46798885538,0.9338380567067346,0,0,0,363,33,0.258,10,0,0
7457.2,8769.815277022037,0.8503257201245547,0,0,0,677,21,0.239,11,0,0
4421.72,6097.083963256988,0.7252184490974815,0,0,0,202,5,0.677,14,1,0
2890.62,4763.089288715065,0.6068782379746699,0,0,0,646,53,0.061,14,1,0
6333.25,8987.457066481631,0.7046768484395296,0,0,0,241,6,0.333,12,2,0
72878.02,42830.536096048,1.7015434123322224,0,0,0,672,29,0.289,11,1,0
14283.98,10964.101499129312,1.3027951549494237,0,0,0,269,20,0.216,6,0,0
8222.11,6623.186336164184,1.2414126810460548,0,0,0,107,2,0.389,12,1,0
2082.31,5420.613987248066,0.3841456111058638,0,0,0,314,9,0.63,16,0,0
57488.65,23941.08067623658,2.4012554589067343,0,0,0,391,24,0.51,17,0,0
4480.46,6284.310318965414,0.7129591336819534,0,0,0,613,29,0.013,10,2,0
24121.1,23296.475921393543,1.0353968105024005,0,0,0,328,21,0.697,10,1,0
15493.71,15513.985968514544,0.9986931998305656,0,0,0,279,14,0.354,4,1,0
4104.52,7108.8890075697045,0.5773791450162628,0,0,0,639,20,0.334,10,0,0
5601.99,3295.552794738027,1.699862222756659,0,0,0,627,25,0.34,14,0,0
18535.85,19815.233159751995,0.9354344023811441,0,0,0,421,28,0.173,11,3,0
4498.0,6838.089655297809,0.657786355128028,0,0,0,99,11,0.621,18,1,0
31445.98,22256.022091097308,1.4129202369323544,0,0,0,650,19,0.268,15,1,0
4257.65,12431.306230909324,0.3424942844283915,0,0,0,343,12,0.115,11,3,0
76499.11,73328.25617099159,1.043241968266874,0,0,0,303,30,0.267,13,3,0
21848.16,22479.34862573947,0.9719215374746376,0,0,0,514,14,0.482,11,1,0
18794.93,20215.64176533254,0.9297220499034718,1,1,1,78,5,0.191,10,1,0
13176.17,12978.171642375566,1.015256147674461,0,1,0,275,9,0.402,11,1,1
11535.83,11086.583223695747,1.040521605921596,0,0,0,755,62,0.258,12,1,0
18596.9,39027.66307427301,0.4765056972481802,0,0,0,143,4,0.387,13,0,0
13302.55,10550.581687462047,1.2608354816013558,0,0,0,662,31,0.447,11,1,0
12013.2,15263.85222726532,0.7870360939300521,0,0,0,637,17,0.187,4,2,0
7676.82,4375.420960483431,1.754533546734146,0,0,0,215,8,0.097,8,0,0
5910.55,7185.483144082802,0.8225685938582147,0,0,0,37,2,0.123,7,2,0
19233.41,15748.226587681771,1.221306694090092,0,0,0,793,31,0.303,17,1,0
4083.33,4405.80706838259,0.9268065344968688,0,0,0,582,16,0.28,11,2,0
9623.22,4565.931395293076,2.1076142305483554,0,0,0,662,16,0.1,14,2,0
10143.59,5220.868114699788,1.942894197850576,0,0,0,750,22,0.198,12,0,0
16812.21,24486.607569849468,0.6865879239478553,0,0,0,390,32,0.301,9,1,0
17132.13,34722.98701116619,0.49339453167627584,0,0,0,356,10,0.249,9,1,0
5067.96,3166.0782094591477,1.6007074222013322,0,0,0,225,12,0.171,9,1,0
29875.6,23928.62715507157,1.2485296555321708,0,0,0,65,3,0.267,19,1,0
1396.89,2342.2301673971697,0.5963919194157787,0,0,0,601,27,0.098,1,1,0
15747.83,18753.09000319855,0.8397461177849417,0,0,0,498,12,0.307,16,0,0
36997.18,27525.23315489378,1.3441188261586439,0,0,0,748,93,0.089,12,3,0
1880.79,5445.743355781913,0.34536825558795214,1,1,1,28,0,0.452,22,7,1
33486.8,45121.99916465665,0.742139050120049,0,0,0,57,1,0.073,15,0,0
3588.87,5802.829620640699,0.6184682752436241,0,0,0,351,11,0.281,19,4,0
5610.96,5854.794005273017,0.9583522950890008,0,0,0,235,11,0.458,18,0,0
6419.55,3380.514798739295,1.8989872035977684,0,0,0,241,18,0.273,10,0,0
19967.88,14386.250964991043,1.3879834358110763,0,0,0,528,18,0.413,14,3,0
43523.51,47205.0733564779,0.9220090787259922,0,0,0,345,9,0.478,11,3,0
35075.64,16050.167031268547,2.185375479679344,0,0,0,496,22,0.098,13,3,0
30552.09,19891.124542332676,1.5359659187365797,0,0,0,115,3,0.491,5,2,0
9202.34,8465.837066486492,1.0869972257653966,0,0,0,173,5,0.387,18,0,0
14723.76,22283.222234741374,0.6607555693801358,0,0,0,724,40,0.224,12,1,0
11826.76,11350.899297621592,1.0419230371354347,0,0,0,234,13,0.176,10,2,0
14162.78,9339.139716568232,1.5164970916015734,0,0,0,343,13,0.103,16,0,0
14681.92,5549.167434828241,2.645788348223781,0,0,0,603,15,0.052,10,0,0
5012.95,4845.2736771377995,1.0346051493058137,0,1,0,223,7,0.844,13,1,1
162609.19,20464.227136941587,7.946021478909792,0,1,1,337,13,0.867,19,2,1
10938.0,13364.01593272579,0.8184669088154749,0,0,0,344,16,0.194,11,1,0
11450.99,9952.563003340045,1.1505569675206628,0,0,0,658,17,0.465,14,1,0
7707.25,5752.51106806119,1.3398065512821027,0,0,0,513,28,0.166,9,0,0
51002.4,43850.6869851048,1.1630924699536394,0,0,0,767,30,0.207,4,2,0
42694.24,17693.862924033965,2.4129404948595425,0,1,0,31,1,0.421,19,1,1
24701.89,32188.81826271125,0.7674059614076765,0,0,0,195,17,0.34,12,2,0
2626.58,2154.321458919258,1.2192150761890934,0,0,0,400,12,0.247,9,2,0
6123.06,4893.075111201686,1.2513731760552511,0,0,0,496,17,0.168,11,1,0
173107.84,17929.480778604848,9.65492745445801,1,1,1,46,0,0.973,22,4,1
4403.75,5415.790040914027,0.8131322276367066,0,0,0,159,5,0.329,14,0,0
4958.52,6245.4302161272935,0.7939436762592514,0,0,0,467,42,0.201,12,1,0
5454.59,6930.168237779107,0.7870795654869288,0,0,0,271,11,0.309,12,2,0
40818.25,101192.08853811875,0.40337397482333903,0,0,0,175,7,0.081,11,1,0
50525.12,52883.86827422782,0.9553976313473467,0,0,0,604,20,0.224,7,1,0
18379.97,9411.576685748481,1.9529106742892066,0,0,0,475,23,0.223,9,1,0
12683.36,10773.533994445486,1.1772700982280286,0,0,0,92,3,0.039,10,1,0
5652.29,11906.89796819818,0.4747073474922979,0,0,0,322,13,0.34,10,0,0
41764.7,25644.246347718596,1.6286186059001153,0,0,0,271,20,0.2,16,2,0
19955.14,32871.79654238517,0.6070594591071875,0,0,0,408,17,0.596,16,1,0
26508.07,53455.15913657367,0.49589358374063064,0,0,0,384,10,0.465,9,2,0
7263.48,12831.476196391739,0.5660677219748322,0,0,0,312,9,0.44,13,1,0
4703.48,3782.8708467817532,1.2433631433024828,0,0,0,355,25,0.125,20,1,0
4449.19,12318.742975634439,0.3611725988002304,0,0,0,80,10,0.144,10,2,0
2308.01,2058.0314474288352,1.121464799458806,0,0,0,587,16,0.188,9,0,0
22256.63,14293.751999432941,1.557087831167117,0,0,0,288,9,0.389,8,1,0
7546.73,8878.56690831824,0.8499938183648322,0,0,0,740,25,0.406,18,0,0
21149.06,14606.078509356517,1.447963106265067,1,1,1,97,6,0.16,11,0,0
22513.08,29352.22463237866,0.7669973467118777,0,0,0,126,6,0.051,14,1,0
1099.48,9643.805117022424,0.11400886749020868,1,1,1,2,0,0.308,14,6,1
16449.35,15933.696532101332,1.0323625508689935,0,0,0,545,14,0.403,10,2,0
17791.33,18854.091458847764,0.9436321973552012,0,0,0,744,25,0.376,13,2,0
14498.24,26874.662444931095,0.5394762211731087,0,0,0,269,12,0.302,8,0,0
10385.18,14061.551955110519,0.7385515543401674,0,0,0,14,1,0.202,17,0,0
9740.52,18213.131511432453,0.5348076943341784,0,0,0,598,39,0.239,10,3,0
34396.93,20604.683974046642,1.6693741030699474,0,0,0,689,24,0.084,20,0,0
10424.19,6244.229374110096,1.6694125319859667,0,0,0,100,4,0.54,13,2,0
60653.34,57403.26066240113,1.056618435364136,1,1,1,576,17,0.167,10,0,0
34430.21,15435.468584943153,2.230590496617562,0,0,0,314,9,0.256,9,3,0
43537.11,24717.03998709152,1.761420810572111,1,1,1,15,1,0.371,2,2,0
9169.55,7967.354225673898,1.1508905009147434,0,0,0,563,15,0.079,18,1,0
9062.83,17862.118752912746,0.5073773722457565,0,0,0,293,12,0.233,18,0,0
19241.85,17330.397978491834,1.1102949211528665,0,0,0,509,24,0.314,13,1,0
2502.19,4389.337462115653,0.5700612970000681,0,0,0,72,1,0.064,15,0,0
35152.51,40273.78179979286,0.8728386459483867,0,0,0,108,7,0.03,10,2,0
4432.22,5202.315754063871,0.8519704270965647,0,0,0,451,45,0.126,12,2,0
24793.49,18993.71042218503,1.305352763531725,0,0,0,292,19,0.04,5,1,0
96210.21,15451.537214155907,6.226578766950993,0,1,1,97,3,0.73,13,1,1
10813.22,8848.628313652864,1.2220221019165394,0,0,0,670,24,0.112,8,0,0
52960.2,36404.746787049415,1.4547609495884706,0,0,0,524,24,0.419,1,1,0
10649.86,6067.150838332693,1.7553311232521265,0,0,0,122,6,0.063,11,1,0
12172.26,11293.559268843059,1.0778050934751755,0,0,0,233,21,0.116,11,1,0
44825.78,25793.861716848085,1.7378468505082438,0,0,0,40,1,0.611,15,0,0
6266.77,11136.50167309767,0.5627233614534018,0,0,0,92,3,0.422,1,0,0
12272.89,14135.707418431104,0.8682189835396551,0,0,0,359,11,0.194,21,3,0
16726.3,19306.83609362729,0.8663406898978245,0,0,0,422,11,0.184,12,0,0
4511.3,2472.6508125800124,1.8244794302209355,0,0,0,340,20,0.586,17,1,0
6610.26,9764.696573638153,0.6769545884193964,0,0,0,132,4,0.192,9,0,0
9485.27,9201.16027788446,1.0308770868944523,0,0,0,199,19,0.182,15,0,0
16583.38,3735.4642419976894,4.4394426560503595,1,1,1,13,0,0.936,3,3,1
13234.94,13507.351857512143,0.9798325527166587,0,0,0,790,46,0.152,11,1,0
7010.61,4796.7874973573025,1.4615224697319176,0,0,0,326,9,0.157,12,0,0
35107.54,49090.052330814695,0.7151661072995578,0,0,0,171,8,0.059,11,1,0
7952.49,4367.275945365518,1.820927773613333,0,0,0,593,17,0.324,7,1,0
19742.48,12017.073310657264,1.6428691066072583,0,0,0,324,19,0.071,2,0,0
6883.84,9333.314318596324,0.7375554549093701,0,0,0,105,3,0.068,13,0,0
12471.08,13664.197566290139,0.9126830624175044,0,0,0,119,14,0.196,7,0,0
7993.04,6985.432128780867,1.1442445835783304,0,0,0,261,11,0.136,9,1,0
2700.93,2565.6038990151987,1.0527459264217756,0,0,0,466,23,0.48,9,1,0
223390.03,36676.09179367197,6.090889658036096,0,1,1,235,9,0.96,3,3,1
1903.72,5889.568108550002,0.32323530203246864,1,1,1,9,0,0.551,6,5,1
2865.49,3091.48069924196,0.9268974771471096,0,0,0,207,10,0.471,13,2,0
11435.27,14432.128433874494,0.7923484743184179,0,0,0,56,2,0.04,10,0,0
1159.85,2321.387717740042,0.4996374829804708,0,0,0,568,22,0.273,9,2,0
6686.75,7688.304158808289,0.8697299782935481,0,0,0,335,17,0.457,14,0,0
5870.55,6165.044251088318,0.9522313593762867,0,0,0,683,35,0.277,7,1,0
16516.74,13029.949979375886,1.267597891406908,0,0,0,208,5,0.267,7,0,0
8757.43,8192.8089646412,1.068916103049742,0,0,0,312,11,0.247,13,0,0
40540.91,18132.728950941797,2.2357865753354713,0,0,0,164,6,0.186,10,1,0
10395.89,8126.593299738611,1.279243846971997,0,0,0,371,11,0.693,16,3,0
13253.28,10098.77284494962,1.3123657362693129,0,0,0,665,83,0.298,11,0,0
1842.68,2528.2248651663826,0.7288416025891977,0,0,0,421,26,0.459,9,1,0
27235.38,28016.47102200305,0.9721203408696742,0,0,0,671,27,0.584,0,1,0
10557.38,9499.131387927133,1.111404630813013,0,0,0,284,12,0.286,10,1,0
18108.3,21463.446072389022,0.8436808309830945,0,0,0,320,40,0.108,18,3,0
2171.01,4924.966967571193,0.44081617596683187,0,0,0,571,57,0.265,11,1,0
11752.06,16625.58567008523,0.706866151532433,0,0,0,305,27,0.376,11,0,0
21351.8,17617.154860236587,1.211989094438203,0,0,0,502,31,0.183,15,0,0
3232.16,3346.0432917517273,0.9659633362939989,0,1,0,319,35,0.318,13,3,0
35987.82,38787.24291080002,0.9278262806108021,0,0,0,422,10,0.197,13,1,0
5227.35,6279.396502580301,0.8324613419518688,0,0,0,613,25,0.484,12,0,0
14940.27,10071.899989234804,1.4833612664800164,0,0,0,112,4,0.166,14,3,0
15155.1,31994.547949117776,0.4736775894834275,0,0,0,575,57,0.327,4,4,0
31609.47,51518.90391718685,0.6135508225016229,0,0,0,784,23,0.137,6,1,0
9521.71,12341.735035516971,0.7715051642584307,0,0,0,729,52,0.362,15,0,0
3044.82,2402.397838956029,1.2674093092998175,0,0,0,388,25,0.257,3,0,0
78539.95,13821.493168208617,5.68245062350606,0,1,1,101,4,0.879,4,2,1
135824.56,48711.846667253885,2.7883271021276608,0,0,0,374,18,0.363,11,1,0
15436.47,10058.803428886791,1.5346228763408356,0,0,0,246,22,0.28,7,0,0
17143.62,15331.275167677859,1.1182124417438666,0,1,0,186,12,0.493,9,1,0
57757.43,36550.50875207692,1.5802085317693335,0,0,0,583,27,0.051,9,1,0
57292.67,36870.41421978555,1.5538927891406262,0,0,0,323,29,0.085,9,0,0
3594.24,5199.322001582282,0.6912899348500054,0,0,0,796,20,0.182,10,2,0
54019.82,7386.880419095981,7.31294126112052,0,1,1,89,3,0.949,22,2,1
21018.79,16204.894438049856,1.2970644678246246,0,0,0,103,3,0.201,10,2,0
2864.82,4089.5115641116863,0.7005283067609318,0,0,0,282,11,0.027,14,1,0
10014.94,5238.77886414664,1.9116929282249622,0,0,0,166,9,0.197,17,2,0
18609.58,21528.02935653696,0.8644349846772538,0,0,0,652,22,0.052,11,0,0
12925.8,21168.264562836113,0.6106217000563056,0,0,0,645,16,0.305,17,0,0
10443.3,7709.50391918696,1.3546003113893665,0,0,0,247,8,0.311,6,1,0
6026.09,7597.491260095777,0.7931681936650977,0,0,0,465,33,0.113,11,0,0
9445.73,10216.165320515069,0.924586941262388,0,0,0,683,22,0.211,10,0,0
10171.06,10742.464565159033,0.946808638808963,0,0,0,324,8,0.429,2,2,0
1634.92,2072.195120949306,0.7889794786904007,0,0,0,328,41,0.71,9,1,0
33272.13,28601.547517706207,1.1632981358648764,0,0,0,713,32,0.183,13,2,0
29505.61,16649.56001915079,1.7721552418063353,0,1,0,225,7,0.583,15,1,1
32398.17,33067.00346074697,0.9797733924548044,0,0,0,293,14,0.621,13,2,0
26008.47,12262.583906929092,2.12096176789776,0,0,0,84,2,0.126,18,1,0
254982.05,103642.31182660311,2.4602118894979745,0,0,1,789,30,0.307,12,1,0
14994.42,9516.111666478235,1.5756880166496312,0,0,0,741,25,0.307,16,1,0
9877.43,20901.70287051407,0.47256594298592375,1,1,1,795,79,0.179,10,0,0
28046.97,16375.272773052408,1.7127638187124847,0,0,0,647,21,0.221,17,2,0
67734.3,13017.53771267991,5.203311464691834,1,1,1,37,0,0.833,23,4,1
18416.88,19060.831888685265,0.9662160703569307,0,0,0,342,13,0.284,6,0,0
1605.79,3344.4799158317674,0.4801317733970255,0,0,0,337,11,0.414,17,0,0
11872.69,10194.425899413847,1.1646257913196132,0,0,0,744,22,0.249,8,1,0
71365.52,25805.809133246672,2.765482566425323,0,0,0,72,3,0.29,16,0,0
15284.77,7954.736412540312,1.9214681034535313,0,0,0,431,20,0.205,12,2,0
14565.01,6340.674459471256,2.297075520100301,0,0,0,718,32,0.261,6,1,0
8219.52,10804.778134946253,0.7607303819468035,0,0,0,81,2,0.385,8,1,0
8254.33,3789.877345475249,2.1779939294127826,0,0,0,312,14,0.097,11,0,0
5036.08,4911.987521039354,1.0252627255132307,0,0,0,40,1,0.376,12,1,0
12984.58,19273.59317376246,0.67369798999457,0,0,0,771,70,0.099,15,0,0
3342.51,3161.5993471288634,1.0572211891149204,0,0,0,511,56,0.497,9,0,0
38483.65,37565.414851605434,1.024443739965021,0,0,0,54,2,0.425,7,0,0
9758.57,29793.912693345745,0.32753554299239307,1,1,1,23,0,0.476,0,8,1
11861.61,5620.114880965895,2.110564414456133,0,0,0,265,7,0.193,10,0,0
3908.88,2659.003617039536,1.4700528738088123,0,0,0,438,12,0.304,10,0,0
1798.17,2181.7822398995518,0.8241740540632186,0,0,0,751,83,0.342,9,3,0
25492.66,26377.408932974926,0.9664579319509596,0,0,0,412,15,0.183,11,1,0
5406.44,11909.54029373799,0.4539583796847155,0,0,0,243,20,0.305,10,1,0
12372.19,18019.711730049145,0.6865919958070762,0,0,0,416,11,0.016,18,2,0
21128.51,39249.898982398016,0.5383074579600315,0,0,0,104,4,0.216,11,1,0
4426.84,9541.276686780082,0.4639668191312769,0,0,0,689,24,0.089,15,2,0
6212.72,7290.487561980653,0.8521685211907647,1,1,1,104,3,0.148,21,0,0
43146.72,40471.43317446248,1.066103071127225,0,0,0,272,7,0.017,13,0,0
8222.36,9279.551958923548,0.8860733376297942,0,0,0,261,20,0.325,13,1,0
25910.68,33128.77576132833,0.7821201712842643,0,0,0,149,12,0.179,7,1,0
2495.5,3587.6487265610713,0.6955811960500411,0,0,0,463,17,0.082,15,0,0
7369.32,4919.845466289762,1.4978762699716355,0,0,0,319,15,0.074,13,0,0
6863.18,7524.102667792841,0.9121598334238953,0,0,0,758,22,0.072,8,0,0
52085.9,61251.8926359419,0.8503556922303188,0,1,0,480,30,0.14,6,0,0
6252.78,3582.467195997996,1.745383173206716,0,0,0,512,25,0.177,6,0,0
11789.77,5296.1402290365995,2.226106508127154,0,0,0,770,51,0.273,10,0,0
13754.03,10000.27266378384,1.3753651492891252,0,0,0,681,17,0.117,14,1,0
165942.99,21193.25445988261,7.829990893107409,0,1,1,49,1,0.853,19,1,1
1736.83,2381.653978278832,0.7292533100234021,0,0,0,26,1,0.32,10,3,0
4888.37,4774.959933227658,1.023750405861187,0,0,0,445,19,0.245,13,3,0
6200.31,4605.332825781294,1.3463331171750683,0,0,0,551,42,0.25,7,2,0
11945.11,14216.52831026306,0.8402270245250409,0,0,0,504,19,0.114,17,3,0
17608.42,10120.478533783527,1.7398802817075532,0,0,0,720,90,0.081,11,1,0
19387.52,30068.59502283124,0.6447764577355893,0,0,0,89,2,0.309,4,1,0
12263.15,9031.922107814713,1.3577560016838495,0,0,0,634,28,0.226,8,1,0
37084.56,37889.59659427013,0.9787530958097419,0,0,0,358,25,0.432,14,1,0
60627.75,75278.95238651367,0.8053745798638945,0,0,0,555,14,0.152,12,1,0
8450.26,5353.252121279624,1.5785277482584765,0,0,0,345,9,0.157,19,0,0
10240.6,5033.872690672985,2.0343391514129365,0,0,0,308,8,0.08,11,1,0
15215.02,8113.134465719411,1.8753566000571575,0,0,0,647,38,0.018,12,1,0
5942.24,4612.657749578051,1.2882458884562933,0,0,0,381,23,0.215,5,1,0
3571.78,3911.270896275535,0.9132023179159922,0,0,0,529,18,0.47,11,0,0
716.74,2324.552905889391,0.3083334441163551,0,0,0,333,10,0.24,17,1,0
31005.46,4885.1822517830515,6.346837928426999,0,1,1,340,13,0.7,11,2,1
11000.71,11049.65981480876,0.9955701892659253,0,0,0,516,16,0.093,21,2,0
273620.25,41936.39522216322,6.524648830251837,1,1,1,4,0,0.996,22,3,1
20664.37,15860.200490507845,1.302907128942667,0,0,0,504,31,0.303,10,0,0
6496.31,6834.34825521603,0.9505386993419227,0,0,0,537,14,0.262,18,1,0
10235.86,14246.083055102601,0.7185036086775964,0,0,0,338,15,0.125,19,0,0
76823.47,10258.899330817558,7.488470907994007,1,1,1,58,0,0.806,4,3,1
14541.94,8168.955858516623,1.7801466250224862,0,0,0,324,9,0.144,12,0,0
3258.11,2414.1775570666246,1.349572039554799,0,0,0,669,23,0.459,9,0,0
58851.12,62294.41106870221,0.9447255566458514,0,1,1,473,24,0.04,15,1,0
8964.06,9225.201869016073,0.9716922396462744,0,0,0,49,2,0.533,2,1,0
11035.46,24380.673394589205,0.4526316544543962,0,0,0,244,13,0.352,8,0,0
80746.39,33165.389945224044,2.434658130153889,0,0,0,636,30,0.132,17,4,0
2159.41,3089.6034929291145,0.698928295106696,0,0,0,323,23,0.316,14,1,0
5037.14,3701.5678661460315,1.3608118852433835,0,0,0,313,13,0.13,7,2,0
18206.95,12995.917527009175,1.4009747785290547,0,1,0,260,7,0.23,8,0,0
26037.37,25880.249454499542,1.0060710184621935,0,0,0,557,16,0.074,11,1,0
9991.86,15958.939313230552,0.6260981515871776,0,0,0,278,14,0.698,11,1,0
41249.92,33075.79901326708,1.2471330857324765,0,0,0,27,3,0.319,18,0,0
22263.81,14393.19357804338,1.5468289677323275,0,0,0,683,52,0.502,15,0,0
2645.68,3846.389036826656,0.6878339131942803,0,0,0,550,36,0.159,8,2,0
3481.94,3886.9600837353246,0.8958013551634398,0,0,0,170,6,0.564,10,1,0
24417.23,17128.01498961552,1.4255728005016335,0,0,0,173,4,0.083,16,1,0
10510.41,6939.743384657573,1.514523926576152,0,0,0,170,7,0.241,10,2,0
26803.98,11451.276118143527,2.3406984025443416,0,0,0,294,17,0.161,7,0,0
4058.74,3960.1779526852238,1.024889000433266,0,0,0,388,17,0.166,15,1,0
7755.74,8393.958109268537,0.92396734808697,0,0,0,311,15,0.429,2,0,0
3088.77,5589.733664841571,0.5525798557625756,0,0,0,478,43,0.362,1,0,0
25598.78,11557.372743707692,2.214930570463362,0,0,0,169,6,0.363,14,3,0
27353.5,26860.140850421325,1.0183675207674054,0,1,0,146,4,0.546,13,1,1
37108.32,19516.36556442656,1.9013952237163032,0,0,0,226,25,0.059,9,1,0
99239.35,16560.06058926009,5.992692311199539,0,1,1,191,7,0.751,22,2,1
47221.26,31322.701388715104,1.5075731353192552,0,0,0,123,4,0.164,12,3,0
14956.52,9868.623975155842,1.5155625745398305,0,0,0,442,16,0.45,10,0,0
4969.07,6470.150450496897,0.767998954673367,0,0,0,664,17,0.213,9,3,0
68779.05,34965.77637381885,1.9670391327780017,0,0,0,477,23,0.343,9,4,0
5747.19,5598.8058252479395,1.0265020377451932,0,0,0,121,12,0.261,9,2,0
6179.32,6487.046377191023,0.9525625815056235,0,0,0,775,28,0.657,10,0,0
4729.07,4626.919653069392,1.0220784351198535,0,0,0,579,32,0.045,14,1,0
29039.13,38064.37818627398,0.7628951635601321,0,0,0,601,30,0.421,19,0,0
26783.82,15227.07830671376,1.7589598371963786,0,0,0,738,73,0.077,15,0,0
17551.34,16409.523857127457,1.0695823975787462,0,0,0,458,21,0.024,11,1,0
12774.29,10004.815621681693,1.2768144243007822,0,0,0,480,60,0.362,10,1,0
8475.13,9817.53783394343,0.8632647101584531,0,0,0,261,12,0.083,10,1,0
13450.5,10126.74892612357,1.3282151862368892,0,0,0,67,2,0.512,5,0,0
22905.0,23232.52726562283,0.9859023534287675,0,0,0,106,5,0.144,6,1,0
11010.58,3883.7151945001633,2.835064566627985,0,1,0,40,1,0.775,16,1,1
11880.71,9954.662553675062,1.1934815716102067,0,0,0,337,33,0.44,9,2,0
77706.96,50118.5288197283,1.5504636520050596,0,0,0,118,5,0.427,10,4,0
20415.54,20046.404234698948,1.0184142965106564,0,0,0,336,11,0.467,11,2,0
26905.21,35507.74551155878,0.7577278378269382,0,0,0,597,37,0.219,13,1,0
9475.04,10672.579742762851,0.887793142821012,0,0,0,796,23,0.427,7,2,0
18638.83,21286.280659897595,0.8756265443357708,0,0,0,373,18,0.322,10,2,0
5579.48,6684.044355833987,0.8347460070046515,0,0,0,567,31,0.676,15,2,0
10152.12,6069.916860108469,1.6725298942315063,0,0,0,216,10,0.102,10,0,0
10306.88,6458.769600419935,1.5957956923741576,0,0,0,168,6,0.123,12,0,0
4618.25,3628.129395436707,1.2729020294610276,0,0,0,643,53,0.013,18,2,0
39607.27,39355.19191470098,1.0064051904990798,0,0,0,280,20,0.212,12,1,0
40135.98,22443.862564286897,1.788283280539725,0,1,0,270,9,0.401,13,1,1
13103.54,9740.395706446336,1.3452784035625678,0,0,0,748,22,0.213,17,1,0
15908.06,16398.95155311341,0.9700654946703806,0,0,0,153,6,0.29,16,0,0
14793.58,28884.733273676902,0.5121592543889268,1,1,1,27,0,0.574,19,4,1
29832.56,20404.06814169804,1.4620886222736675,0,0,0,483,53,0.257,1,0,0
33756.64,16667.81542423277,2.0252588672794007,0,0,0,502,18,0.39,8,3,0
22746.01,24768.59387478932,0.9183409009336145,1,1,1,86,3,0.307,7,1,0
14752.03,11839.15120228546,1.2460381565947518,0,0,0,383,10,0.069,12,0,0
5285.86,11119.22955615674,0.47538044243758243,0,0,0,349,15,0.216,18,0,0
18370.62,13650.231077113187,1.3458103552803262,0,0,0,267,14,0.165,2,1,0
13945.53,20275.946570772765,0.687786996930747,0,0,0,211,6,0.335,9,1,0
10673.01,10315.026121039948,1.0347051416292472,0,0,0,532,59,0.334,13,1,0
20970.24,36478.60755800077,0.5748639434063031,0,0,0,432,39,0.087,12,2,0
22596.75,22316.118967188697,1.0125752697653974,0,0,0,686,76,0.334,15,0,0
13843.29,7784.282293825861,1.7783647222912247,1,1,1,468,36,0.354,15,1,0
3925.36,3662.844323616357,1.071670414923128,0,1,0,87,2,0.797,8,1,1
2725.96,2020.7759875330164,1.348964600084535,0,0,0,676,26,0.201,16,1,0
2837.65,4595.95627992904,0.6174224983192749,1,1,1,781,22,0.172,11,2,0
13103.49,9213.709073842047,1.4221735994801046,0,0,0,689,23,0.278,13,0,0
29111.12,20079.674846658934,1.449780672024619,0,0,0,557,16,0.108,10,1,0
7021.64,7911.139152629841,0.8875641726391978,0,0,0,489,37,0.409,11,1,0
33428.49,18735.503142788537,1.7842324004768477,0,0,0,210,7,0.351,14,1,0
3300.8,3425.0480974413877,0.9637240823758493,0,0,0,381,16,0.24,10,0,0
5696.13,3700.098683985292,1.539454171544526,0,0,0,542,22,0.381,8,1,0
1546.56,2611.8790576572446,0.5921259079173541,0,0,0,463,57,0.036,10,2,0
23127.21,8270.362377981382,2.7963965969403564,0,1,0,62,2,0.504,15,1,1
24862.49,24950.128994811126,0.996487553790641,0,0,0,37,2,0.513,6,1,0
11722.64,17759.83294425907,0.6600646013255507,0,0,0,239,13,0.188,9,1,0
38510.52,15142.064046158812,2.5432810215072035,0,1,0,137,4,0.781,16,1,1
12906.38,6871.413492367341,1.8782709408681366,0,1,0,280,15,0.086,7,0,0
14879.48,13133.420173661298,1.1329477649314594,0,0,0,685,38,0.282,11,1,0
11049.14,25780.89931208592,0.4285785432614481,0,0,0,303,20,0.408,12,0,0
6368.27,7550.767844555993,0.8433934657125869,0,0,0,586,73,0.079,9,0,0
41103.89,44094.282368163214,0.9321819664493786,0,0,0,387,12,0.295,13,1,0
12976.94,15973.547388555284,0.8124021849921897,0,0,0,94,10,0.24,6,0,0
8403.19,13357.820608033853,0.6290842215855394,0,0,0,728,40,0.219,9,2,0
16206.65,13010.73440368865,1.245637152362785,0,0,0,19,1,0.186,6,0,0
40791.94,48557.72923247078,0.8400709177191142,0,0,0,230,6,0.121,10,1,0
9485.23,6047.004647238218,1.5685830656069528,0,0,0,349,10,0.241,18,1,0
7945.56,12297.746121227363,0.6460985058906861,0,0,0,403,23,0.326,7,1,0
6808.96,8422.149630212858,0.8084589276883524,0,0,0,522,16,0.319,10,4,0
30098.87,51770.023458378404,0.5813957205853587,0,0,0,611,15,0.678,14,2,0
4817.44,5356.317980141026,0.8993947712625437,1,1,1,14,1,0.239,6,0,0
27560.67,60364.15171604866,0.45657351898595144,0,0,0,175,8,0.298,7,2,0
59939.89,31726.064116063866,1.88929475189614,0,0,0,587,17,0.072,11,0,0
5295.6,7226.880520625116,0.7327637014811211,0,0,0,139,5,0.329,18,0,0
47881.76,34618.477511455494,1.3831273971647673,0,0,0,229,13,0.389,9,1,0
39757.98,30211.94264909657,1.3159691573727286,0,0,1,298,7,0.288,7,1,0
15238.41,13316.947951358117,1.1442871836428703,0,0,0,17,1,0.056,13,1,0
7890.23,8141.689548974782,0.9691143672280081,0,0,0,769,27,0.024,8,0,0
4916.92,10675.867176432015,0.46056371919781214,1,1,1,600,33,0.113,15,0,0
11559.71,14801.243986044865,0.7809957095115403,0,0,0,724,24,0.215,11,2,0
1372.49,2040.5463619528246,0.6726087944474683,1,1,1,773,25,0.423,14,2,0
9010.52,13143.22681372762,0.6855638879583992,0,0,0,783,65,0.128,10,1,0
40535.14,41036.66387056386,0.9877786866982365,0,0,0,758,54,0.5,15,0,0
24212.95,18065.013521843728,1.3403225885872154,0,0,0,678,33,0.147,14,1,0
34673.87,23270.34932242326,1.4900449452942655,0,0,0,75,1,0.554,0,1,0
14694.33,9798.674077754611,1.4996246131809412,0,0,0,795,20,0.227,9,0,0
5045.66,7994.861826274527,0.6311134311614162,1,1,1,218,13,0.232,11,3,0
3972.54,4778.097137240944,0.831406894398502,0,0,0,203,10,0.3,12,1,0
4798.3,10171.008894252207,0.47176209967960214,0,1,0,166,10,0.276,15,0,0
102076.82,26182.379659237577,3.898683634956862,0,1,1,421,16,0.759,7,2,1
18427.35,7102.786480073318,2.5943827513940163,0,0,0,187,7,0.519,12,0,0
1717.48,2785.5993955705594,0.616556677669188,0,1,0,266,7,0.12,13,1,0
79950.78,62729.70827939626,1.2745281488965539,0,0,1,302,18,0.436,14,2,0
7441.31,7608.3482177289825,0.9780458566526514,0,0,0,25,1,0.068,12,3,0
33269.12,39291.32591014338,0.8467293811461952,0,0,0,452,19,0.436,16,3,0
24501.3,37971.20519842058,0.6452599230405525,0,0,0,401,12,0.507,3,2,0
69727.26,10681.071900710227,6.528114286706986,0,1,1,387,15,0.906,20,3,1
3241.58,6894.92143636055,0.4701405912527379,1,1,1,39,1,0.324,7,1,0
16806.45,22390.300689648255,0.750612850091848,0,0,0,274,7,0.269,19,1,0
5053.12,6630.595378935398,0.7620912007103967,0,0,0,473,16,0.518,10,2,0
23717.1,25765.868926561743,0.920485284297862,0,0,0,168,5,0.263,11,1,0
21186.79,19217.293024731767,1.1024854727617657,0,0,0,211,21,0.237,14,1,0
2245.22,6363.032960322997,0.3528540071927755,0,0,0,33,1,0.449,11,2,0
8924.04,8166.6235421597385,1.0927456517890328,0,0,0,536,25,0.098,17,1,0
30149.51,28414.194879760475,1.0610722388678602,0,0,0,605,37,0.209,11,1,0
41951.87,27961.791250178216,1.5003284934105563,0,0,0,631,16,0.439,8,0,0
1569.6,2200.6473212774576,0.7132441997261453,0,0,0,104,5,0.282,9,0,0
27343.2,16370.866795840087,1.670235306676347,0,0,0,43,3,0.077,3,1,0
23346.99,51175.32131976613,0.45621575061634523,0,0,0,50,1,0.351,13,1,0
22465.05,20818.552360808888,1.0790879305943664,0,0,0,624,24,0.685,14,5,0
4158.06,4667.736329926429,0.8908092311363008,0,0,0,494,15,0.04,11,0,0
20217.69,8635.006284226984,2.3413635990286488,0,0,0,132,5,0.204,14,1,0
10738.62,12224.648775828931,0.8784398366079661,0,0,0,735,18,0.221,12,1,0
3659.51,4511.606589365023,0.8111324188510023,0,0,0,543,15,0.223,9,0,0
4705.53,9321.734167189868,0.5047907380665171,0,0,0,215,10,0.298,9,1,0
3201.74,2699.7496738231875,1.1859381855173858,0,0,0,32,1,0.096,13,0,0
20713.76,11090.02608055364,1.867782944697824,0,0,0,368,23,0.151,0,1,0
84542.76,41560.57597056008,2.0342056866056843,0,0,0,608,60,0.094,13,0,0
2238.96,4503.332875655304,0.4971790509152273,0,1,0,589,15,0.116,13,0,0
101154.18,12116.861555774723,8.348215809991029,1,1,1,48,1,0.975,14,3,1
56985.9,34213.83808457649,1.6655805098928307,1,1,1,458,20,0.376,16,0,0
4558.24,3062.447585840525,1.488431016197796,0,0,0,180,5,0.214,13,1,0
14912.25,9357.614391690575,1.593595139767632,0,0,0,324,19,0.325,11,0,0
45868.17,43479.2911025397,1.0549430274115115,0,0,0,423,24,0.431,15,1,0
6382.23,2169.998825226575,2.9411200993485154,0,0,0,86,2,0.421,18,0,0
30239.84,23210.082183301452,1.3028753761080134,0,0,0,99,6,0.442,1,1,0
13608.71,15148.77775615197,0.8983370600345357,0,0,0,326,9,0.203,9,0,0
5865.63,8795.672451637336,0.6668768857487891,0,0,0,22,1,0.227,12,0,0
8777.62,6291.823285102416,1.3950836561092628,0,0,0,645,22,0.056,13,1,0
33440.93,15391.61094246089,2.172672630205931,0,0,0,330,13,0.16,14,0,0
23625.89,11759.666181472694,2.0090614129375832,0,0,0,652,19,0.346,10,2,0
6526.32,7838.602746491841,0.8325872795808338,0,0,0,247,6,0.034,7,0,0
69987.84,18010.683396376982,3.8859068473877145,0,1,0,779,24,0.156,14,2,0
35440.73,24798.833859061335,1.429129050963805,0,0,0,246,7,0.469,6,3,0
50593.87,27725.003370377446,1.824846385187119,0,0,0,62,3,0.283,0,2,0
36316.54,42370.157794105995,0.857125327630775,0,0,0,626,17,0.085,3,2,0
21677.94,17696.425448709342,1.2249899807058522,0,0,0,280,21,0.438,12,1,0
58478.55,76252.19719227706,0.766909696923052,0,0,0,123,15,0.382,3,1,0
17256.51,7771.06291991244,2.2206116326051655,0,1,0,252,8,0.526,15,1,1
5820.65,9563.106291540495,0.60865633651689,1,1,1,698,58,0.047,10,2,0
10787.44,13325.646825028236,0.8095243375219728,0,0,0,168,14,0.273,17,1,0
4483.41,2769.178922321871,1.6190406261278945,0,0,0,164,6,0.27,8,1,0
22733.3,30429.78954703306,0.7470737770603595,0,0,0,248,14,0.338,16,0,0
5299.98,7004.885652793222,0.7566120862347484,0,0,0,13,1,0.379,11,1,0
2886.81,2435.0610995837264,1.185520057818848,0,0,0,572,15,0.322,10,1,0
13840.09,8094.617682926793,1.7097887658210755,1,1,1,518,16,0.159,13,0,0
5023.85,2102.7033123173983,2.3892336852073726,0,0,0,524,23,0.582,13,0,0
5604.28,7747.167661239043,0.7233973068242112,1,1,1,742,23,0.234,9,0,0
8389.06,18248.814232972538,0.459704212513782,0,0,0,372,16,0.327,13,1,0
2871.8,3993.4213227665596,0.7191337717480621,0,0,0,350,43,0.246,10,0,0
207992.29,26781.49806743691,7.766267986989053,1,1,1,45,1,0.901,3,4,1
63913.1,29799.30860265354,2.1447845280033953,0,0,0,196,7,0.12,16,1,0
22835.36,13497.795366010701,1.6917843552926355,0,0,0,210,15,0.106,9,0,0
21271.8,28789.861961358805,0.7388643802891618,0,0,0,620,25,0.263,18,2,0
8536.35,6273.2723025949,1.3607492715274891,0,0,0,118,5,0.011,10,0,0
15098.31,6678.334364374145,2.260789447170631,0,0,0,608,18,0.108,12,1,0
47940.87,33183.21670481753,1.4447325527390948,1,1,1,786,25,0.076,9,1,0
16135.18,16497.501187007,0.9780379371045355,0,0,0,794,24,0.165,10,1,0
9911.14,6924.308812043982,1.4313544538972824,0,0,0,245,12,0.177,13,0,0
13713.76,11761.335813625881,1.166003336669063,0,0,0,763,95,0.121,14,1,0
19983.42,8632.897854458191,2.314799098375503,0,0,0,274,7,0.151,10,0,0
13468.94,13177.427601339095,1.0221220633387202,0,0,0,369,36,0.254,15,2,0
5540.93,8130.245022924041,0.6815206775738192,0,1,0,244,6,0.254,11,1,0
46933.6,25710.75113736138,1.8254464058915285,0,0,0,439,18,0.572,18,0,0
16714.78,11438.946927914038,1.461216249052347,0,0,0,657,32,0.11,0,1,0
23654.8,32176.154860064526,0.735165602366696,0,0,0,505,16,0.597,12,1,0
2154.38,3829.57507281879,0.562565009271332,0,0,0,421,18,0.139,17,1,0
12659.86,11222.99224446093,1.1280286171571203,0,0,0,484,48,0.239,20,1,0
1807.51,2724.4409944583344,0.6634413625684531,0,0,0,27,1,0.204,11,0,0
30001.52,26708.241125383924,1.123305608970846,0,0,0,263,9,0.218,9,2,0
5000.66,5954.948563640335,0.839749231139749,0,0,0,361,40,0.211,18,0,0
9157.17,18959.730336736287,0.48297972441418535,0,1,0,175,6,0.055,11,0,0
20150.47,14653.103969478512,1.3751674947068464,0,0,0,758,19,0.252,12,0,0
8046.08,3535.436236083196,2.275839222750634,0,0,0,171,12,0.562,14,0,0
5341.55,3867.660889635945,1.3810801670862927,0,0,0,269,14,0.212,7,1,0
18935.8,13093.866262711079,1.4461579359118895,0,1,0,76,2,0.447,10,1,1
6728.34,11425.531761338741,0.5888861242610106,0,0,0,593,32,0.503,9,0,0
34455.24,25453.30991677415,1.353664281149627,0,0,0,64,2,0.042,14,0,0
43715.47,25634.250295318092,1.7053539877938722,0,0,0,173,21,0.341,17,4,0
55967.28,28241.397752879253,1.9817462543499977,0,0,0,561,51,0.458,8,0,0
23229.78,19848.456089437932,1.1703571668908628,0,0,0,282,14,0.256,8,0,0
14215.02,9737.153723956988,1.4598741950241412,0,0,0,401,23,0.204,17,1,0
1637.77,9201.885935661645,0.17798236564038056,1,1,1,5,0,0.591,21,7,1
5439.44,6594.322059250591,0.8248671979463216,0,0,0,470,36,0.299,9,0,0
5724.66,5134.536199184217,1.1149316309737407,0,0,1,656,31,0.338,4,0,0
19729.58,24366.015080436875,0.8097171273063555,0,1,0,116,7,0.189,9,1,0
5197.04,4329.0861421255995,1.2004937243263933,0,0,0,663,36,0.135,16,1,0
6068.54,4114.790538580672,1.4748103688910743,0,0,0,163,8,0.108,18,3,0
3866.21,5473.83236935791,0.7063075332000872,0,0,0,126,12,0.288,17,0,0
3327.47,6439.00020917576,0.5167688013130891,0,0,0,632,25,0.062,9,0,0
14768.09,22751.05041925498,0.6491167935976786,0,0,0,477,16,0.23,7,3,0
3642.56,3042.2105278707113,1.197339846475422,0,0,0,618,34,0.342,8,0,0
40641.55,32361.186151010075,1.2558732888136455,0,0,0,537,14,0.217,9,0,0
7075.35,2868.8140205214104,2.466298106224359,0,0,0,49,1,0.297,8,1,0
76350.16,11223.647674741866,6.8026157963191505,0,1,1,163,6,0.963,23,2,1
3047.15,3395.4848118837044,0.8974137304321993,0,0,0,561,70,0.227,8,1,0
7863.66,7877.937945787699,0.9981882226431236,0,0,0,340,9,0.243,15,0,0
5504.86,4251.600981271948,1.294774134787542,0,0,0,792,22,0.186,18,1,0
12562.04,28564.25575106125,0.43978170351351187,1,1,1,125,4,0.126,10,1,0
92616.91,27832.802586370228,3.3276172177164036,0,0,0,209,7,0.489,13,0,0
58271.39,17653.010851765393,3.3009320317311595,0,0,0,517,28,0.047,6,1,0
3395.95,3072.9037513813987,1.1051259236944464,0,0,0,525,14,0.03,12,3,0
38422.18,32889.715522321945,1.1682124736317072,1,1,1,338,12,0.495,21,0,0
30683.21,29800.26862291845,1.0296286674092703,0,0,0,317,18,0.267,21,3,0
11735.49,12418.368296631932,0.9450108667602632,0,0,0,413,10,0.152,9,0,0
6208.23,7524.469203909549,0.8250718716230612,0,0,0,731,60,0.229,15,1,0
36837.31,25878.137536676975,1.4234914444480473,0,0,0,218,8,0.542,8,1,0
47813.01,9106.463830125824,5.250447640688496,0,1,1,101,4,0.85,8,3,1
46507.99,51250.817518077936,0.9074584518703713,0,0,0,469,46,0.119,14,0,0
7013.99,5614.816159817838,1.2491938403915401,1,1,1,512,22,0.146,12,1,0
27143.95,20777.635877337278,1.3064021822371321,0,0,0,660,21,0.052,8,0,0
23977.87,20916.705781210614,1.1463500696280104,0,0,0,106,2,0.311,16,1,0
16548.47,12373.0429453083,1.3374619474426144,0,0,0,406,15,0.207,20,0,0
13137.07,26688.43500022327,0.4922383351584636,1,1,1,28,0,0.573,15,8,1
5882.87,3049.1164679924204,1.9293694594387811,0,0,0,525,14,0.234,9,1,0
6833.03,2586.089341467219,2.64222440504511,0,0,0,703,22,0.449,18,0,0
26897.55,32061.668113338746,0.8389318627612887,0,0,0,721,22,0.471,11,0,0
13456.67,17666.12690821789,0.7617217094448485,0,0,0,503,23,0.236,12,0,0
8418.25,8894.912965546459,0.9464114568870169,0,0,0,730,91,0.301,10,0,0
68267.48,13308.343748829355,5.129674816677574,0,1,1,239,9,0.733,3,2,1
9169.1,6234.364305706809,1.4707355775499238,0,0,0,381,23,0.421,13,1,0
12980.8,9918.132046725423,1.3087950390295862,0,0,0,529,33,0.356,17,0,0
3158.04,2858.0159214843907,1.104976483956593,0,0,0,403,28,0.103,9,0,0
12556.37,14755.955728842628,0.8509356331766347,0,0,0,705,64,0.519,6,2,0
10118.73,6555.080914664389,1.543646182588559,0,0,0,633,18,0.158,11,3,0
9342.54,13508.001454279576,0.6916304357641485,0,0,0,444,13,0.26,10,1,0
59742.46,74015.85133864576,0.8071576903041775,0,0,0,530,19,0.148,13,0,0
2394.5,2158.164698316642,1.1095070413214378,0,0,0,201,10,0.207,10,1,0
13309.29,24307.067208785837,0.547548274760402,0,0,1,337,28,0.277,12,0,0
10952.22,13712.302104313603,0.7987148180257966,0,0,0,438,12,0.386,5,1,0
50154.18,6872.028999507656,7.298307770076032,0,1,1,40,1,0.794,8,2,1
9963.22,9466.847288135665,1.0524329327824,0,0,0,334,10,0.406,15,1,0
16267.2,17625.11721753551,0.9229557977805621,0,0,0,433,14,0.034,14,1,0
41385.53,36674.53953295118,1.1284539300928287,0,0,0,475,15,0.251,13,1,0
16467.62,13506.939343234671,1.2191969278304322,0,0,0,287,11,0.153,21,1,0
13742.03,8782.677823995338,1.5646745933750994,0,0,0,86,3,0.137,13,1,0
11605.13,10046.366573810332,1.155156520884598,0,0,0,75,2,0.502,15,1,0
31658.37,31059.879889514817,1.0192688280872562,0,0,0,510,15,0.08,15,0,0
37667.95,30188.211594881534,1.2477701859572983,0,0,0,19,1,0.257,10,1,0
30158.85,41406.95196639207,0.7283522896996879,0,0,0,246,24,0.139,15,0,0
10894.95,7489.993199392083,1.4546003746742182,0,0,0,229,8,0.24,9,0,0
26905.98,34786.855372807724,0.773452591805885,0,0,0,508,15,0.021,5,0,0
22751.52,16740.364991305476,1.3590814962114068,0,0,0,136,6,0.227,16,0,0
11435.73,6158.938591616998,1.856770137705793,0,0,0,36,4,0.153,20,0,0
19629.35,38865.72732223151,0.505055403302538,1,1,1,27,1,0.481,12,0,0
6169.58,2589.6094866139683,2.3824381390473173,0,0,0,270,15,0.404,9,0,0
13726.29,24937.589197675967,0.5504258624725344,0,0,0,522,47,0.26,8,2,0
4320.87,4649.820573591254,0.9292544653227112,0,0,0,474,47,0.237,13,1,0
7939.36,7850.892713766236,1.0112683003985676,0,0,0,670,83,0.343,12,1,0
3342.63,5693.393514333482,0.5871063689752088,0,0,0,690,24,0.128,6,1,0
3068.29,4037.785446165469,0.7598953506321144,0,0,0,130,4,0.143,14,2,0
12956.98,14238.275191505407,0.9100108257691726,0,0,0,296,12,0.19,9,2,0
2903.79,3887.496810710394,0.7469562016118606,0,0,0,286,31,0.551,12,1,0
24994.85,23932.75378560835,1.0443782901440162,1,1,1,583,18,0.432,4,3,0
10211.66,9644.240087429855,1.0588349668644783,0,0,1,467,13,0.297,13,1,0
50407.06,29131.93949752472,1.730302371271153,0,0,0,221,7,0.144,8,0,0
12664.88,9225.420637369969,1.3728244239754444,1,1,1,342,28,0.124,15,0,0
9947.32,10470.878645951576,0.9499986930624486,0,0,0,219,15,0.11,14,0,0
5688.75,3849.7371874619375,1.4776985203417585,0,0,0,261,11,0.389,9,1,0
9527.56,23386.921264465967,0.4073884370511683,0,0,0,789,60,0.292,10,0,0
4481.04,10109.599846522045,0.44324639030658897,0,0,0,327,11,0.191,6,1,0
36485.32,31741.270097184726,1.1494600667823944,0,0,0,405,25,0.134,5,1,0
27060.18,24102.85880906779,1.1226957331640153,0,0,0,664,26,0.543,11,3,0
33771.62,27131.594648391947,1.244734203501188,0,0,0,653,21,0.349,9,0,0
3627.73,3990.862933623724,0.9090083712517485,0,0,0,160,4,0.541,16,1,0
6421.12,4712.158853288654,1.3626698115398324,0,0,0,711,50,0.112,14,0,0
9244.89,15810.144145074219,0.5847439383971625,0,0,0,514,46,0.292,12,1,0
5880.94,2813.3184965171404,2.0903917818093127,0,0,0,665,55,0.288,13,0,0
9638.04,12099.58791872189,0.7965592982128085,0,0,0,560,29,0.581,12,0,0
3702.5,3479.552854312551,1.06407300086208,1,1,1,721,28,0.456,14,0,0
9232.48,7723.627446522651,1.195355457412683,0,0,0,87,3,0.138,15,0,0
30316.71,50319.63618617424,0.6024826103507848,0,1,0,69,3,0.463,18,0,0
2982.29,3505.128497516207,0.8508374754233992,0,0,0,342,28,0.101,16,0,0
7589.48,9890.665524949447,0.7673376645051271,1,1,1,180,18,0.412,10,3,0
58059.29,19468.247767332963,2.982255757736525,0,1,0,194,6,0.838,10,1,1
3864.9,2399.0894031815315,1.6109868212753684,1,1,1,372,13,0.338,14,2,0
80688.86,42838.493301012575,1.8835596527751204,0,0,0,535,41,0.374,12,2,0
4409.7,4934.049362973683,0.8937283228385026,0,0,1,617,15,0.274,6,0,0
19395.34,59479.295487985415,0.32608550747681997,0,0,0,446,11,0.187,15,0,0
73351.41,73906.95169123483,0.9924831717141932,0,0,0,324,21,0.255,11,1,0
2628.66,4817.982908004927,0.5455944768494532,0,0,0,264,24,0.122,15,0,0
30315.27,12269.631199068801,2.470756743313605,0,0,0,588,45,0.088,13,1,0
10764.28,24734.08086737578,0.43520040970894597,0,0,0,472,42,0.262,9,1,0
12129.81,12417.589608681874,0.9768246310347588,0,0,0,131,16,0.49,12,0,0
10317.61,8906.464278352463,1.1584408561607735,0,0,0,17,1,0.085,19,0,0
19339.2,32869.27865964003,0.5883670095484016,0,0,0,431,13,0.031,11,3,0
23528.73,15009.262016153514,1.5676142792713907,0,0,0,708,24,0.31,16,0,0
26645.66,31418.90084366553,0.8480774661777329,0,0,0,343,21,0.104,14,2,0
1845.47,4236.010242785322,0.4356631594871786,1,1,1,1,0,0.561,8,7,1
45037.23,32986.02648041943,1.3653428352252368,0,0,0,563,14,0.561,14,2,0
9988.96,5237.842865709917,1.9070754790898177,0,0,0,489,22,0.296,9,2,0
10723.74,14335.089661507727,0.7480762580360103,0,0,0,750,93,0.244,12,1,0
21887.97,22711.284397484393,0.963748830776515,0,0,0,371,15,0.033,5,1,0
7180.48,17596.301367118016,0.40806784090251397,0,0,0,675,39,0.134,18,0,0
4464.47,2612.388383655677,1.7089618093406305,0,0,0,202,5,0.084,10,0,0
27118.28,40316.98107634846,0.6726267058841824,0,0,0,730,24,0.044,10,2,0
11390.79,15517.242806205297,0.734072922681574,0,0,0,597,33,0.148,10,2,0
4190.49,13899.458813249961,0.30148563927726385,0,0,0,220,14,0.083,15,1,0
4328.92,14388.398491899443,0.30086196886057553,1,1,1,23,0,0.313,1,7,1
1894.66,3780.3023507433822,0.5011936907677085,0,0,0,645,37,0.173,9,2,0
62389.56,40498.01541805054,1.5405584777581154,0,0,0,513,23,0.597,7,2,0
6071.39,3167.6023125445904,1.916714095859997,0,0,0,401,10,0.426,10,1,0
8038.48,10078.146750338175,0.7976150462899875,0,0,0,173,11,0.216,14,3,0
9746.76,16124.244309879503,0.6044787933812521,0,0,0,45,2,0.176,8,0,0
15520.09,17266.098524584275,0.8988766554550851,0,0,0,222,6,0.234,19,1,0
14581.24,16539.500909271912,0.881600829327069,0,0,1,552,20,0.141,13,1,0
4566.46,7248.906009903231,0.6299517752051175,0,0,0,243,9,0.622,9,4,0
9596.88,15384.423946951256,0.6238048843751767,0,0,0,701,19,0.377,8,0,0
18636.27,16361.623492620234,1.139023418628948,0,0,0,232,8,0.265,15,1,0
25996.69,9221.93801086483,2.819004926710523,0,1,0,201,6,0.614,19,1,1
9765.15,14915.432046496853,0.6547008013141331,0,0,0,503,55,0.337,7,2,0
10704.91,19203.57400218755,0.5574435063646904,1,1,1,175,8,0.435,7,2,0
9934.69,12312.383453420127,0.8068859399392245,0,0,0,504,38,0.086,11,1,0
10984.83,10845.19318019276,1.01287529813886,0,0,0,658,50,0.215,15,0,0
2294.98,3144.976833631818,0.7297280740103941,0,0,0,144,4,0.29,8,2,0
6680.08,6691.038278834968,0.9983615949328669,0,0,0,409,11,0.191,7,1,0
31273.7,18914.105732285636,1.6534593209445698,0,0,0,192,8,0.1,11,0,0
5909.28,14881.646867988124,0.39708531631082555,0,0,0,68,3,0.224,4,0,0
2082.33,2456.889107355992,0.8475483731063681,0,0,0,188,7,0.647,10,2,0
2469.97,2024.7809670071638,1.2198724838227997,0,0,0,89,6,0.621,14,1,0
50423.04,25669.433664839857,1.9643222445379394,0,0,0,57,1,0.495,16,4,0
13008.69,9485.239190830125,1.371466864739502,0,0,0,449,56,0.116,17,0,0
25332.75,8359.932865383238,3.030257583108045,0,0,0,154,6,0.175,6,0,0
12070.35,8068.091513690819,1.4960598679732222,0,0,0,30,2,0.519,15,1,0
12153.52,18341.204969844046,0.6626347315083082,0,0,0,707,58,0.247,7,0,0
24318.56,20012.277542755448,1.2151822544857982,0,0,0,733,45,0.358,13,2,0
29757.53,28519.023010700304,1.0434272351772405,0,0,0,46,1,0.493,21,2,0
40412.16,35868.19038032302,1.1266851717271928,0,0,0,235,7,0.114,9,1,0
29661.31,18801.60366289266,1.5775947885504082,0,1,0,239,7,0.789,18,1,1
13219.37,10599.795313940436,1.247134586387527,0,0,0,236,7,0.171,15,0,0
2886.5,2364.1548437762017,1.2209453418642957,0,0,0,128,5,0.241,11,0,0
7795.97,6858.411904590963,1.1367021353581517,0,0,0,508,13,0.228,11,2,0
10666.94,14053.757380137791,0.7590099531394935,0,0,0,393,14,0.339,9,0,0
32969.73,23136.647360506257,1.4250005056685944,0,0,0,167,6,0.027,11,0,0
10853.09,20213.54473243085,0.5369216840620555,0,0,0,762,28,0.435,10,1,0
15458.39,12597.649532325748,1.227085074311749,0,0,0,248,17,0.659,7,1,0
33742.26,22509.15093855162,1.4990464786709627,0,0,0,581,16,0.239,13,0,0
13979.41,19830.86929876759,0.7049315284925358,0,0,0,214,7,0.243,9,1,0
10454.49,11642.51323565376,0.8979577979307724,0,0,0,58,2,0.062,5,2,0
62199.88,62034.15115734381,1.002671498474321,0,0,0,222,22,0.143,4,1,0
7469.88,12251.66513086094,0.6097029529337947,0,0,0,386,32,0.103,18,2,0
17477.41,9932.7129200802,1.7595804506635901,0,0,0,398,33,0.417,2,1,0
19354.42,18713.149477354218,1.0342682655835544,0,0,0,448,21,0.562,16,1,0
47114.49,11604.511219995478,4.060014949221021,1,1,1,58,0,0.872,22,2,1
13461.44,18801.835200215217,0.7159644106136072,0,0,0,726,90,0.329,11,2,0
105911.94,38759.51724289406,2.7325401701350613,0,1,0,102,3,0.707,11,1,1
15247.24,29157.885160590708,0.5229200809830317,0,0,0,498,62,0.218,14,1,0
9887.4,7498.105815386938,1.3186531410089128,0,0,0,702,26,0.483,16,1,0
15640.48,13011.482744925474,1.202052382711209,0,0,0,210,9,0.274,2,0,0
25311.36,22842.39034303086,1.1080873816762664,0,0,0,300,10,0.712,0,1,0
13982.53,12598.727003002043,1.109836622629429,0,0,0,453,30,0.252,5,1,0
3941.68,5313.691918656968,0.7417971935434995,0,0,0,362,10,0.466,11,1,0
80180.0,13089.04413613592,6.125734124510334,0,1,1,71,2,0.973,22,1,1
1009.63,2203.134872776912,0.4582675204422769,0,0,0,524,30,0.163,18,0,0
8331.04,4634.245564184608,1.7977118114717305,1,1,1,101,3,0.495,15,2,0
42159.83,24189.906974184363,1.742868719941306,0,0,0,443,31,0.536,19,0,0
120308.63,21056.204805562433,5.713690211682089,1,1,1,3,0,0.987,4,3,1
34794.46,31015.71487109301,1.1218331719747852,0,0,0,563,15,0.693,11,0,0
10176.66,7861.360317566627,1.2945166898790748,0,0,0,789,39,0.065,11,0,0
5455.05,6473.208248026724,0.842711305553473,0,1,0,751,62,0.394,8,0,0
6892.91,14784.430309970614,0.46622731933658035,0,0,0,129,7,0.381,14,4,0
47752.59,16263.520521734752,2.9361777747390216,0,1,0,42,1,0.654,10,1,1
6582.12,8675.639785057418,0.758689731618408,0,0,0,637,19,0.308,10,1,0
4967.8,5497.877699144371,0.9035845426538871,0,0,0,769,96,0.225,10,1,0
30127.22,28957.952636817845,1.0403780226872583,0,0,0,170,5,0.056,13,0,0
16213.93,11838.985365000031,1.36953708569954,0,0,0,534,23,0.435,13,1,0
13914.2,14938.598616745872,0.9314261303891525,0,0,0,165,11,0.511,10,2,0
4986.55,5463.562556533243,0.9126919735417223,0,0,0,605,30,0.019,7,1,0
19343.45,22846.827461583198,0.8466579223598848,0,0,0,574,63,0.067,9,0,0
17940.08,21958.690172681494,0.8169921599629459,0,0,0,161,20,0.237,10,0,0
10749.27,3612.956997189279,2.9751997149667937,0,0,0,230,10,0.207,11,3,0
4864.3,10029.07882804901,0.4850200408553989,0,0,0,563,21,0.296,9,0,0
5897.53,10827.091323645775,0.5447008658565133,0,0,0,443,20,0.245,13,0,0
8532.38,5560.887318054925,1.5343559436143417,0,1,0,548,26,0.151,10,0,0
1286.37,2122.1742834757397,0.6061564338479289,0,0,0,67,1,0.695,5,1,0
4403.19,2416.3240584926775,1.822269732718054,0,0,0,621,18,0.691,8,0,0
3819.34,4803.68878636823,0.7950846418662428,0,0,0,152,13,0.145,17,2,0
10126.76,16502.131359250896,0.6136635880436633,1,1,1,216,6,0.141,15,0,0
14520.85,12883.614117012494,1.127079277985469,0,0,0,412,22,0.392,12,1,0
245308.2,66454.07020552363,3.691394678198941,1,1,1,314,34,0.145,9,0,0
41541.78,20199.516224004994,2.0565728980723503,0,0,0,185,5,0.25,21,0,0
3052.14,3670.501805451837,0.8315332858697081,0,0,0,321,12,0.358,11,2,0
18765.34,17534.43603905157,1.0701994135208908,0,0,0,365,13,0.032,12,1,0
13424.88,10148.977650521087,1.3227819988177336,1,1,1,229,10,0.38,9,2,0
4335.34,3077.733565795641,1.4086136252865322,0,0,0,81,2,0.198,13,0,0
1197.05,11308.169689410941,0.10585710180472808,1,1,1,1,0,0.428,23,7,1
67566.57,7523.6435372440965,8.980564458278844,0,1,1,327,13,0.73,17,3,1
13102.84,7811.22612141688,1.6774366192516328,0,0,0,402,10,0.594,15,2,0
1358.63,4894.356785321241,0.277590640473923,1,1,1,11,0,0.336,21,6,1
16076.82,9152.193417478917,1.7566085183774853,0,0,0,260,8,0.316,14,0,0
11146.82,17236.599499392934,0.6466946096236159,0,0,0,339,8,0.531,11,1,0
18504.15,8813.090240946569,2.0996206501759165,0,1,0,225,14,0.078,11,0,0
8808.99,10556.244284563332,0.8344811504278947,0,0,0,748,35,0.503,9,1,0
7445.0,2596.2955824365717,2.867545977910689,0,0,0,262,10,0.05,14,0,0
12615.94,15485.25247784137,0.8147068996138598,0,0,0,146,5,0.309,9,1,0
51461.73,33839.16676997687,1.5207740739481879,0,0,0,798,30,0.42,14,0,0
12819.49,5832.843698432663,2.197810965048961,0,0,0,639,17,0.278,14,0,0
32598.51,33877.36219714829,0.962250569390849,0,0,0,56,3,0.192,12,0,0
30280.32,22585.680020403008,1.3406866946815303,0,0,0,364,36,0.07,8,1,0
10761.09,11244.751618885246,0.9569873702395505,0,0,0,53,4,0.065,11,2,0
10101.75,7620.092982747874,1.325672922236456,1,1,1,782,20,0.164,11,1,0
7280.55,9806.138194409214,0.7424479088367145,0,0,0,97,2,0.208,18,1,0
1679.08,2586.167956024564,0.6492526410530874,0,1,0,374,15,0.15,6,1,0
10217.61,19049.912118688062,0.5363601399750377,0,0,0,598,35,0.359,11,0,0
30808.63,20372.74156018555,1.5122476501717967,0,0,0,716,47,0.352,7,1,0
16956.81,12559.792783228555,1.3500864578460539,0,0,0,361,30,0.544,14,1,0
14120.63,16578.55892677052,0.851740630096165,0,1,0,206,5,0.455,11,3,0
14315.55,2962.540608354927,4.832186932046703,1,1,1,32,1,0.816,23,4,1
8713.13,6605.922504509863,1.3189879205284125,0,0,0,773,21,0.728,9,0,0
2947.96,3297.891737711646,0.8938930765681304,0,0,0,284,9,0.183,14,0,0
11188.79,10981.579651760656,1.0188685046100159,0,0,0,361,18,0.119,8,0,0
3633.94,7018.566697219262,0.5177608022482979,0,0,0,37,1,0.303,10,2,0
22679.89,8656.409010705498,2.620011786301319,0,1,0,82,2,0.728,16,1,1
35621.24,32824.24046149045,1.0852114834812108,0,0,0,439,11,0.22,15,1,0
15315.47,9211.828109974911,1.6625872601885967,0,0,0,279,10,0.223,6,1,0
13834.26,13349.614684991559,1.0363041644891149,0,0,0,606,30,0.192,18,2,0
15833.28,10399.835121259635,1.5224549469285338,0,0,0,37,1,0.237,3,1,0
9515.43,8856.987711952926,1.0743410164299652,0,0,0,795,29,0.089,20,0,0
13895.05,11373.891895987646,1.2216620476572277,0,0,0,729,52,0.187,9,1,0
90980.73,37094.899519854174,2.45264796401844,0,0,0,225,25,0.587,17,1,0
29490.24,14728.872606324918,2.0022060173471465,0,0,0,359,16,0.415,12,0,0
21344.16,11368.93187994657,1.8774112176487623,0,0,0,497,22,0.099,9,2,0
14735.43,12598.612400567416,1.1696072739069345,0,0,0,441,12,0.246,11,0,0
28017.01,5484.9414066182035,5.107986795140029,0,1,1,255,10,0.913,3,1,1
18368.86,25555.60628252891,0.7187799084899184,1,1,1,71,4,0.096,13,1,0
2663.94,4691.5513268900495,0.5678164718670005,0,0,0,418,16,0.458,11,1,0
28995.39,20963.632729505873,1.383128296244868,0,0,0,24,1,0.13,10,0,0
57330.19,22395.2110601681,2.5599308928553413,0,1,0,229,7,0.787,16,1,1
4064.88,4261.038989735773,0.9539654392144257,0,0,0,561,16,0.151,12,0,0
247539.62,30230.476853110056,8.188412704255978,0,1,1,314,12,0.838,22,1,1
25465.08,20049.88063234647,1.2700865430554065,0,0,0,184,5,0.28,10,1,0
5512.19,3920.0050363069213,1.4061680818985822,0,0,0,272,12,0.136,7,0,0
6356.04,5434.66564993634,1.1695360498600529,0,0,0,227,9,0.347,16,1,0
2272.46,4116.788048014434,0.5519981087109875,0,0,0,77,1,0.289,18,0,0
4915.92,3844.2198280949165,1.2787822369424091,0,1,0,120,4,0.401,15,1,1
7634.68,15930.980846255,0.4792345159827251,1,1,1,15,1,0.122,10,0,0
8598.27,6798.568827478161,1.2647181957965412,0,1,0,693,20,0.101,9,0,0
20832.41,13870.496146415493,1.5019221998758658,0,0,0,224,8,0.137,5,0,0
29290.69,18779.91069384191,1.5596822404159665,1,1,1,45,1,0.32,5,0,0
5888.81,7940.8222685584005,0.7415865843389335,0,0,0,670,67,0.114,12,0,0
3841.92,5277.047977748051,0.7280439267806482,0,0,0,359,44,0.034,8,1,0
63509.15,11870.615895589186,5.350114325464388,1,1,1,58,1,0.843,22,2,1
32979.92,17837.879263807205,1.8488700699404705,0,0,0,112,6,0.15,6,0,0
13724.33,8198.771678987698,1.6739489436429726,0,0,0,724,45,0.582,17,1,0
11521.22,15120.26486746275,0.7619719760288023,0,1,0,488,16,0.312,8,2,0
3137.02,3206.2810420733827,0.9783989255356781,0,0,0,774,40,0.087,8,1,0
31573.74,13583.507150767222,2.324417392414128,1,1,1,489,40,0.503,11,0,0
13038.35,4569.488181870416,2.853349582694464,0,0,0,148,10,0.213,7,0,0
3954.55,4201.41621478203,0.9412419012157273,0,0,0,91,4,0.463,17,2,0
6971.47,6130.149641412432,1.1372426113821181,0,0,0,679,75,0.132,8,1,0
16800.12,13806.849564266864,1.2167959866042224,0,0,0,319,17,0.046,9,3,0
5166.29,2449.189648842448,2.1093878193847804,0,0,0,160,6,0.265,0,1,0
7565.77,6338.669323353322,1.1935890036575414,0,0,0,467,31,0.359,7,0,0
33720.67,23998.87386698985,1.4050936680670127,0,0,0,120,4,0.01,8,2,0
1214.12,2292.46131288826,0.5296147489029506,0,0,0,679,30,0.252,3,0,0
28398.51,25037.688333091253,1.1342306996636637,0,0,0,363,16,0.135,14,0,0
17342.11,25566.648428887205,0.6783099137827994,0,0,0,56,4,0.226,8,1,0
97916.92,11517.648652412503,8.501467572321442,1,1,1,27,1,0.887,3,2,1
14573.76,13689.093375286255,1.0646257837521302,0,1,0,68,2,0.69,12,1,1
49208.01,51754.10140843635,0.9508039984211903,0,0,0,528,20,0.491,8,0,0
13196.97,11588.165747550282,1.1388315886805422,0,0,0,671,18,0.221,10,0,0
2420.38,2102.4663264528576,1.151208591065705,0,0,0,44,2,0.557,13,0,0
7140.14,6801.460793084078,1.0497946482516463,0,0,0,330,10,0.16,10,2,0
22690.47,13329.297372348643,1.70230025096508,0,1,0,727,90,0.522,17,2,0
1984.83,3257.989344963711,0.6092203018303427,1,1,1,170,8,0.229,15,2,0
24866.98,14179.768721674398,1.7536942164513705,0,0,0,133,5,0.374,14,1,0
24416.41,26640.700004920054,0.9165079737951028,0,1,0,369,23,0.322,9,2,0
35632.97,65839.67007386364,0.5412082548161647,0,0,0,354,13,0.262,9,3,0
20161.86,17187.1878947124,1.1730747699972512,1,1,1,610,32,0.209,9,0,0
3277.57,4592.681289415159,0.7136509975216369,0,0,0,702,23,0.267,6,1,0
1334.8,3008.8489901337516,0.44362456844071435,0,0,0,323,9,0.127,9,1,0
3722.6,6550.8799918467175,0.5682602770846629,0,0,0,220,24,0.41,12,3,0
10819.59,10621.99046931168,1.0186029805057266,0,0,0,516,27,0.016,12,3,0
18249.68,11810.472458243778,1.545211268707169,0,0,0,704,26,0.753,15,1,0
3792.52,3473.7792753574636,1.091757351665769,0,0,0,338,12,0.365,19,3,0
26179.59,16497.885417100937,1.5868450910595693,0,0,1,431,11,0.277,21,0,0
24025.55,30130.309565355103,0.7973880969610949,0,0,0,672,30,0.441,16,1,0
38358.31,34983.666245449705,1.0964632816946829,0,0,0,557,24,0.18,14,1,0
39609.77,6903.3545056770845,5.73775746963496,0,1,1,499,19,0.841,22,3,1
13442.8,11933.834611815193,1.1264442058715252,0,0,0,746,20,0.213,2,4,0
102884.18,54032.947635479984,1.904100741312201,0,0,0,698,46,0.263,8,1,0
49400.79,45640.83167524934,1.0823813707245207,0,0,0,275,25,0.166,14,0,0
9569.27,8938.414159502163,1.0705781918461297,0,0,0,21,1,0.23,1,1,0
31008.38,21320.34600870442,1.4544031177487724,0,0,0,655,81,0.382,4,1,0
24973.31,21164.92494733845,1.179938439694265,0,0,0,744,27,0.206,14,0,0
7319.27,12024.568529172553,0.608693096511725,1,1,1,150,5,0.205,11,2,0
142122.05,26401.593543771567,5.3830860739491015,0,1,1,299,11,0.963,15,2,1
120679.7,22324.140071897862,5.4057937995003345,0,1,1,421,16,0.733,8,1,1
53733.66,32536.811671596803,1.6514727031168603,0,0,0,327,10,0.58,14,1,0
20577.72,16190.201060486665,1.2709981390093852,0,0,0,523,58,0.407,13,0,0
25113.86,25003.15825700254,1.0044274865525817,0,0,0,764,21,0.01,10,0,0
3168.24,5440.724186654629,0.5823196128943497,0,0,0,487,32,0.144,9,1,0
6925.83,8212.604982774832,0.8433173592842157,0,0,0,57,1,0.699,19,1,0
84700.54,49390.5623157384,1.7149135521044392,0,0,0,441,15,0.085,14,2,0
2709.95,3201.65300218508,0.8464234691873215,0,0,0,420,14,0.109,14,0,0
10779.34,7762.537522619681,1.3886364370794309,0,0,0,760,47,0.22,10,1,0
2287.48,5101.484267645663,0.44839570397047623,0,0,0,544,15,0.129,12,1,0
15048.98,9418.001972941762,1.597894828733429,0,0,0,358,27,0.168,7,0,0
19399.68,18626.2082385797,1.0415260480833606,0,0,0,406,19,0.226,17,1,0
22632.35,15413.363495003408,1.4683587313535549,0,0,0,330,12,0.051,16,0,0
4197.17,5091.194518598878,0.8243969983410373,0,0,0,175,7,0.271,9,0,0
5872.67,7244.21121900684,0.8106705766777723,0,0,0,381,10,0.192,11,0,0
21795.25,23272.581689543906,0.9365206736963823,0,0,0,71,3,0.351,12,0,0
1506.33,3116.4933557494774,0.4833427171935981,0,0,0,252,18,0.176,19,1,0
24624.34,4204.502601788834,5.856659583575345,0,1,1,423,16,0.926,12,3,1
7871.79,8500.7568715286,0.9260105914176767,0,0,0,412,11,0.109,2,2,0
3333.71,4585.325052736137,0.7270388181879899,0,0,0,367,20,0.459,9,2,0
8540.44,3426.8088895249084,2.4922438889077574,1,1,1,216,7,0.333,15,1,0
7432.43,7615.190624285619,0.9759999932272219,0,0,0,455,37,0.385,20,1,0
78696.91,41525.112920561005,1.8951643503293123,0,0,0,143,5,0.123,13,3,0
66037.52,62505.315351464465,1.0565104609148481,0,0,0,644,64,0.391,7,1,0
6444.67,8001.805341365005,0.8054018378897908,0,0,0,289,7,0.199,5,1,0
10158.25,6551.437883140602,1.5505375597075528,0,0,0,438,12,0.738,9,1,0
9301.52,5984.727461421934,1.554209307748545,0,0,0,376,15,0.099,15,2,0
31079.11,3233.068301231686,9.612883960811299,1,1,1,42,0,0.854,0,4,1
14116.26,13118.124163062035,1.0760884108692095,0,0,0,18,1,0.561,11,0,0
13610.23,2872.454492408669,4.738188638814942,1,1,1,40,0,0.956,1,4,1
18061.68,13758.46786498026,1.3127683336056408,0,0,0,172,9,0.349,17,0,0
42065.37,22354.34588158706,1.8817536187690564,0,0,0,124,10,0.352,2,1,0
3167.5,3700.521172599605,0.8559618561726867,0,0,0,302,8,0.552,0,2,0
2986.35,9787.950698890312,0.3051044153520815,0,0,0,245,9,0.152,12,0,0
3256.95,6295.333899670959,0.5173592741865881,0,0,0,54,1,0.51,11,0,0
18827.85,20873.4569915187,0.9019996398427819,0,0,0,535,18,0.16,8,0,0
16377.39,15289.783824781336,1.0711331408791969,0,0,0,112,7,0.114,0,2,0
6514.75,6962.246550344761,0.9357258056317481,0,0,0,659,50,0.075,15,0,0
93033.38,55308.307494812296,1.6820869339255187,0,1,0,69,2,0.805,8,1,1
8080.4,9528.651466685908,0.848010791599194,0,1,0,110,8,0.352,8,0,0
3193.16,4393.390575206936,0.7268103400618764,0,0,0,600,28,0.177,10,1,0
52584.45,22827.53244127746,2.3035536371790157,0,1,0,86,2,0.471,13,1,1
44782.35,35320.34121599997,1.2678910979319555,0,0,0,163,6,0.359,3,1,0
7880.63,15911.564242583361,0.49527684872203465,1,1,1,787,27,0.508,16,0,0
18052.86,10040.243567640839,1.7980500155574166,0,0,1,173,6,0.224,9,2,0
4219.65,2843.9476963001503,1.4837307886481677,0,0,0,455,12,0.282,12,0,0
25767.44,32283.66410014265,0.7981571414562648,0,0,0,573,20,0.313,11,1,0
11815.07,12889.039809707372,0.9166760742753769,0,0,0,450,16,0.255,12,0,0
33183.52,34087.224716844714,0.9734885326894136,0,0,0,500,12,0.053,11,1,0
11331.29,8549.436254580163,1.3253839052500433,0,0,0,125,4,0.062,12,1,0
18412.34,12960.305754167324,1.4206719521689763,0,0,0,547,27,0.352,16,1,0
16887.92,11498.366331262407,1.468723295540334,0,0,0,393,16,0.354,16,0,0
5878.91,3348.8583490358847,1.7554965955133612,0,1,0,175,5,0.84,11,1,1
6914.24,5358.466362934163,1.290339676985731,0,0,0,133,10,0.175,10,0,0
2679.63,2452.2272804931818,1.0927318519905644,0,0,0,109,2,0.252,14,1,0
4025.18,3516.638609659223,1.1446104597434879,0,0,0,522,52,0.198,9,2,0
18392.57,17753.096693756364,1.036020472539463,0,0,0,253,7,0.273,6,1,0
10082.28,8824.273914224294,1.142561755059797,0,0,0,567,14,0.565,13,2,0
9590.82,10364.206918832024,0.9253786567319955,0,0,0,310,15,0.148,15,4,0
6563.47,5593.131913295063,1.1734873807196362,0,0,0,762,84,0.281,9,0,0
9828.47,12927.206990370743,0.7602937670262594,0,0,0,771,27,0.749,16,3,0
15216.46,31191.28965866586,0.487843330149918,0,0,0,487,22,0.209,5,0,0
27351.1,26698.073646292174,1.0244596561936963,0,0,0,672,21,0.023,9,0,0
12102.43,15798.010346771425,0.7660731431184468,0,0,0,181,6,0.261,12,3,0
17441.84,19243.292690379138,0.9063856731917298,0,0,0,565,14,0.063,10,0,0
53210.98,39647.78040689065,1.3420923275979304,0,0,0,510,28,0.316,6,0,0
3970.63,4920.387544358018,0.8069745246159802,0,0,0,97,8,0.236,21,0,0
12511.69,16889.46103646204,0.7407985279025731,0,0,0,429,26,0.032,14,3,0
70158.84,41570.206503780166,1.6877193761768021,0,0,0,397,12,0.225,12,0,0
14346.45,12576.08282058303,1.1407724303821773,0,0,0,469,14,0.266,12,0,0
20116.86,23237.686055139984,0.8656997949732316,0,0,0,727,80,0.222,13,2,0
5529.65,3097.795226561992,1.7850267428278803,0,0,0,188,17,0.169,13,1,0
16354.64,16566.57778279407,0.9872070931547037,0,0,0,127,5,0.092,13,2,0
57515.71,30855.676075579886,1.8640235904544638,0,0,0,155,12,0.193,13,0,0
28424.68,29693.625036716654,0.9572654336468251,1,1,1,486,32,0.518,7,0,0
5642.91,9272.918163594702,0.6085363892640325,0,0,0,58,6,0.088,16,1,0
6106.63,5939.771530165511,1.0280913499138589,0,0,0,406,10,0.148,12,1,0
22136.3,21313.021951402825,1.0386277807640096,1,1,1,450,20,0.25,15,1,0
21071.79,16549.000850431003,1.2732967132587714,0,0,0,764,29,0.138,9,0,0
3696.09,3718.955924053954,0.9938525857297977,0,0,0,48,2,0.162,17,2,0
3861.28,9267.3970893902,0.41665197492592176,1,1,1,6,0,0.428,10,8,1
7437.85,7631.384219417459,0.9746392819482547,0,0,0,458,13,0.48,10,1,0
2827.61,5945.851692166669,0.4755593011294995,0,0,0,413,14,0.026,14,1,0
10063.99,9345.929479732582,1.0768318403622819,0,0,0,130,8,0.323,12,0,0
3327.25,5508.994956915774,0.6039665903049397,0,0,0,787,21,0.332,18,1,0
32523.78,23383.35245419473,1.390894585652397,0,0,0,454,28,0.452,7,0,0
11398.17,22980.414594281847,0.49599506922383996,0,0,0,770,21,0.441,11,2,0
16399.7,30149.187625187147,0.5439515319680924,0,0,0,332,15,0.219,9,1,0
2138.75,2120.748055840543,1.0084872349839413,0,0,0,626,44,0.345,12,1,0
34965.95,3388.4473547460034,10.319165480979562,1,1,1,53,1,0.931,0,4,1
2311.28,2580.0813087266265,0.8958165060766274,0,0,0,779,21,0.092,6,1,0
32019.47,25207.839533370367,1.270218901676166,1,1,1,288,20,0.176,8,1,0
24221.48,22700.788368239944,1.0669883721863993,0,1,0,556,39,0.089,7,0,0
133941.94,90909.52866708075,1.4733542217535984,0,0,0,98,2,0.317,13,1,0
13578.68,20410.95028956955,0.6652645520450086,0,0,0,348,15,0.62,8,1,0
84497.32,44440.22161503543,1.901370325878015,0,0,0,284,23,0.267,9,1,0
3241.51,4924.1883148697425,0.6582838553876436,0,0,0,701,35,0.162,12,1,0
4044.43,4430.079167294309,0.9129482325731169,0,0,0,672,32,0.342,12,0,0
56618.2,7330.374138569778,7.723780170626242,0,1,1,393,15,0.785,4,2,1
6885.63,5480.127220079303,1.2564723789248473,0,1,0,131,3,0.242,17,2,0
68465.44,13241.442657694792,5.170542095890533,1,1,1,43,0,0.971,0,3,1
3982.56,6083.297472880124,0.6546718976678159,0,0,0,537,25,0.095,10,2,0
5876.07,6126.425438940521,0.9591351251268138,0,0,0,398,13,0.384,8,0,0
6757.7,8327.540757102914,0.8114879812548603,0,0,0,682,20,0.145,6,0,0
2828.22,3511.1346284032534,0.8055013436263001,0,0,0,170,11,0.302,6,0,0
3491.33,4716.367496892068,0.7402580958916489,0,0,0,465,14,0.027,10,0,0
19765.74,12526.890079218672,1.5778645363015467,0,0,0,668,20,0.085,18,1,0
22720.47,17617.604676378178,1.2896459919942214,0,0,0,689,57,0.337,7,1,0
19673.31,12406.229588954564,1.5857605533084005,0,1,0,258,8,0.473,10,1,1
3113.8,4888.613790245321,0.6369485519388596,0,0,0,779,70,0.727,17,2,0
135850.6,35342.74215047237,3.8438048148323656,0,1,1,386,15,0.898,6,1,1
6311.33,3997.219764874101,1.578931076684769,0,0,0,519,24,0.095,12,3,0
10655.13,14518.65252278514,0.7338927322218705,0,0,0,454,13,0.535,17,0,0
12434.13,20689.886564408367,0.6009762329463666,0,0,0,443,11,0.223,12,1,0
2617.92,2858.250025128894,0.9159168310054203,0,0,0,532,31,0.206,6,0,0
7920.51,5933.360939240846,1.3349118369027064,0,0,0,651,81,0.183,16,0,0
3292.0,3573.205949266694,0.9213002211023423,0,0,0,731,19,0.453,8,0,0
10353.38,6815.284579104561,1.519140526338659,0,0,0,257,19,0.306,4,0,0
4901.89,9958.00703970142,0.49225610455934665,0,0,0,425,32,0.226,13,1,0
8621.75,7629.906802895076,1.129994350547272,0,0,0,672,61,0.419,16,0,0
42115.05,18503.291039480268,2.2760840452717437,0,0,0,746,37,0.07,7,1,0
20408.48,17311.742791740013,1.178880534000384,1,1,1,101,8,0.14,8,1,0
20916.22,11635.399872096405,1.797636620390725,0,0,0,135,3,0.213,4,1,0
4871.89,5869.336798926719,0.8300586700231974,1,1,1,435,15,0.121,10,0,0
12863.93,18187.33728296686,0.7073012047988557,0,0,0,630,35,0.116,11,1,0
2694.71,5384.564471932282,0.5004515450460622,0,0,1,631,28,0.096,8,0,0
27971.95,45653.5863994081,0.612699967523961,0,0,0,311,23,0.43,16,0,0
16621.48,13409.05991686374,1.2395709673224704,0,0,0,338,18,0.208,8,2,0
12191.83,14433.3269079159,0.8447000952269551,0,0,0,368,14,0.217,11,1,0
6035.09,6539.173137753409,0.9229140130118804,0,0,0,566,35,0.111,12,2,0
12002.49,6826.62651319604,1.7581882465557228,0,0,0,374,10,0.066,9,2,0
34609.44,14479.75073480094,2.3901958845715368,0,0,0,644,64,0.052,18,2,0
19336.86,16199.073665180234,1.1937018707022438,0,0,0,292,8,0.268,7,0,0
7612.99,4342.837729984875,1.7529997358388665,0,0,0,215,6,0.117,18,2,0
1587.01,4354.1829530787345,0.36448000510261686,0,0,0,596,15,0.345,10,1,0
2494.02,3031.016165071233,0.8228325093827429,0,0,0,198,6,0.479,7,1,0
2564.74,2652.971553971258,0.9667413803559983,0,0,0,160,9,0.208,11,1,0
2591.87,4427.110750834772,0.585455108130033,0,0,0,678,23,0.512,7,0,0
1169.34,2963.229655953144,0.3946174560101298,0,0,0,160,11,0.093,15,0,0
13122.63,6820.648131429783,1.9239563373555244,0,0,0,504,36,0.303,9,0,0
3105.35,2837.459688261356,1.0944137377834906,0,0,0,450,15,0.411,8,0,0
56721.33,6729.5664290828845,8.428675121663495,0,1,1,205,8,0.75,18,3,1
17569.14,15847.784356429269,1.1086180158667343,0,0,0,725,38,0.134,2,0,0
8069.67,14997.179795355674,0.53807929619046,0,0,0,316,8,0.218,14,1,0
70707.83,24515.14285181252,2.8842513082000663,0,0,0,45,1,0.515,11,0,0
5306.39,6738.641000534879,0.7874562997624746,0,0,0,586,18,0.195,18,2,0
36756.61,23719.525424716034,1.5496351118754108,0,1,0,320,35,0.314,11,1,0
15859.99,13536.1023081517,1.171680988275099,0,0,0,369,11,0.152,9,1,0
6383.8,4370.876787665259,1.460530384087132,1,1,1,576,27,0.642,4,0,0
5038.95,5513.4813322270775,0.9139330417972338,0,0,0,395,18,0.531,8,1,0
27439.94,52036.38835211095,0.5273221390008216,0,0,0,234,6,0.197,9,0,0
43712.68,23614.548685099373,1.851091123717615,0,0,0,164,7,0.423,11,1,0
10495.3,6051.032523135858,1.7344639895344875,0,0,0,674,67,0.292,18,1,0
22949.09,18034.24019047075,1.272528923071073,0,0,0,134,4,0.179,6,0,0
5577.9,4155.655972135017,1.342242753343041,0,0,0,775,77,0.178,11,0,0
8287.59,13974.13592227691,0.5930665224915644,0,1,0,141,12,0.251,18,0,0
24931.84,31686.019181892247,0.7868404257489129,0,0,0,413,37,0.58,20,0,0
1781.28,2206.7999405543387,0.807177123401652,0,0,0,39,1,0.108,10,2,0
5512.52,5211.038856485222,1.0578545825827814,0,0,0,304,30,0.057,9,1,0
17072.99,20217.08609323567,0.8444833615755951,1,1,1,95,3,0.391,10,1,0
7422.48,6256.457009303837,1.1863706598611132,0,0,0,270,12,0.537,5,0,0
50607.32,33883.81201791915,1.493554538820862,0,1,0,43,1,0.8,16,1,1
3661.76,2813.0427286094477,1.3017086574207009,1,1,1,321,16,0.662,14,0,0
13617.46,13765.898440808245,0.9892168493260012,0,0,0,736,66,0.072,11,1,0
55382.26,30162.20801164364,1.8361472548045532,0,0,0,14,1,0.423,9,2,0
1747.72,2011.3985381799764,0.8689071145257231,0,0,1,114,6,0.226,7,1,0
36174.7,4249.446805153228,8.512803255003778,1,1,1,35,0,0.897,1,2,1
19231.14,16304.536627677682,1.1794959586643743,0,0,0,703,63,0.228,10,1,0
29605.43,23515.033303325603,1.259000319757501,0,0,0,772,29,0.233,18,1,0
24446.93,19783.79053603756,1.235705000878036,0,0,1,571,31,0.074,16,0,0
58687.31,47041.61099639707,1.2475616401386567,0,0,0,502,19,0.392,13,1,0
7054.08,7814.029582107764,0.9027455136301414,0,0,0,99,3,0.199,13,1,0
23272.32,8525.05110434475,2.729874727183801,0,1,0,72,2,0.679,8,1,1
5181.46,3503.1173180655805,1.4791007144753194,0,1,1,10,1,0.113,6,1,0
5108.49,2228.6110281578285,2.2922290827615677,0,0,0,146,4,0.32,10,0,0
76402.55,50770.8363654428,1.504851091098183,1,1,1,370,10,0.492,11,1,0
6627.46,7401.297457802399,0.8954455653108001,0,0,0,382,12,0.227,16,1,0
3098.67,2600.3527627180647,1.1916359868657358,0,1,0,98,7,0.211,14,2,0
5746.11,3259.464159065124,1.7629004305067886,0,1,1,320,11,0.06,16,1,0
30830.06,48733.38013772276,0.6326272648469871,0,0,0,129,3,0.346,10,0,0
24704.02,20934.776067366303,1.180047064695859,0,0,0,292,11,0.325,8,0,0
20632.91,29368.25514811822,0.7025582565385708,0,0,0,431,22,0.175,11,1,0
8390.62,12139.792424391884,0.6911667917229526,0,0,0,620,44,0.336,6,2,0
24993.26,10167.843735653298,2.458068715134448,0,1,1,798,21,0.217,8,2,0
9238.17,11599.695031934969,0.7964145518087168,0,0,0,520,57,0.052,8,1,0
3785.74,6349.70637888175,0.5962066750207274,0,1,0,334,22,0.177,12,0,0
11351.49,8720.611416870004,1.301684925217345,0,1,0,528,13,0.233,13,2,0
9401.07,10113.0620121432,0.929596433715624,0,0,0,319,10,0.426,4,2,0
28377.96,47426.9006047259,0.5983515040322321,0,0,0,554,34,0.194,9,1,0
31316.24,30418.450420469388,1.0295145709597453,0,0,0,712,64,0.157,15,0,0
17293.2,14899.103448867843,1.1606875889070074,0,0,0,414,19,0.236,10,2,0
117132.68,51344.46341045681,2.2813107919090156,0,0,0,121,5,0.115,7,0,0
4792.56,7783.2463251544905,0.6157528786485839,1,1,1,5,0,0.599,12,7,1
4198.68,3022.5590402630237,1.3891134600089605,0,0,0,101,3,0.237,5,1,0
14367.15,15578.385270307057,0.9222490969413075,0,0,0,39,1,0.691,10,1,0
4187.19,3730.07039731943,1.122550034512346,0,0,0,160,4,0.063,12,1,0
7549.15,15952.026651105842,0.47324069280965,0,0,0,243,11,0.058,9,0,0
7528.74,12187.727577229063,0.6177310715877401,0,0,0,109,13,0.026,12,0,0
1908.22,2727.2122958912028,0.6996956807255358,0,0,0,167,13,0.3,9,0,0
2820.12,6758.0896749152635,0.4172956693410607,0,0,0,181,6,0.34,13,0,0
17234.25,29954.155890080478,0.575354371290691,0,0,0,63,3,0.071,8,2,0
35224.39,41166.30120694731,0.8556608901072548,0,0,0,471,21,0.131,15,2,0
7464.97,9816.295275209886,0.760467277490589,0,0,0,408,14,0.107,15,2,0
44896.57,32954.295942698576,1.3623890250500632,1,1,1,722,90,0.209,9,2,0
5258.94,8504.182772816514,0.6183939768616455,0,0,0,770,24,0.821,9,0,0
8777.74,7647.597395599983,1.1477779728203072,0,0,0,786,35,0.552,8,0,0
23841.33,33128.82412839522,0.71965519992023,0,0,0,744,27,0.171,11,0,0
14384.72,4934.22395174029,2.915295049498642,0,1,0,71,2,0.684,8,1,1
7201.16,5521.448166523633,1.3042161797745715,0,0,0,298,12,0.299,10,1,0
20925.0,27638.89319024868,0.7570853197533195,1,1,1,6,0,0.352,3,4,1
22931.88,17956.18014251182,1.2771021505812727,0,0,0,297,37,0.263,13,1,0
24043.15,17473.307077252808,1.3759931612533236,0,0,0,728,28,0.349,3,0,0
24047.14,13019.8485616991,1.846960157493199,0,0,0,675,37,0.268,9,0,0
3414.21,4008.585103467163,0.8517239363346569,0,0,0,763,30,0.04,9,0,0
4437.53,4846.694598932696,0.9155783309247023,0,0,0,785,98,0.205,7,3,0
12585.82,12603.198837335587,0.9986212070121565,0,0,0,632,39,0.047,17,1,0
21516.4,21269.897367537502,1.0115894126436575,0,0,0,235,19,0.24,16,1,0
10891.35,9820.748140146035,1.1090143987310288,0,0,0,641,25,0.136,13,0,0
98393.04,38139.764444324304,2.5798019323389525,0,1,0,262,8,0.749,11,1,1
18982.41,18438.812760463417,1.02948128145616,0,0,0,518,57,0.402,13,2,0
8136.91,10212.879617112947,0.7967307052062826,1,1,1,4,0,0.471,14,4,1
26137.57,31229.82641555863,0.836942617444744,0,0,0,182,6,0.286,15,1,0
7224.68,10720.804790962267,0.673893766318442,1,1,1,773,48,0.662,15,1,0
20686.11,11497.791144061846,1.7991373780262458,0,0,0,267,7,0.156,16,1,0
8513.52,8744.428801936723,0.9735933589393901,0,0,0,81,5,0.368,13,1,0
20628.99,30046.127380465845,0.6865774691331928,0,0,0,549,21,0.467,13,1,0
12268.58,8105.04040442553,1.5136969911856828,0,0,0,570,71,0.302,15,1,0
29830.73,5124.037321415888,5.821722997614201,0,1,1,467,18,0.754,7,3,1
21666.1,23463.770535823114,0.9233851346441063,0,0,0,137,5,0.415,9,1,0
73572.95,11621.80108716056,6.33059800342412,0,1,1,41,1,0.793,3,3,1
5425.63,4915.975795840199,1.1036729651161594,0,1,0,355,13,0.261,12,0,0
4260.0,3394.301530467983,1.2550458782882823,0,0,0,448,12,0.365,13,0,0
7995.54,3964.9091680248193,2.0165758746733395,0,0,0,711,18,0.313,8,2,0
12856.48,16214.395447309384,0.792905323834013,0,0,0,45,5,0.594,7,1,0
8564.55,7969.343051964057,1.0746866416409484,0,0,0,696,25,0.263,9,2,0
28756.86,18902.365533647742,1.5213368209062699,1,1,1,48,1,0.143,10,1,0
2341.9,5392.12507636611,0.43431812051957425,0,0,0,231,12,0.255,9,2,0
4474.96,12865.730272197574,0.347820409182751,0,0,0,696,23,0.381,2,2,0
21709.22,30412.964199758997,0.7138147832915085,0,0,0,47,3,0.113,16,1,0
28251.24,30017.153078225612,0.9411698290661102,0,0,0,291,12,0.07,7,2,0
17615.63,34460.10004095196,0.5111890582345937,0,0,0,606,17,0.38,12,1,0
22284.17,22224.814748392426,1.0026705168875345,0,0,0,58,1,0.03,14,1,0
8343.9,4817.970425862621,1.7318295197741531,0,0,0,259,19,0.579,12,0,0
4644.09,2160.839301153145,2.149207932458851,0,0,0,746,93,0.561,3,0,0
6400.52,11134.00191432747,0.5748625258410208,0,0,0,187,5,0.257,8,2,0
4264.82,6306.556907950977,0.6762510321878132,0,0,0,621,36,0.428,8,0,0
15317.18,10204.721360263145,1.50098999888402,0,1,0,109,3,0.751,19,1,1
27618.0,45050.72836343652,0.6130422476166283,1,1,1,452,30,0.181,10,0,0
8551.3,4314.533003167726,1.9819750664428257,0,0,0,40,2,0.165,16,0,0
5123.54,7242.016105599881,0.7074749030886225,0,1,0,789,24,0.38,8,2,0
18562.21,19437.93785705473,0.9549477275166479,0,0,0,108,7,0.216,12,0,0
10249.63,3558.3414547559078,2.8804526011181224,0,0,0,604,16,0.274,15,1,0
6093.59,9144.216966892627,0.6663875047258211,0,0,0,297,17,0.184,17,0,0
11521.15,17732.511518331114,0.6497192239438557,1,1,1,2,0,0.383,0,4,1
2705.56,4281.490562932473,0.6319192166739868,0,0,0,651,72,0.471,10,0,0
7463.99,6802.354293297902,1.0972651948009469,0,0,0,518,37,0.235,9,1,0
7268.75,7543.449801753966,0.9635844814377956,0,0,0,642,22,0.169,11,1,0
25703.81,27756.190687974915,0.9260567902318042,0,0,0,731,52,0.352,6,0,0
75064.1,38364.29674128811,1.9566135035852419,0,0,0,297,10,0.314,11,2,0
29945.14,29220.27577291279,1.024807041190148,0,0,0,47,5,0.47,10,2,0
4647.99,4761.532081992902,0.9761537191568698,0,0,0,471,58,0.106,18,3,0
6530.94,6562.397124335903,0.9952064868116025,0,0,0,292,10,0.174,18,2,0
3759.9,4309.304725593909,0.8725080028009319,0,0,0,434,11,0.374,12,0,0
21916.84,18691.621772548504,1.1725489895161454,0,0,0,746,24,0.039,16,1,0
3406.14,5632.8039586362975,0.6046968712765233,0,0,0,477,12,0.179,7,0,0
2343.59,2373.8944846644004,0.9872340833656129,0,0,0,152,5,0.091,11,2,0
8078.12,14169.422083607524,0.5701095064498921,1,1,1,439,11,0.291,11,2,0
3101.52,3974.122167375168,0.7804301537428985,0,0,0,511,18,0.328,14,0,0
1925.47,5073.1012040684345,0.3795446987446504,0,0,0,755,53,0.103,14,3,0
2757.8,9014.22009703506,0.3059391888529839,0,0,0,540,18,0.383,10,1,0
41198.34,31970.674181794573,1.2886290982421216,0,0,0,232,7,0.053,14,1,0
11288.85,10161.028872370087,1.1109944794321283,0,0,0,421,15,0.166,9,0,0
58121.11,28737.10841608198,2.022510892154973,0,0,0,187,6,0.411,16,0,0
50310.57,47826.26761549271,1.0519443516167006,0,0,0,402,44,0.798,13,3,0
20235.89,15105.030080020066,1.3396790731684682,0,0,0,738,49,0.28,12,0,0
8272.48,7258.792785250604,1.1396502201648153,0,0,0,154,5,0.193,8,0,0
3987.78,5635.442452880759,0.7076256586329193,0,0,0,545,25,0.294,14,3,0
23048.95,39294.43306017386,0.5865704647722416,0,1,0,220,10,0.147,8,0,0
40806.41,23150.33168959389,1.7626704400246762,0,0,0,624,69,0.311,7,2,0
2866.54,8922.456544402245,0.32127226085074095,0,0,0,629,31,0.284,8,2,0
23514.66,18180.813935605307,1.2933774638202857,0,0,0,288,7,0.213,15,0,0
6904.06,9991.496102118948,0.6909933895138568,0,0,0,467,22,0.355,11,0,0
36009.07,53964.00892077783,0.6672793234758776,0,0,0,691,30,0.156,11,0,0
11673.77,5150.190734884483,2.26666781460135,0,1,0,147,4,0.786,14,1,1
22725.17,27983.01216409047,0.8121058266384517,0,0,0,359,22,0.282,14,0,0
7667.04,4484.268721138971,1.7097645359637752,0,0,0,120,3,0.175,14,2,0
7918.74,8579.834564008983,0.9229484328115314,0,0,0,795,31,0.423,14,2,0
17797.02,13073.865730422594,1.3612672029486312,0,0,0,77,2,0.19,13,1,0
15288.76,14263.367587608303,1.0718898440993598,0,0,0,474,14,0.338,12,1,0
7955.72,6127.745642206319,1.2983114921380314,0,0,0,287,13,0.215,10,1,0
12753.19,9930.760456716267,1.2842108863595385,0,0,0,783,78,0.262,14,0,0
16018.34,33994.172249882686,0.4712084019008723,0,1,0,655,25,0.041,9,1,0
5989.22,11949.383868654471,0.5012161294879983,0,0,0,458,20,0.497,20,1,0
5222.42,3330.376314704723,1.5681181952269176,0,0,0,205,11,0.263,10,0,0
4183.58,4638.126138941159,0.9019977625600821,1,1,1,51,1,0.375,13,1,0
88594.46,59413.97798729735,1.491138367637248,0,0,0,252,7,0.233,12,2,0
36028.43,34473.855490545815,1.0450943641155885,0,0,0,656,18,0.077,13,0,0
10109.32,6704.411595777697,1.507861543106961,0,0,0,598,23,0.165,11,2,0
9684.18,12927.950568929293,0.7490885628990592,0,0,0,52,2,0.733,10,0,0
4119.35,2313.2176007104044,1.7807871080034774,0,0,0,730,22,0.296,9,2,0
23832.59,40472.96297470812,0.5888522137411473,0,0,0,15,1,0.02,12,0,0
3969.0,6744.82326835353,0.5884520316962674,0,0,0,289,16,0.422,9,0,0
4853.37,8139.043331392404,0.5963075308003054,0,0,0,607,30,0.669,10,0,0
34073.95,51907.19817647713,0.6564398483145177,0,0,0,31,3,0.035,8,3,0
16100.27,9177.184866030168,1.7543795659230959,0,1,0,485,18,0.225,13,1,0
3082.92,3625.1492210345277,0.8504252179057195,0,0,0,145,6,0.367,14,2,0
9422.03,10968.384522355625,0.8590168119947855,0,0,0,608,60,0.158,10,1,0
8741.16,8923.809805558496,0.9795320047115208,0,0,0,162,5,0.029,10,1,0
15392.6,18249.00104038453,0.8434763630773103,0,0,0,783,43,0.125,17,0,0
4012.49,2578.6715896961164,1.556030950122387,0,0,0,184,14,0.142,10,2,0
15747.77,25341.64386147473,0.6214188089999834,0,0,0,449,21,0.111,12,0,0
32862.99,23995.830937564508,1.369529228051087,0,0,0,104,6,0.315,9,2,0
4311.55,6517.642474289379,0.6615195065406371,0,0,0,743,53,0.005,12,1,0
5875.86,5148.383357340336,1.1413012897270267,0,0,0,60,3,0.441,8,1,0
12955.25,15695.280898121495,0.8254232473511478,0,0,0,651,17,0.044,13,1,0
4484.26,7704.18248507498,0.5820549918660167,1,1,1,646,17,0.132,16,2,0
3221.89,10696.554191962481,0.3012085822497152,0,0,0,230,9,0.285,12,0,0
29412.45,13025.560843277633,2.258056286827484,0,0,0,188,8,0.603,12,1,0
10907.99,7351.629017688021,1.4837520831332314,0,0,0,762,40,0.297,10,1,0
18732.66,12229.054322701304,1.5318155424213198,0,0,0,603,26,0.269,14,1,0
9643.42,6723.097241231537,1.434371984270477,0,0,0,418,12,0.14,10,0,0
8890.86,15424.775977457131,0.5764010864373432,0,0,0,49,1,0.053,9,0,0
5420.98,10941.4295487569,0.4954543332338375,1,1,1,15,0,0.425,3,5,1
110402.78,39113.707629539975,2.822610852466715,0,1,0,60,2,0.495,18,1,1
26997.18,26035.291038841013,1.0369456862883069,0,0,0,27,1,0.379,11,1,0
11810.57,10890.301098994534,1.084503179289714,0,0,0,107,4,0.13,8,0,0
9189.74,9991.144129479799,0.9197881606135795,0,0,0,88,3,0.125,11,0,0
21934.91,43781.0910324875,0.5010133489997436,1,1,1,624,20,0.302,13,1,0
35684.58,27792.201544813466,1.2839780024463938,0,0,0,670,19,0.295,12,0,0
3637.58,2148.564890815145,1.693029151996772,0,0,0,707,27,0.218,9,0,0
18961.15,15524.946514471518,1.221334547504795,0,0,0,503,12,0.088,11,2,0
22600.01,10751.910743402108,2.1019524662007765,0,0,0,91,9,0.206,19,2,0
12289.81,15982.841606862597,0.7689376970276567,0,0,0,355,18,0.44,2,1,0
9977.16,8029.179617493126,1.2426122107932382,0,0,0,87,2,0.328,0,0,0
21846.3,2917.8984386470092,7.4869964386307615,1,1,1,35,1,0.98,2,4,1
21456.31,18432.909189078233,1.1640219571959531,0,0,0,633,70,0.083,14,1,0
4891.83,20426.931583018555,0.23947941484549337,0,0,0,242,9,0.152,8,0,0
11150.85,7790.329391921258,1.4313702189908906,0,0,0,729,26,0.413,8,0,0
32512.63,13766.423326795984,2.3617339636864543,0,1,0,82,2,0.505,16,1,1
21823.19,33641.2196276849,0.6487038601902826,0,0,0,372,11,0.288,10,1,0
6950.74,3616.3312837062617,1.922042137731952,0,0,0,336,8,0.272,10,4,0
6388.66,10666.961880820118,0.5989200797012098,1,1,1,81,3,0.462,12,1,0
54793.54,8097.8384776016765,6.766440837188549,1,1,1,3,0,0.899,1,2,1
5148.71,5026.9887074808,1.0242140529496084,0,0,0,18,2,0.131,9,0,0
6630.84,8101.804680136281,0.8184398566610603,0,0,0,295,8,0.216,11,0,0
21534.93,19693.573151886307,1.0935002874981334,0,0,1,736,40,0.155,9,0,0
23764.11,12585.150201736658,1.8882656640054545,0,0,0,468,12,0.223,19,1,0
17193.41,21522.74898090439,0.798848191898019,0,0,0,37,1,0.292,15,2,0
28601.41,19782.94797654358,1.4457608611549848,0,1,0,474,47,0.065,5,0,0
12343.23,15204.675886131381,0.8118045975164363,0,0,0,782,31,0.265,11,0,0
56327.65,28489.241167021024,1.9771550455127873,0,0,0,45,5,0.342,5,0,0
3302.96,3524.129152018418,0.9372404291428744,0,0,0,444,34,0.181,13,1,0
3995.95,4278.875086066151,0.9338774776600788,0,0,0,635,57,0.372,14,1,0
4828.88,7325.874171323829,0.6591545329666063,0,0,0,90,4,0.123,13,0,0
3863.36,2145.7929243511257,1.8004350512858573,0,0,0,770,59,0.307,13,0,0
28144.63,18682.465012780038,1.5064729029237185,0,0,0,470,14,0.128,10,2,0
21340.24,24805.04462267308,0.8603186407416491,0,0,0,745,62,0.642,10,1,0
19054.91,14585.693267215198,1.3064110693536741,0,0,0,410,21,0.135,9,1,0
184901.71,32798.748850712436,5.63746232364918,1,1,1,45,1,0.849,14,4,1
5040.15,4701.942626592829,1.0719299923262946,0,0,0,727,33,0.406,5,0,0
34239.01,24763.45526440833,1.3826426144722863,0,0,0,367,20,0.166,13,1,0
1795.55,3274.3725841208134,0.5483640020374879,0,0,0,479,13,0.27,11,1,0
14833.73,17048.324163203084,0.8700993028994506,0,0,0,267,15,0.151,15,0,0
6710.74,6241.678717405601,1.0751500745985905,1,1,1,152,4,0.299,7,0,0
25559.05,17517.886049492336,1.4590258291831497,0,0,0,467,13,0.261,12,2,0
9311.91,9199.815337181975,1.012184330891938,1,1,1,638,16,0.345,6,0,0
5935.0,5829.353565157679,1.0181235141433347,0,0,0,84,4,0.378,15,0,0
37707.88,40212.17181220909,0.937722973441854,0,0,0,202,15,0.028,15,0,0
74623.45,54081.38736095858,1.3798361489895443,1,1,1,593,15,0.129,11,2,0
3476.11,2049.346077531015,1.6962028738363544,0,0,0,699,19,0.201,17,1,0
4851.42,3312.4743664881826,1.4645914205301487,0,0,0,517,13,0.444,13,1,0
7668.84,6449.241555721232,1.1891070350965234,0,0,0,248,10,0.321,18,2,0
3568.9,2987.3528101834063,1.1946696114466078,0,0,0,783,48,0.538,13,0,0
8126.75,7852.211037025861,1.0349635192008402,0,0,0,651,23,0.459,16,2,0
41286.84,34595.506658640836,1.1934163273856042,0,0,0,212,17,0.375,17,2,0
6938.2,4985.656617402027,1.3916321113979226,1,1,1,321,29,0.628,9,1,0
15101.59,11121.086253129979,1.3579238997770455,0,1,0,761,29,0.225,12,1,0
1091.51,2173.8494199090874,0.5021074171885971,0,0,0,147,5,0.587,13,1,0
27267.59,26163.464562625148,1.0422010251157785,0,0,0,445,12,0.225,19,4,0
9280.48,8651.45638268434,1.0727067024590775,0,0,0,543,15,0.13,20,2,0
17322.43,23207.251022849065,0.7464230050698081,0,1,0,473,16,0.053,17,1,0
2597.73,2890.280799634046,0.8987811645207122,0,0,0,558,15,0.473,6,1,0
3698.96,3334.7972180690585,1.109201127818816,0,0,0,731,48,0.162,12,0,0
5797.22,11690.625733581453,0.49588580764849277,0,0,0,19,1,0.362,4,0,0
27647.31,45749.034357698176,0.6043255220347554,0,0,0,765,47,0.118,9,0,0
20622.96,3254.0726623300843,6.33758302973229,0,1,1,169,6,0.906,7,1,1
2468.66,3192.194990373694,0.7733439585379948,1,1,1,493,15,0.204,9,0,0
74041.64,61439.26967983421,1.2051191204673828,0,0,0,317,11,0.519,4,0,0
10742.86,10466.979479658063,1.0263568762230395,0,0,0,180,6,0.358,5,0,0
5337.0,2969.8229356123948,1.797076147278242,0,0,0,563,15,0.445,15,2,0
5171.66,4950.004065374311,1.044778728287824,0,0,0,717,20,0.623,6,1,0
26398.16,3170.6012579966746,8.325916104696475,0,1,1,171,6,0.88,19,3,1
5263.82,12699.906729375012,0.4144773065079897,0,0,0,722,23,0.113,7,0,0
4608.58,5862.638448501614,0.7860925502200092,0,1,0,759,94,0.162,16,2,0
13321.94,8065.9213125890465,1.6516328468395158,0,0,0,70,2,0.208,9,0,0
21231.58,17040.21980713774,1.2459684286576695,0,0,0,193,14,0.118,13,0,0
9352.06,25837.985840690788,0.3619500851794896,0,0,0,213,8,0.169,9,2,0
72199.57,56152.9982517866,1.2857652157296624,0,0,0,468,22,0.169,9,2,0
3200.96,2441.94987529394,1.3108215119012578,0,0,0,279,11,0.144,11,1,0
26679.91,19551.190449776288,1.3646182683964931,0,0,0,742,37,0.208,16,1,0
4809.84,4793.608498968868,1.003386091533668,0,0,0,776,22,0.136,4,1,0
30501.92,13247.438998967586,2.3024770631010596,1,1,1,296,21,0.181,14,0,0
2430.72,4760.214334305467,0.5106315984165559,0,0,0,117,3,0.12,6,0,0
36043.31,20438.64164330703,1.7634887583374597,0,0,0,725,48,0.716,14,4,0
27115.39,21393.85488599839,1.2674383362439223,0,0,0,700,22,0.172,15,1,0
8248.57,18438.962375320472,0.44734473039976286,0,1,0,394,16,0.414,2,1,0
1674.56,2363.042805450447,0.708643833143257,0,0,0,450,21,0.428,16,0,0
7052.72,4026.2205139968273,1.751696280424428,0,0,0,691,24,0.036,14,0,0
6298.67,8000.10842290098,0.7873232554537092,0,0,0,277,7,0.208,8,0,0
5926.26,6538.888037438252,0.906310100260235,0,0,0,231,7,0.034,15,0,0
4265.75,2718.6025693006195,1.5690977908102761,0,0,0,263,29,0.336,21,1,0
22561.73,11802.73564143938,1.91156813299599,0,1,0,124,4,0.481,14,1,1
4435.01,5354.93783831868,0.8282091790527057,0,0,0,123,5,0.054,13,1,0
3411.88,7825.039994608693,0.4360201391696361,1,1,1,14,0,0.48,10,4,1
9160.29,8062.085935586555,1.1362179849531189,0,0,0,614,29,0.432,11,0,0
8007.5,9868.73166507496,0.8114008977306559,1,1,1,267,12,0.439,8,0,0
14853.09,12413.018581777562,1.1965739726749185,0,1,0,176,5,0.571,11,1,1
10346.28,8699.548773986808,1.1892893369845565,0,1,0,492,18,0.073,11,0,0
4588.1,6642.729565144373,0.6906949010541116,0,0,0,514,15,0.34,14,2,0
38183.09,26548.56146923008,1.4382355907468038,0,1,0,306,9,0.292,7,0,0
5858.16,5104.089760537391,1.1477389087420005,0,0,0,469,31,0.092,13,1,0
7866.21,8358.136408912473,0.9411435487554373,0,0,0,253,8,0.133,10,1,0
31440.25,48739.95271524813,0.645061232074859,0,0,0,126,11,0.051,19,1,0
2910.3,2518.089367954013,1.1557581092974663,0,0,0,239,17,0.066,11,0,0
28116.82,14183.789105398706,1.9823205939905593,0,0,0,530,15,0.138,15,1,0
22391.13,24772.130195791255,0.9038838673804198,1,1,1,467,24,0.442,21,0,0
5051.46,11200.48437153667,0.4510037582531606,0,0,0,654,72,0.255,4,1,0
7840.93,9663.725617879081,0.8113776011149474,0,0,0,422,22,0.306,10,0,0
16696.35,23769.380450631805,0.7024310234918886,0,0,0,665,24,0.172,15,0,0
43666.54,40353.934596127896,1.0820886601142565,0,0,0,436,54,0.472,11,2,0
19869.93,2722.4281763282347,7.29860437688016,0,1,1,499,19,0.872,4,1,1
25103.56,12520.450778925831,2.0050048356584322,0,0,0,788,24,0.272,16,0,0
14118.01,20380.923005282464,0.6927069721538756,1,1,1,719,37,0.364,8,2,0
5805.41,7039.742506654263,0.8246627122130672,0,0,0,58,2,0.418,10,3,0
16302.84,18016.549223004327,0.9048813617040599,0,0,0,301,20,0.331,12,2,0
4390.11,3130.241756607766,1.4024816810463772,0,0,0,260,20,0.456,10,1,0
12425.43,10695.241229323145,1.1617714564546373,0,0,0,587,27,0.047,10,0,0
9942.29,17041.95183579393,0.5834007382060935,0,0,0,375,10,0.272,11,2,0
15053.8,11274.941092093773,1.335155661763693,0,0,0,34,4,0.087,15,0,0
16106.6,9312.73361592793,1.7295243967313898,0,1,0,488,25,0.562,11,0,0
12645.24,18134.46181143984,0.6973044445449077,1,1,1,23,0,0.594,10,7,1
19465.36,17750.963981616143,1.0965803168710484,0,1,0,65,3,0.326,6,3,0
5814.99,4548.637440393963,1.278401713241278,0,0,0,561,14,0.356,11,1,0
7370.62,8481.919128625217,0.8689803517512362,0,1,0,680,25,0.214,5,2,0
3454.48,4807.408507863822,0.7185746508318509,0,0,0,566,23,0.19,8,0,0
165644.45,86368.7119752952,1.9178756206159084,0,0,0,777,97,0.325,0,1,0
7211.34,9417.750942195558,0.7657181888572135,1,1,1,588,53,0.302,15,0,0
20791.64,15883.944296413621,1.3089720572758468,0,0,0,77,2,0.61,11,1,0
9276.19,11801.745075070054,0.7860013444983643,0,0,0,743,61,0.63,10,0,0
1794.77,5119.066804050552,0.35060404932669165,0,0,0,466,16,0.303,9,2,0
6215.01,10684.649107308196,0.581676817353376,0,0,0,500,35,0.169,11,0,0
13487.83,6745.313024114971,1.9995857279633678,0,0,0,404,13,0.48,13,0,0
3431.17,3635.9898390729036,0.9436695700051142,0,0,0,599,31,0.277,11,3,0
26673.64,21507.819713661956,1.2401833905354087,0,0,0,556,30,0.129,11,1,0
20356.48,24098.76538826425,0.8447105642391627,0,0,0,231,6,0.216,8,1,0
6567.61,5394.837501106575,1.217387009127826,0,0,0,116,12,0.404,16,2,0
6132.18,12735.233233767462,0.48151310134803565,1,1,1,537,31,0.266,11,1,0
25469.74,47612.83159322042,0.5349343664206329,0,0,0,282,7,0.123,14,1,0
25407.73,15442.511347803093,1.6453110336004808,0,0,0,371,24,0.423,14,2,0
5550.63,6711.608485512406,0.827019920244456,0,1,0,50,1,0.242,10,1,0
111131.83,60992.55116306093,1.8220557654228395,0,0,0,345,10,0.465,15,0,0
6771.33,3510.4621780085236,1.9288992721553309,1,1,1,26,1,0.459,13,1,0
28045.57,7489.965282027272,3.7444187578571277,0,1,1,242,9,0.726,18,1,1
102017.99,54072.06299078431,1.886704256405231,0,0,0,652,28,0.069,18,2,0
11046.92,7581.896974817445,1.4570123169615072,0,0,0,196,9,0.251,10,0,0
2604.59,3946.220776513993,0.660020910064231,0,0,0,69,3,0.277,12,2,0
37913.0,46217.613869026296,0.8203148573726546,0,0,0,455,17,0.183,9,1,0
38715.61,36393.39316369431,1.063808814650125,0,0,0,685,40,0.274,10,0,0
2923.35,6380.563190389291,0.45816565993633807,0,0,0,374,10,0.268,9,0,0
66178.3,36954.8263615568,1.7907891270863268,0,1,0,197,6,0.697,8,1,1
8144.39,11234.910189678816,0.7249184785933639,0,0,0,556,26,0.197,11,3,0
51701.64,10388.039848433655,4.97703561760584,1,1,1,21,0,0.915,2,3,1
202589.66,22250.460017647572,9.104964941369426,1,1,1,41,0,0.975,0,3,1
9785.33,10905.833970810645,0.8972567894694364,0,0,0,535,29,0.512,10,1,0
17437.1,14958.204208605648,1.1657216408680386,0,1,0,422,22,0.153,6,0,0
25521.61,23901.488601496407,1.0677830820042193,0,0,0,430,16,0.281,7,0,0
39329.91,24370.495496507632,1.6138328519495118,0,0,0,554,27,0.143,10,1,0
7718.63,10861.525728306475,0.7106395776268368,0,0,0,674,37,0.37,16,0,0
5304.46,4507.923293052212,1.1766959966385493,0,1,0,53,4,0.188,10,1,0
20649.84,19734.41974837803,1.0463871897646815,0,0,0,279,7,0.477,10,0,0
20696.97,19438.956126598212,1.0647160562224895,0,0,0,268,33,0.17,1,1,0
22733.43,11871.092921975076,1.9150239704092729,0,0,0,395,43,0.363,9,3,0
6833.75,4231.348376473208,1.6150297404061704,0,0,0,72,3,0.187,10,1,0
62247.34,48454.05737714694,1.2846672908451058,0,0,0,343,19,0.191,10,1,0
10040.7,17105.056734052567,0.5870019283727516,0,0,0,16,1,0.031,7,0,0
4135.33,7964.392883368121,0.5192266721833467,0,0,0,362,30,0.477,16,0,0
39586.28,41550.95883898346,0.9527163268169833,0,1,0,754,47,0.307,12,1,0
35123.97,15289.354681951138,2.2972825617495976,0,0,0,318,17,0.459,12,0,0
3857.0,3557.245237158234,1.0842668013990482,0,0,0,71,2,0.16,5,3,0
5496.23,8039.704349555509,0.6836357415493141,0,0,0,141,3,0.185,18,1,0
21911.81,22757.529717313493,0.9628380095443174,0,0,0,400,33,0.52,14,2,0
26209.96,18737.03380465437,1.398831739503902,0,1,0,156,8,0.171,14,0,0
6778.95,6777.154847503181,1.0002648746588008,0,0,0,235,8,0.23,8,1,0
21882.69,12846.972360999214,1.703334751427134,0,0,0,364,15,0.093,7,0,0
79584.06,8928.267843132187,8.913717358532622,1,1,1,29,0,0.919,23,3,1
12799.57,18329.891225740175,0.6982894610861431,0,0,0,532,19,0.074,5,1,0
6787.59,6103.819391826474,1.1120233407626314,0,0,0,492,14,0.317,17,1,0
112837.48,19060.696405600436,5.919903170569452,0,1,1,108,4,0.949,20,2,1
16179.86,9411.590647184223,1.719141793852995,0,0,0,308,14,0.328,11,0,0
40725.39,30815.144555763243,1.3216030680169428,0,0,0,691,69,0.129,10,0,0
7800.28,6695.515319560663,1.1650005291981342,0,0,0,255,21,0.122,11,1,0
5030.27,4634.071459508349,1.085497875317929,0,0,0,306,7,0.261,10,0,0
86097.71,26365.249194559678,3.265575548707372,0,0,0,131,5,0.572,15,0,0
2574.29,2642.870986536559,0.9740491120623219,0,0,0,192,8,0.355,11,3,0
12354.8,10115.799309014297,1.2213372521478585,0,0,0,648,46,0.116,14,5,0
5763.51,5969.019108116176,0.9655708660754817,0,0,0,700,30,0.375,6,0,0
10468.22,10263.640242290667,1.019932324951766,0,0,0,345,16,0.448,8,1,0
18740.92,20168.417955072364,0.9292211786009085,1,1,1,276,23,0.629,15,0,0
9476.77,11227.336101039029,0.8440801123508167,0,0,0,122,3,0.218,17,0,0
3773.73,4763.767080950035,0.7921732312238358,1,1,1,11,0,0.338,8,4,1
3368.0,2742.780625766939,1.2279511560685479,0,0,0,773,40,0.027,12,2,0
3293.92,2346.059669001173,1.4040219331043153,0,1,0,727,45,0.401,9,4,0
9263.6,14328.723826864718,0.6465052486703222,0,0,0,470,31,0.437,9,1,0
10700.9,9195.249349379943,1.163742359998289,0,0,0,457,24,0.095,9,0,0
7946.89,7989.345024579796,0.9946860331933822,0,0,0,313,9,0.298,10,0,0
109906.34,13631.985527923349,8.062386646457275,0,1,1,169,6,0.7,21,3,1
41906.43,4113.874883543007,10.186608982131176,1,1,1,44,0,0.928,15,3,1
4777.88,5165.436255571543,0.9249702999964616,0,0,0,378,11,0.189,2,1,0
22416.83,29490.769965421186,0.7601302382508273,0,0,0,402,13,0.468,15,1,0
2886.19,2218.1415437172573,1.301175361139597,0,0,0,109,13,0.415,12,0,0
5847.35,6524.706679030309,0.896185633418823,0,0,0,552,16,0.108,8,0,0
26153.03,22447.397227177982,1.1650806267300005,0,0,0,382,47,0.206,6,1,0
12066.49,12171.362725284782,0.9913833542189012,0,0,1,44,1,0.553,14,1,0
349445.09,32063.922959086245,10.898388671564984,1,1,1,57,0,0.894,15,3,1
6407.86,9415.966343783626,0.6805309819647598,0,0,0,17,1,0.214,10,3,0
3777.97,2472.147806990416,1.528214828138197,0,0,0,707,29,0.095,12,0,0
45882.46,8244.643046025165,5.565124153085254,1,1,1,52,0,0.989,4,2,1
3873.53,4873.484697129339,0.7948165169323099,0,0,0,754,22,0.479,10,1,0
2244.1,8572.695277498993,0.26177275809065875,0,0,0,36,2,0.328,9,1,0
31344.47,30008.96669408927,1.0445034774172979,0,0,0,600,33,0.046,14,3,0
13188.6,8116.831027084179,1.6248462151190806,0,0,0,629,16,0.581,8,2,0
17966.41,11037.557733964966,1.62775270207796,0,0,0,536,21,0.143,17,0,0
12704.2,11558.353738955839,1.099135335717937,0,0,0,645,53,0.251,15,1,0
1969.24,3171.4538459516307,0.6209255309202591,0,0,0,558,55,0.599,14,0,0
18110.15,9422.492229234209,1.922013148717421,0,1,0,692,24,0.163,16,0,0
2576.87,2538.7599987448107,1.01501060568189,0,0,0,486,23,0.157,12,1,0
22500.97,20871.37703462147,1.0780777317983299,0,0,0,465,12,0.435,9,1,0
7404.67,6584.415502268354,1.1245744267225928,0,0,0,749,57,0.17,14,0,0
7106.88,8575.850710092836,0.8287089959903035,0,0,0,745,35,0.164,15,1,0
5483.94,8118.118155697995,0.675518944995374,1,1,1,1,0,0.422,11,4,1
22568.38,9663.389730037046,2.3354517462377906,0,1,0,192,6,0.558,9,1,1
31605.28,23060.525784191348,1.3705358293221297,0,0,0,156,4,0.587,15,0,0
7881.39,9065.585726519224,0.8693744854422479,0,0,0,734,52,0.313,9,0,0
2843.69,2660.3129572293155,1.0689297422967898,1,1,1,259,7,0.545,12,3,0
3061.93,6845.95100947004,0.4472608011051727,0,0,0,404,17,0.083,8,1,0
18736.32,19306.618509822747,0.9704611180344648,0,0,0,792,44,0.482,0,1,0
10009.88,8056.640260382616,1.2424390687277842,0,0,0,391,15,0.025,15,1,0
52550.88,14870.264493377963,3.5339574623031087,0,1,0,266,7,0.177,11,1,0
3274.47,3677.0040732867683,0.8905278056504865,0,0,0,305,30,0.138,15,1,0
5754.22,14361.106214748863,0.40068108604674063,0,0,0,248,7,0.143,12,3,0
25217.43,28648.214985125753,0.8802445239855435,0,0,0,429,17,0.164,6,2,0
4909.18,5628.764781370519,0.8721592918553149,0,0,0,632,18,0.215,18,3,0
7852.37,10318.513974896572,0.7609985791692159,0,0,0,446,12,0.557,8,1,0
2727.24,3977.5296510870066,0.6856628944725358,0,0,0,299,11,0.267,10,1,0
14778.13,23229.809789047897,0.6361709631133649,0,0,0,100,6,0.243,7,2,0
40840.93,36035.73521996773,1.133345234859792,0,0,0,540,22,0.443,5,0,0
26237.17,21010.829556004683,1.2487451881770557,0,0,0,694,20,0.481,12,2,0
5917.17,5352.791526865234,1.105435535425009,0,0,0,121,4,0.499,13,1,0
7762.72,6977.689229109003,1.1125064045206905,0,0,0,171,5,0.335,9,0,0
3646.27,4174.197661543494,0.873525843908322,0,0,0,775,20,0.323,13,1,0
18004.9,8085.47916775396,2.2268193055007286,0,0,0,155,7,0.263,11,1,0
1635.17,2471.854821414642,0.6615134806531612,0,0,0,176,6,0.356,8,0,0
24594.57,32839.88571544757,0.7489237171141883,0,0,0,236,13,0.128,13,1,0
26785.45,35701.25143907926,0.7502663390751866,0,0,0,385,22,0.173,13,0,0
25818.65,36693.36950703257,0.7036326111001413,0,0,0,565,19,0.205,11,0,0
13305.77,14255.635413005026,0.9333690679134968,0,0,0,627,18,0.319,17,0,0
19343.81,33273.06112000976,0.5813655002538892,0,0,0,121,3,0.148,10,0,0
5628.19,8747.864359805415,0.6433791896597815,1,1,1,540,36,0.1,11,1,0
5641.85,3897.1594992196783,1.447681961031878,0,0,0,174,10,0.377,10,0,0
48972.93,35481.131040638764,1.3802526857736606,0,0,0,348,10,0.544,10,1,0
8672.62,7786.823516824317,1.1137553551797945,0,0,0,722,90,0.226,10,0,0
18508.69,9772.3602791624,1.8939839350095071,0,0,0,105,3,0.303,5,0,0
11798.83,19801.0866786605,0.5958677109230089,0,0,0,367,45,0.251,18,1,0
20523.12,17818.976609678728,1.1517562752497428,0,0,0,53,2,0.272,10,0,0
4236.35,33085.2643300044,0.1280435360964281,1,1,1,10,0,0.518,13,4,1
6858.7,9055.052901598548,0.7574447933771794,0,0,0,533,13,0.434,11,1,0
1345.83,4191.088796185755,0.32111667029318325,1,1,1,23,0,0.543,23,6,1
17507.57,9586.07763494955,1.8263539115231264,0,0,0,609,16,0.283,17,0,0
58196.4,43752.9717688738,1.3301130542227648,0,1,0,81,2,0.249,14,0,0
6852.13,4649.819699308171,1.4736344124632383,1,1,1,658,59,0.064,14,0,0
23624.98,29059.303406519106,0.8129917954800843,0,0,0,559,21,0.368,12,1,0
47808.04,26992.08684526251,1.7711872799979693,0,1,0,786,30,0.314,8,0,0
10386.3,22118.870597295412,0.4695674634305658,0,1,0,106,6,0.107,14,1,0
8498.63,11733.217504101003,0.7243221891024825,0,0,0,367,17,0.053,2,1,0
13019.36,23529.538230973387,0.5533196167200073,1,1,1,6,0,0.595,8,4,1
11427.62,6815.702011799856,1.6766607897277284,0,0,0,222,27,0.122,12,1,0
9225.99,7800.965238023449,1.1826734418569635,0,0,0,83,2,0.062,15,0,0
4979.7,7399.05375484977,0.6730184613545186,0,0,0,258,18,0.123,9,0,0
19774.22,9855.858781490644,2.0063412419138187,0,1,0,707,23,0.329,11,0,0
15152.2,29699.09133127151,0.5101907923334327,0,0,0,629,20,0.3,9,1,0
3476.8,6035.163526864135,0.5760903347421449,0,0,0,239,15,0.18,14,2,0
17472.24,23247.499971041885,0.7515749307209441,1,1,1,582,18,0.603,9,1,0
4279.11,11804.100847502552,0.36251008123761075,0,0,0,50,2,0.07,8,1,0
50043.35,17098.58200227641,2.926754372057749,0,0,0,218,10,0.311,16,1,0
2011.04,2521.0855652681653,0.797687059411269,0,0,0,349,9,0.185,15,1,0
2341.38,2075.061488860839,1.1283433401852658,0,0,0,380,38,0.302,5,0,0
8842.89,7739.790527197171,1.142523380108928,1,1,1,549,27,0.255,10,1,0
15559.24,10575.589078862118,1.471241184728392,0,0,0,606,43,0.139,8,1,0
16400.91,41847.402690698094,0.39192171174743984,1,1,1,28,0,0.343,20,4,1
18078.79,13049.089828084614,1.3854445008094667,0,1,0,154,5,0.742,9,1,1
20232.09,10602.186076388309,1.908294274874512,0,0,0,652,34,0.322,8,1,0
5296.52,5110.250657822816,1.036450885531114,0,0,0,366,13,0.412,14,2,0
12973.24,9162.616995020027,1.4158881020402683,0,0,0,110,3,0.263,12,0,0
4082.87,4327.256896327548,0.9435230150544586,0,0,0,281,18,0.216,16,1,0
58851.92,11171.278737929852,5.268145129035274,1,1,1,35,1,0.929,14,2,1
13587.66,32547.614016864027,0.41747014581396513,0,0,0,342,11,0.091,10,1,0
30350.23,20657.810691741463,1.469189039331977,0,0,0,112,12,0.185,15,2,0
80388.45,35240.8667461316,2.281114319646137,0,0,1,45,1,0.094,8,0,0
3991.9,5649.178886993861,0.7066339037371907,0,0,0,751,37,0.262,6,2,0
16330.44,13863.965943783765,1.177905454487788,0,0,0,351,43,0.437,8,0,0
191165.47,33278.55930009209,5.744403329551128,0,1,1,172,6,0.71,22,2,1
16830.42,13682.887948308293,1.230034043475919,0,0,0,514,17,0.283,4,2,0
16351.8,19276.681748010622,0.8482683386829457,0,0,0,596,37,0.065,11,0,0
5560.3,6687.994181911786,0.8313845470453914,0,0,0,278,8,0.28,11,1,0
1718.87,3112.7574117035847,0.5522025577430262,0,0,0,207,5,0.187,9,2,0
29541.88,24877.70145282549,1.1874842348945034,0,0,0,695,18,0.189,14,0,0
49817.29,23623.445330446102,2.108807254135377,0,0,0,767,30,0.349,15,1,0
18145.42,16507.296031664293,1.099236459100111,0,0,0,712,21,0.302,18,1,0
57337.82,53116.37996082573,1.0794753613829784,0,0,0,534,44,0.199,9,2,0
4371.23,7587.116685285482,0.5761382115500661,0,0,0,569,14,0.163,7,2,0
3005.95,5515.239190284884,0.5450263037571093,0,0,0,431,28,0.254,16,0,0
11411.84,16225.04841929583,0.7033473283901921,0,0,0,567,16,0.168,6,0,0
6845.77,4284.389424868039,1.5978409238721674,0,0,0,379,11,0.213,8,1,0
94797.11,49019.66951119201,1.9338585139115185,0,0,0,298,10,0.307,10,1,0
21361.21,11999.523640975058,1.7801716887851102,0,0,0,323,8,0.175,6,0,0
7212.62,10993.088767580835,0.6561049383512073,0,0,0,743,27,0.085,9,2,0
17403.07,23970.002911738895,0.726035207443886,0,0,0,548,20,0.238,12,0,0
4231.62,9634.355527496511,0.43922189722285837,0,0,0,157,4,0.352,7,0,0
7869.16,6376.698449828042,1.2340495820845685,0,0,0,249,31,0.288,13,0,0
35293.04,12237.600983367318,2.8839833179815213,0,0,0,559,31,0.737,5,0,0
6982.92,9216.776027031088,0.7576314714771722,0,0,0,742,28,0.11,14,0,0
34323.98,36361.38828958534,0.9439678103417696,0,0,0,663,24,0.167,7,2,0
31894.34,47771.502708871565,0.6676437453293227,1,1,1,732,28,0.17,8,0,0
67401.7,34550.05388832679,1.9508420892860203,0,0,0,476,23,0.333,0,1,0
9749.49,6711.185017232186,1.4527228115895152,0,0,0,715,34,0.116,8,1,0
11312.41,15378.857725272459,0.7355820600493453,0,0,0,484,13,0.306,10,0,0
19681.25,23886.261001907962,0.823956865629472,0,0,0,604,67,0.176,9,3,0
12011.59,16211.985653897289,0.7409080068235888,0,0,0,658,18,0.282,12,0,0
10714.27,8646.37726871324,1.2391623723119682,0,0,1,214,6,0.346,10,1,0
3369.13,2386.18400811326,1.4119332410847227,0,0,0,529,15,0.174,11,1,0
3616.36,3225.964207531486,1.1210181364633587,0,0,0,83,6,0.501,18,0,0
197034.21,20665.339842200625,9.534525398194642,1,1,1,3,0,0.865,4,4,1
44526.6,21042.178870220487,2.1160639999256965,0,0,0,681,21,0.152,17,0,0
2814.71,3011.15323344456,0.9347629563558213,0,0,0,465,31,0.152,6,0,0
13115.32,23572.744173253275,0.5563763729318556,0,0,0,780,65,0.365,10,0,0
4251.84,5981.293436220571,0.7108559224672208,0,0,0,487,19,0.02,17,1,0
23748.94,23418.18422161002,1.0141240695565055,0,0,0,599,29,0.251,12,1,0
4302.33,5505.6629597007795,0.7814378211472925,0,0,0,608,16,0.549,17,1,0
22217.12,17249.267891560783,1.2880037961671489,0,0,0,208,8,0.085,14,1,0
6065.73,2642.0408904976402,2.295850829336337,0,0,0,385,14,0.147,13,1,0
15374.98,15421.439784203474,0.9969875220460548,0,0,0,303,16,0.143,10,1,0
6054.92,10883.537583925652,0.5563375670952991,0,0,0,373,41,0.089,13,1,0
47656.6,39013.8978809578,1.2215288047952084,0,0,0,90,3,0.224,5,0,0
20644.3,25373.817539245356,0.8136062884475247,0,0,0,747,24,0.57,10,4,0
53560.24,10868.007268837575,4.928248850841234,0,1,1,392,15,0.836,0,3,1
26523.48,23277.132585085525,1.1394649029019424,0,0,0,80,5,0.525,7,2,0
177584.91,61567.054409498734,2.8844145120962135,0,0,0,76,2,0.088,12,1,0
18651.19,14919.205679255538,1.2501461199248844,0,0,0,385,32,0.632,15,0,0
2357.44,3298.3766523740687,0.7147273013301486,0,0,0,695,18,0.174,17,3,0
13940.02,13394.313258581182,1.0407416859385148,0,0,0,546,30,0.101,6,0,0
38630.51,49841.55293130132,0.7750663548790168,0,0,0,542,54,0.105,9,0,0
9188.64,13405.724622775186,0.6854266584166105,0,0,0,82,3,0.239,11,0,0
31521.99,24658.089450713465,1.278363230000919,0,0,0,578,23,0.409,8,1,0
3023.5,3419.966456671275,0.8840742581292784,0,0,0,616,56,0.623,10,1,0
68546.84,31668.49956863779,2.1645116261444626,0,0,0,738,24,0.175,17,0,0
2319.6,4440.157961718768,0.5224141375137624,0,0,0,686,18,0.105,19,0,0
13475.72,17445.859486234836,0.772430873804214,1,1,1,9,0,0.301,6,4,1
18717.69,23216.481219894547,0.8062244357875847,0,0,0,414,13,0.229,13,0,0
14427.11,27893.159872710927,0.517227665600425,0,0,0,652,27,0.12,8,2,0
3383.09,4521.587074173788,0.7482076342966456,0,0,0,731,28,0.183,18,0,0
1973.42,4387.089109477225,0.4498235177519715,0,0,0,205,10,0.137,14,0,0
6148.01,13727.902156682761,0.44784748150287146,0,0,0,491,37,0.209,7,0,0
12191.08,8528.26076095489,1.4294916466803875,0,0,0,40,1,0.316,11,1,0
64531.86,33941.28151971892,1.9012793147098317,0,0,0,210,7,0.068,8,0,0
9614.16,14010.961444442813,0.6861882884936131,0,0,0,516,18,0.03,11,2,0
27930.75,7133.510716115803,3.9154288414945886,0,1,1,301,12,0.844,3,1,1
7736.01,10861.183251345508,0.7122622501495179,0,0,1,761,30,0.241,8,1,0
10884.4,10603.997587871314,1.0264429294731112,0,0,0,91,2,0.133,11,0,0
61815.87,5806.441252750656,10.646085607938097,1,1,1,4,1,0.894,2,3,1
3016.58,5326.561646540672,0.566327282613122,0,0,0,164,4,0.384,11,1,0
14825.13,22544.14799297572,0.6576045351600946,0,0,1,474,12,0.071,9,0,0
1510.75,2209.8276412327336,0.68365222532228,0,0,0,781,71,0.14,17,0,0
10054.88,13280.58800557649,0.7571112307816477,0,0,0,530,18,0.154,8,1,0
72244.23,61391.115332812995,1.17678633696423,0,0,0,440,12,0.602,11,1,0
8578.08,16448.124073419916,0.5215230341346668,0,0,0,553,21,0.206,12,2,0
14573.47,11655.081843021262,1.2503958379367779,0,0,0,446,15,0.198,0,2,0
6125.58,4530.599694002462,1.3520457989761152,0,0,0,538,53,0.064,6,0,0
2577.62,2909.7173041032393,0.8858657344977341,0,0,0,769,85,0.172,12,0,0
1351.18,3011.2122430803943,0.4487166322415762,0,0,0,377,17,0.628,9,1,0
22457.44,20133.466660015263,1.1154282265263253,0,0,0,34,1,0.089,12,1,0
2101.1,3056.7986273601405,0.687353523223012,0,0,0,704,50,0.293,18,1,0
2961.28,11691.324359518487,0.2532884271499539,1,1,1,24,0,0.442,16,5,1
26055.69,28720.187443537787,0.9072256920253117,0,0,0,185,4,0.198,7,0,0
25564.77,20434.17418124553,1.2510790240980092,0,0,0,416,14,0.133,13,2,0
19632.28,14044.155053508233,1.3978970740385699,0,0,0,139,4,0.195,4,0,0
6655.46,8582.61928758968,0.7754574715921031,0,0,0,227,6,0.156,6,1,0
6238.3,19926.588005506106,0.31306415432334345,0,0,0,553,19,0.36,14,1,0
7274.5,9444.278929344966,0.7702549523960364,0,0,0,680,20,0.3,8,0,0
11983.47,9655.854411567096,1.2410578474862555,0,0,0,196,5,0.395,15,1,0
1837.6,3059.748078026869,0.6005713085954332,0,0,0,471,18,0.11,14,0,0
25051.19,8364.396100434507,2.9949786082256877,0,0,0,283,16,0.317,16,2,0
34544.64,33040.897408374774,1.0455114573832807,0,0,0,369,41,0.362,19,2,0
30774.55,17826.67132422182,1.72632070587248,0,0,0,334,22,0.58,2,2,0
39676.14,23196.202667832375,1.7104583238065794,0,0,0,430,13,0.375,1,0,0
1355.55,5741.69909958178,0.2360892950213058,1,1,1,18,0,0.556,6,5,1
6686.97,8418.540755774548,0.7943142565778433,1,1,1,383,11,0.308,7,1,0
17310.81,7613.600234055405,2.27366973866747,0,0,0,610,19,0.464,15,1,0
9377.06,6510.059929619182,1.4403946655729194,0,0,0,332,17,0.322,13,1,0
11884.48,13312.247981842254,0.8927481466406658,0,0,0,298,9,0.142,9,2,0
6470.65,10568.234180198791,0.6122739094451571,0,0,0,181,12,0.108,9,2,0
59990.2,31186.867173788603,1.9235724293414698,1,1,1,482,14,0.264,16,0,0
6444.87,5152.603453483289,1.250799564583984,0,0,0,717,24,0.406,16,1,0
16986.28,10896.478994837995,1.5588781011698873,0,0,0,343,14,0.42,11,1,0
4850.36,3940.9331065771794,1.230764081293145,0,0,0,119,3,0.562,0,0,0
12868.06,11977.410545287223,1.0743604346261575,0,0,0,110,5,0.583,14,3,0
2418.29,3051.9857444517593,0.7923649975246172,0,0,0,182,9,0.105,11,0,0
5764.03,12149.857071137296,0.4744114186006692,0,0,0,224,9,0.229,6,0,0
2279.01,2822.5189961688616,0.8074399274784414,0,0,0,292,15,0.134,18,1,0
9143.21,9989.990009428006,0.9152375643551206,0,0,0,360,9,0.657,11,1,0
17214.66,15642.776300479034,1.100486221873183,0,0,0,760,38,0.313,5,0,0
19176.14,8251.213767139565,2.3240386932380965,0,0,0,771,24,0.056,10,1,0
53677.02,54080.15328262193,0.9925456815894074,0,0,0,425,20,0.265,15,1,0
7782.83,14384.852214714725,0.5410433270451604,0,0,0,772,22,0.682,9,0,0
41991.46,27930.88099990301,1.5034063479483661,0,0,0,149,9,0.259,9,2,0
2930.04,4947.70540964871,0.5922021655031479,0,0,0,620,25,0.092,9,1,0
20413.13,13636.519092645778,1.4969457750256796,0,1,0,674,20,0.213,13,0,0
17142.44,19704.29095567789,0.8699848783710589,0,1,0,751,20,0.258,9,1,0
3346.73,3188.2569666583117,1.0497046507026915,0,0,0,550,14,0.241,1,0,0
6079.36,19758.953129833746,0.3076762375890358,0,0,0,247,6,0.247,13,3,0
15851.08,10563.643615195042,1.5005317210304883,0,0,0,188,8,0.135,11,3,0
17179.89,17645.7248659345,0.9736006447378761,0,0,0,403,15,0.427,12,1,0
8071.68,6111.82858119979,1.3206659557833826,0,0,0,312,9,0.217,13,1,0
3594.4,6881.722357738182,0.5223104522771246,0,0,0,196,10,0.453,10,1,0
2590.36,3676.971085264775,0.7044807707383142,0,0,0,196,6,0.037,12,0,0
7760.29,6663.719507480727,1.164558509177961,0,0,0,462,35,0.311,9,1,0
11660.5,15568.55936233135,0.7489776919088431,0,0,0,454,45,0.335,17,1,0
4321.49,5721.240115897674,0.7553406851601324,0,0,0,46,4,0.467,17,2,0
14654.21,11926.97954825507,1.2286608144239053,0,0,0,252,7,0.072,12,2,0
15756.99,16698.29685786283,0.9436287717765682,0,0,0,770,55,0.349,9,0,0
4399.95,2331.209989423389,1.8874099038643215,0,0,0,519,23,0.519,17,3,0
4912.92,5844.509536367109,0.8406046024686112,0,0,0,283,13,0.253,15,2,0
20267.22,15405.924415788742,1.3155469436307505,0,0,0,306,20,0.274,14,1,0
11812.4,23538.684534880034,0.5018293895880046,0,0,0,537,59,0.317,7,0,0
7477.66,9637.562163742934,0.7758873016773329,0,0,0,495,13,0.276,17,0,0
2843.62,6198.57668372674,0.45875413433850704,0,0,0,451,16,0.162,5,0,0
13965.23,17546.703336792067,0.7958892643057288,0,0,0,141,8,0.355,9,0,0
38138.17,28821.809814186865,1.3232400675412106,0,0,0,474,52,0.036,8,0,0
5949.79,12179.085525121645,0.4885248607024637,0,1,0,90,11,0.753,17,0,0
22827.21,25729.21408404512,0.8872096015355008,0,0,0,425,12,0.307,16,1,0
21228.17,17826.571451056763,1.1908162764982877,1,1,1,415,15,0.286,11,1,0
26587.03,23262.018551899517,1.1429373559041558,0,0,0,350,9,0.424,12,2,0
3115.43,5227.823042365961,0.5959320406092758,0,0,0,611,43,0.551,9,0,0
2162.5,2338.3116981152216,0.9248104154205607,0,0,0,456,57,0.358,14,2,0
11423.74,22631.099428054287,0.5047808055525843,0,0,0,510,31,0.078,15,1,0
5315.93,12869.65451687033,0.41305958777511964,0,0,0,772,32,0.154,12,1,0
29194.83,39496.33702401877,0.7391780540112959,0,0,0,738,38,0.81,1,0,0
3454.91,3111.939172517311,1.1102108156569555,0,0,0,32,1,0.575,11,0,0
10434.73,7701.1846568045985,1.3549509701116254,0,0,0,136,5,0.266,13,2,0
2356.87,2581.4514458585973,0.9130034869571113,0,1,0,234,19,0.487,17,0,0
12585.05,16381.240195721635,0.7682596192007798,0,0,0,42,1,0.355,9,2,0
3170.44,3490.2484622776374,0.9083700627166513,0,0,0,185,16,0.079,11,1,0
2505.15,3788.802226479154,0.6611979652530057,0,0,0,457,19,0.314,15,0,0
7983.85,9379.533777320063,0.8511990920104955,0,0,0,61,2,0.562,21,1,0
16089.33,7185.5576838555935,2.2391210273891766,0,1,0,89,2,0.52,8,1,1
51371.57,35659.06408083837,1.4406313673846434,0,0,0,417,16,0.085,11,2,0
5077.87,10858.484995426825,0.4676411889885143,0,0,0,519,13,0.131,16,1,0
13020.12,20748.128745597165,0.6275321689594585,1,1,1,798,21,0.376,17,2,0
69864.0,46473.03305368288,1.5033234417054313,0,0,0,770,33,0.121,9,0,0
18714.78,19518.831915082515,0.9588065490069423,0,0,0,757,19,0.614,8,1,0
19064.96,8086.739054797106,2.3575581485980917,0,0,0,36,1,0.211,9,2,0
98647.96,9014.956044691442,10.942700403174012,1,1,1,49,1,0.864,0,3,1
33152.8,31210.978353824397,1.0622159488532106,0,0,0,189,9,0.677,10,2,0
103655.82,17982.651720151967,5.764212276984278,0,1,1,198,7,0.9,10,3,1
19564.59,13714.080859711457,1.4266060986239073,0,0,0,211,19,0.294,11,1,0
109033.71,46604.09987118369,2.3395733226586426,0,1,0,18,1,0.235,9,2,0
3274.13,3834.5354007166343,0.853852302836381,0,0,0,597,24,0.356,10,1,0
15282.36,16452.56603778552,0.9288740980533046,0,0,0,335,9,0.143,13,0,0
7214.49,10754.900922189594,0.6708093305641409,0,0,0,431,25,0.135,9,0,0
9755.65,6174.456913189648,1.580001098508789,1,1,1,533,35,0.224,8,0,0
5885.1,3645.58790342472,1.614308278297828,0,0,0,513,28,0.095,12,0,0
122981.97,20901.729173230557,5.883817811870433,0,1,1,174,6,0.783,11,3,1
12143.98,10397.353085982166,1.1679873018163625,0,0,0,170,7,0.029,14,0,0
4794.16,3450.14626305363,1.3895514559182272,0,1,0,46,1,0.511,14,1,1
4069.37,7470.8356289995345,0.5447009891513117,0,0,0,278,25,0.162,13,2,0
4241.0,2029.9912777589052,2.0891722573522573,0,0,0,191,11,0.413,8,1,0
7586.23,19741.927332029514,0.3842700384609047,0,0,0,437,39,0.427,10,1,0
12779.29,12596.900432210417,1.0144789577001219,0,0,0,582,18,0.264,13,1,0
3799.56,4124.375104701135,0.9212450031625172,0,0,0,278,11,0.155,10,0,0
16062.35,23204.883732636226,0.6921971321886323,0,0,0,715,27,0.537,11,1,0
8777.16,12964.167032856678,0.6770324530287931,0,0,0,320,14,0.527,19,2,0
17570.24,24940.27257429368,0.704492876942894,0,0,0,201,9,0.284,10,0,0
3766.1,3177.7175695076735,1.1851588909450204,0,0,1,301,8,0.101,11,1,0
6297.74,7043.543695211245,0.8941151313970758,0,0,0,724,34,0.388,6,1,0
9873.56,11651.899025984096,0.8473775197932176,0,0,0,42,2,0.279,17,1,0
51162.25,14155.31974301769,3.6143480724316155,0,0,0,410,14,0.352,6,1,0
45607.78,28166.59888686451,1.6192151378782715,0,0,0,516,16,0.158,12,2,0
7365.21,6563.994520267579,1.122061760646597,0,0,0,305,12,0.479,13,1,0
45486.05,29367.805918626138,1.5488406602527536,0,0,0,149,10,0.423,8,1,0
7591.74,8622.968940540526,0.8804094518652876,0,0,0,320,8,0.455,18,1,0
22443.23,13158.119433751299,1.7056566555646948,0,0,0,655,40,0.185,10,0,0
8288.69,6412.509756011042,1.2925820203082745,0,1,0,563,62,0.125,15,1,0
3782.55,3851.34623150329,0.9821367195684024,0,0,0,491,21,0.223,11,0,0
3455.41,4990.178541961085,0.6924419988893599,1,1,1,14,0,0.506,19,7,1
8057.84,7445.184435561495,1.082288933825847,0,0,0,563,23,0.301,11,1,0
82032.0,19198.469190700267,4.272840446407363,0,1,1,492,19,0.847,2,3,1
8181.5,4576.256876923353,1.7878156275537536,0,0,0,496,19,0.265,10,2,0
11558.7,10756.361587640033,1.0745918785317237,0,0,0,66,2,0.241,8,2,0
3865.98,3886.0926300166416,0.9948256625535374,0,0,0,648,24,0.518,10,0,0
14344.19,21409.363772547742,0.6699962588285409,0,0,0,481,43,0.317,11,1,0
32777.13,24758.915296185252,1.323851512818283,0,0,0,658,41,0.087,15,1,0
9811.6,7952.217176709959,1.2338195348675531,0,0,0,547,19,0.453,9,0,0
17222.76,14286.509739506688,1.2055258744002126,0,0,0,708,20,0.143,8,3,0
39625.06,53182.79300364811,0.7450728906036934,0,0,0,606,35,0.46,14,0,0
13771.19,36852.494099729025,0.3736841450522228,0,0,0,393,11,0.25,14,0,0
10097.41,11315.434666097026,0.8923573218060101,0,0,0,372,12,0.352,8,1,0
2182.82,6600.251244548492,0.33071845739834205,1,1,1,5,0,0.419,8,7,1
27449.24,27026.44797061531,1.0156436104708642,0,0,0,617,77,0.616,8,2,0
15527.42,11275.396951224471,1.3771065431933764,0,0,0,350,26,0.213,10,0,0
42087.15,63806.80455946445,0.6596028090604957,0,0,0,569,37,0.395,18,0,0
15659.97,5588.786117277346,2.8020341920215746,0,1,0,56,1,0.839,13,1,1
116626.84,46969.32104124602,2.4830430073815406,0,0,0,99,3,0.306,14,1,0
13655.98,17155.76414378345,0.7959993727568287,0,0,0,148,13,0.076,13,1,0
2819.96,2924.1747376454728,0.9643622257001212,0,0,0,669,35,0.124,11,0,0
20149.54,17836.943610861075,1.1296522451226922,0,0,0,572,33,0.541,10,0,0
26753.96,21325.45657338802,1.254554961037776,0,0,0,635,25,0.143,12,0,0
7636.31,5924.938070136017,1.2888427295610831,0,0,0,12,1,0.279,11,0,0
38755.96,45400.17283279071,0.8536521734903533,0,0,0,210,10,0.33,8,1,0
56946.01,28644.29261729323,1.9880404672141923,1,1,1,462,57,0.146,9,0,0
7582.47,14679.143775355227,0.5165472948308393,1,1,1,3,0,0.42,17,4,1
42444.2,8898.199227176681,4.76997595214548,0,1,1,93,3,0.889,8,3,1
9241.76,13461.894724010053,0.6865123025307209,0,1,0,274,9,0.027,18,2,0
20033.1,16134.784937214818,1.2416096488713866,0,0,0,112,6,0.126,9,1,0
2769.73,4435.291651951407,0.6244745595071827,1,1,1,322,12,0.086,13,2,0
15154.52,8708.763597689558,1.7401459321916497,0,0,0,271,8,0.327,17,1,0
15761.67,7545.535962878197,2.08887306986063,0,0,0,228,8,0.096,6,1,0
6910.46,10815.693344276186,0.6389291663182638,0,0,0,753,57,0.188,3,0,0
48660.19,13063.701666902984,3.7248390698800917,0,1,1,478,19,0.978,0,2,1
32875.14,21682.744871106806,1.516189223458076,0,0,0,711,25,0.134,11,0,0
11107.35,21325.736336710306,0.5208423954048697,1,1,1,521,13,0.34,15,0,0
8946.23,7568.409682789509,1.1820490826409171,0,0,0,643,24,0.337,11,2,0
11612.33,16157.770641209454,0.7186839406580858,0,0,0,51,2,0.16,11,1,0
5263.15,5404.461602435709,0.973852035073818,0,0,0,625,36,0.047,20,0,0
22134.63,18438.298555631056,1.200470530893732,0,0,0,618,20,0.22,11,1,0
12095.55,11338.422253448083,1.066775234001727,0,0,0,208,6,0.013,7,0,0
2652.41,2198.294585604035,1.2065767179372857,0,0,0,442,34,0.464,13,0,0
23129.94,14030.044765096323,1.6486002959990407,0,0,0,699,46,0.07,14,2,0
130033.81,16152.336130321797,8.050464624216549,1,1,1,3,0,0.96,14,2,1
7682.77,11014.777599214953,0.6974969085089154,1,1,1,28,0,0.534,15,6,1
33819.58,30222.61627332212,1.1190156300239498,0,0,0,409,34,0.181,10,0,0
11411.02,14729.568462569363,0.774701749789711,1,1,1,67,5,0.372,12,5,0
7949.27,16037.228139497389,0.49567582255698167,0,0,0,241,7,0.176,10,0,0
2921.36,3768.542418131105,0.7751975224834557,0,0,0,203,6,0.251,16,1,0
13472.73,15144.065358977683,0.8896379226221851,0,0,0,773,55,0.32,11,1,0
49438.06,41853.393648962316,1.1812197854600224,0,0,0,58,1,0.135,7,0,0
8192.98,12032.056002242114,0.6809296313308456,0,0,0,315,22,0.134,16,0,0
53740.06,6578.213197389897,8.169400665485703,1,1,1,13,1,0.822,14,4,1
1898.19,7390.962574593667,0.2568255920991877,0,0,0,631,19,0.166,11,1,0
45141.51,30535.970956772773,1.4783059624691597,0,0,0,699,58,0.2,18,1,0
3853.99,5406.543659515094,0.71283753190473,0,1,0,404,14,0.333,8,0,0
69107.51,61293.389552667926,1.1274871631819794,0,0,0,82,4,0.531,13,2,0
2297.22,3745.620825679358,0.613308359813755,0,0,0,478,14,0.511,10,0,0
9030.4,6237.07113094856,1.4478591865521488,0,0,0,14,1,0.233,9,1,0
15836.23,12160.61924816726,1.302255129210164,0,0,0,611,19,0.212,17,1,0
19744.17,12166.545544734186,1.6228248764572433,1,1,1,76,2,0.444,8,0,0
13631.84,13872.860389939258,0.9826267505886356,0,0,0,362,12,0.512,10,0,0
11427.76,13471.69417494353,0.8482794631931843,0,0,0,156,9,0.339,1,0,0
7368.11,5410.415986314845,1.3618384787626705,0,0,0,113,4,0.654,9,2,0
27680.48,11791.122024748429,2.347569468109222,0,0,0,702,29,0.053,9,1,0
65558.53,38746.354771514714,1.6919921801400402,0,0,0,158,4,0.123,8,1,0
6331.35,5279.991373321822,1.199120922419696,0,0,0,479,14,0.225,9,1,0
7339.59,5200.824674692798,1.4112349339219183,0,0,0,670,44,0.149,17,1,0
23058.37,17796.217857752003,1.2956891504672037,0,0,0,713,29,0.097,12,0,0
21242.87,19219.887107519564,1.1052546295277097,0,0,0,521,47,0.282,11,0,0
8462.33,6796.290662464152,1.2451390671511626,1,1,1,742,67,0.342,13,1,0
14657.24,9478.33635716834,1.54639411563403,0,0,0,766,21,0.27,8,1,0
18643.1,12899.17470462569,1.4452936276194674,1,1,1,471,16,0.539,14,1,0
6614.23,5279.539724089942,1.2528042447887233,0,0,0,42,2,0.38,14,0,0
13553.91,6237.227983339562,2.173065805897863,0,0,0,446,29,0.287,0,0,0
7124.94,12544.139335047821,0.567989242006883,0,0,0,209,6,0.194,12,1,0
2073.44,6298.6811428172805,0.3291871313834999,0,0,0,66,2,0.165,17,2,0
4275.81,5055.5131146092335,0.8457724260896413,0,0,0,354,10,0.274,5,0,0
8011.45,10924.972675524501,0.7333149858175179,0,0,0,506,13,0.196,2,0,0
10355.03,17519.556821378883,0.5910557479157458,0,0,0,755,29,0.304,7,2,0
18441.93,15687.54147422661,1.1755783017390415,0,0,0,537,59,0.088,10,1,0
8954.28,10121.200217045705,0.8847054423274117,0,0,0,323,23,0.184,7,0,0
41001.73,35330.41607057333,1.1605220789426216,0,0,0,380,11,0.132,9,0,0
3166.56,4201.955367838809,0.7535929330498986,0,0,0,30,1,0.321,11,1,0
98970.93,16923.6579707221,5.8480812241497855,0,1,1,297,11,0.717,21,2,1
3842.66,4721.925568665689,0.8137917418593807,0,0,0,131,3,0.439,9,0,0
42223.92,35060.578626630064,1.2043133131706425,0,0,0,551,14,0.163,9,0,0
2248.05,2090.584261079136,1.0753209106090904,0,0,0,491,12,0.663,8,0,0
25673.26,43737.322255026054,0.5869874335054414,0,0,0,107,4,0.076,6,0,0
10169.59,14398.131680162283,0.7063135009496418,0,0,0,654,24,0.617,8,0,0
2488.26,5288.572584253175,0.470498219107149,0,0,0,461,20,0.194,16,2,0
14768.1,11363.391998678802,1.29962071180358,0,0,0,290,15,0.025,7,0,0
5836.07,8081.700873172435,0.7221339497772181,1,1,1,573,57,0.264,13,2,0
29152.06,18850.713349943813,1.5464696703739333,0,0,0,654,21,0.176,11,0,0
4020.97,2404.2769068804478,1.6724231547263542,0,0,0,141,6,0.2,9,0,0
44327.95,50948.848227473616,0.8700480602288535,0,0,0,682,29,0.268,21,1,0
13790.29,14476.366923960853,0.9526069684266502,0,0,0,78,2,0.096,14,0,0
76561.68,9407.00755892303,8.138791864662462,0,1,1,225,9,0.811,10,1,1
6623.62,9982.67891058579,0.6635109255703583,1,1,1,545,20,0.3,15,2,0
5800.65,3961.5292923305096,1.4642440755234731,0,0,0,305,13,0.308,11,1,0
25924.62,28163.4988935039,0.9205040648340315,0,0,0,371,30,0.043,14,0,0
20796.04,26066.284884816363,0.7978135737744683,0,0,0,642,20,0.123,9,0,0
3471.34,7596.925335235138,0.4569399370261542,0,0,0,381,11,0.35,14,0,0
8032.48,5508.608554474073,1.4581686501822528,0,0,0,11,1,0.37,12,0,0
207526.73,100920.69561006158,2.0563347283320916,0,0,0,350,12,0.115,10,0,0
6693.75,11021.865764381671,0.6073155912430984,0,0,0,581,15,0.074,10,1,0
254785.3,59927.52466082704,4.251557168766488,0,1,1,150,6,0.908,0,3,1
4830.37,6728.225026012676,0.717926539108236,0,0,0,786,71,0.246,13,0,0
7044.06,5572.085784274048,1.264169868339238,0,0,0,294,19,0.507,10,2,0
2368.69,2546.8873975279957,0.9300339143352823,0,0,0,662,38,0.318,13,0,0
2829.63,3244.8413144898614,0.8720389372658889,0,0,0,543,21,0.291,9,0,0
3223.36,2275.396764846759,1.41661503590429,0,0,0,55,2,0.792,17,0,0
33593.02,31480.721923604528,1.0670982557729718,0,0,0,690,19,0.075,9,0,0
68492.62,17323.564407898644,3.9537258479271684,0,1,1,309,12,0.942,1,3,1
5979.51,8125.411464980731,0.7359023934567891,0,1,0,595,15,0.062,14,0,0
13889.61,13874.271763461025,1.0011053209862146,0,0,0,632,37,0.105,12,0,0
8992.0,6890.590934090762,1.3049683560777572,0,0,0,336,9,0.33,13,0,0
27736.3,24567.554551143272,1.1289808080071784,0,0,0,359,35,0.314,13,1,0
11869.73,12205.921983780205,0.9724566090222023,0,0,0,720,21,0.353,18,1,0
37537.91,14428.988565392809,2.601561907207232,0,0,0,190,8,0.14,9,0,0
28884.21,38877.96772145137,0.742945469143495,0,0,0,539,17,0.299,14,0,0
9202.63,11369.64342692373,0.8094034913312161,0,0,0,777,43,0.068,9,0,0
61591.81,57456.01816218797,1.0719818522394857,0,0,0,500,14,0.284,21,0,0
3080.54,5010.206346476929,0.6148521727373941,0,0,0,222,8,0.241,10,1,0
51706.13,41046.30479503087,1.2597025134468367,0,0,0,245,17,0.052,10,0,0
3702.96,6122.616786080506,0.6047996119911826,0,0,0,605,50,0.473,12,0,0
42395.89,33033.30371057615,1.2834287984565498,0,0,0,693,19,0.411,12,0,0
11041.25,6585.84334484795,1.6765126408293667,0,0,0,460,35,0.601,10,1,0
6992.09,8337.137569942062,0.8386674680367596,0,0,0,645,18,0.193,17,1,0
2298.39,3509.4042002770757,0.6549236780912374,0,1,0,529,25,0.603,7,0,0
3079.84,4879.540558955851,0.6311742289694939,0,0,0,265,6,0.233,11,1,0
25593.78,20197.448513666623,1.267178672428878,0,0,0,476,36,0.365,14,0,0
20507.67,11974.42675749377,1.71262261859251,0,0,0,529,13,0.214,15,1,0
2532.8,3908.2424683686622,0.6480661532299776,0,0,0,557,15,0.041,9,1,0
1678.39,2477.6160250032485,0.6774196814989142,0,0,0,708,18,0.456,4,1,0
18627.75,15573.135644129623,1.1961462504490767,0,0,0,204,6,0.003,13,0,0
38594.13,29704.853060487858,1.2992532115938922,0,0,0,233,12,0.257,10,0,0
5793.41,3283.880585597489,1.7641963714190745,0,0,0,723,40,0.327,15,1,0
8611.96,7833.78877015907,1.099335665778064,0,0,0,556,30,0.299,13,1,0
3733.73,3781.903293288704,0.9872629779348214,0,0,0,678,18,0.166,10,0,0
11300.29,18639.0992196031,0.6062682233232269,1,1,1,620,51,0.52,15,0,0
4265.16,5275.070474440745,0.8085500619061188,0,0,0,247,20,0.055,15,4,0
6717.53,11404.9422033118,0.5890018863442454,1,1,1,230,17,0.498,10,0,0
34222.77,17661.36220932912,1.9377198573258738,0,0,0,371,19,0.479,16,0,0
42797.43,4870.817789018527,8.786497948338955,0,1,1,152,6,0.799,17,2,1
3441.41,3003.5459150597126,1.1457827105580904,0,0,0,21,1,0.361,13,1,0
22678.48,22777.44660685976,0.9956551392440289,0,0,0,60,1,0.546,13,0,0
6259.34,4197.606984820387,1.4911685023346966,0,0,0,307,13,0.23,9,0,0
28163.92,12770.322911942234,2.205419954671855,0,0,0,71,2,0.21,12,0,0
27037.91,21764.85063292956,1.2422741851993668,0,0,0,772,38,0.029,16,0,0
2635.08,3905.5706692218955,0.6746986525129122,0,0,0,718,25,0.097,8,0,0
7026.33,6396.079395842994,1.098536240767762,0,0,0,247,17,0.325,13,0,0
7387.7,18113.876217386,0.4078476306896307,0,0,0,382,12,0.122,6,2,0
14992.61,20200.168263976142,0.7422023181891935,0,0,0,506,14,0.359,10,2,0
11982.54,10686.54468002405,1.1212732799788026,0,0,0,664,21,0.293,11,0,0
4972.72,9257.020420257086,0.537183297817219,0,0,0,573,22,0.229,6,0,0
4120.64,3989.2973018492876,1.0329225444749015,0,0,0,597,25,0.056,8,2,0
25096.33,28375.863133796505,0.8844252495291428,0,0,0,752,20,0.27,8,1,0
29559.39,34615.409132073444,0.8539373842661814,0,0,0,420,26,0.281,11,3,0
6981.93,14181.307943750175,0.49233297605930976,1,1,1,521,30,0.024,18,0,0
6299.42,11659.234983553757,0.5402940329198606,1,1,1,448,14,0.31,3,0,0
5130.86,4031.65825898718,1.2726429008034783,0,0,0,776,86,0.365,10,1,0
56722.31,36569.43822408712,1.5510850976321815,0,0,0,409,22,0.353,9,2,0
15997.51,20197.08823385349,0.792070266014306,0,0,0,508,33,0.115,12,1,0
7783.16,7695.698512700356,1.0113654391793532,0,0,0,636,18,0.191,16,0,0
4028.82,7320.835842249935,0.5503225497665408,0,0,0,752,20,0.205,6,2,0
1983.18,2096.8985319908484,0.9457667842950744,0,0,0,171,8,0.352,6,1,0
6600.85,4831.537993488219,1.3661996718720018,0,0,0,346,14,0.344,7,2,0
17719.76,13020.653005631058,1.3608966445069255,0,0,0,519,22,0.363,10,2,0
73739.1,25472.01620387312,2.8949062176491744,0,0,0,65,2,0.403,11,2,0
1978.95,3954.9539679770032,0.5003727377345487,0,0,0,263,7,0.337,16,1,0
3919.78,4938.2467212785305,0.7937599913533115,0,0,0,372,24,0.256,13,1,0
5978.96,5865.159430961171,1.0194020122271932,0,0,0,532,15,0.214,9,0,0
5289.99,2570.4463179784425,2.0580029074643016,0,0,0,579,16,0.216,2,1,0
23299.85,24517.17217055392,0.9503482413359602,0,0,0,148,4,0.668,19,0,0
3065.96,6640.216996827154,0.4617256210617748,0,0,1,207,7,0.008,7,0,0
19528.26,13328.737504503504,1.4651246965168232,0,0,0,195,5,0.507,16,0,0
47621.66,37677.9522663358,1.2639130559812908,0,0,0,124,3,0.25,12,1,0
11194.3,9257.414979612891,1.2092249963401536,0,0,0,511,20,0.645,9,1,0
12612.9,9630.078615639002,1.3097396702602413,0,0,0,585,48,0.108,13,0,0
9237.76,13967.312001096332,0.661384238168239,0,0,0,122,4,0.09,9,2,0
3772.0,11217.990449683399,0.3362453611876907,0,0,0,181,22,0.373,2,0,0
126948.89,31412.602628973953,4.04133621740185,1,1,1,22,1,0.949,2,2,1
10398.79,8362.876929162572,1.24344672113309,0,0,0,323,11,0.081,14,0,0
11751.46,17059.5067078248,0.6888509135664663,0,0,0,238,26,0.214,13,0,0
6328.67,3667.521341887128,1.725598042998801,0,0,0,65,2,0.46,8,0,0
8278.47,14910.65176812538,0.5552052111697467,0,0,0,436,18,0.118,1,1,0
2271.18,4997.922000123712,0.45442520406800974,0,0,0,772,26,0.055,10,0,0
16028.99,12450.110163416372,1.2874579965820971,0,0,0,141,4,0.285,15,2,0
3938.58,4914.658696616984,0.8013947721432076,0,1,0,738,27,0.663,11,1,0
11801.76,12635.298021277247,0.9340311060804378,0,0,0,175,8,0.175,13,1,0
26934.84,21878.738082848304,1.2310965330723587,1,1,1,599,66,0.193,15,0,0
68033.29,17974.021713301743,3.785089918665557,0,0,0,23,2,0.15,17,0,0
21397.46,14070.460588489212,1.5207365237440993,0,1,0,207,6,0.65,15,1,1
90190.88,59386.947707685205,1.5186986210910107,0,0,0,276,27,0.545,12,2,0
3661.53,3691.9160648694456,0.9917684451610344,0,0,0,767,26,0.395,12,0,0
8519.06,6247.4785369938145,1.3635998540015317,0,0,0,721,36,0.23,16,2,0
8247.71,7918.524147918465,1.0415718374091456,0,0,0,20,1,0.34,12,1,0
26049.35,17625.613839741618,1.4779255589742835,0,0,0,55,1,0.07,16,1,0
10026.81,10183.473338760505,0.98461615131089,0,0,0,527,31,0.139,9,2,0
34602.75,30350.18035121713,1.1401167852668175,0,0,0,129,6,0.08,8,1,0
6179.56,4601.192660503117,1.343033935085968,0,0,0,131,3,0.24,10,1,0
1520.2,2128.459168334018,0.7142256054485383,0,0,0,523,27,0.269,12,2,0
11584.68,11147.366984402546,1.0392299541210768,0,0,0,88,4,0.144,13,2,0
5359.26,8512.42671719601,0.6295804952511417,1,1,1,431,35,0.14,13,3,0
3379.77,2889.98668284206,1.1694757152992117,0,0,0,781,25,0.298,10,0,0
4710.79,5879.414322369623,0.8012352068970033,0,0,0,221,11,0.175,5,1,0
12686.33,17463.642978332937,0.7264424679991263,0,0,0,78,3,0.086,16,0,0
30588.01,17533.40100549803,1.7445566035423519,0,0,0,248,14,0.472,10,1,0
9225.27,8969.498503696426,1.0285162033194528,0,0,0,520,47,0.241,16,0,0
3935.7,5723.414162753219,0.6876487602997154,0,0,0,786,37,0.333,21,6,0
3985.51,3179.8510084432564,1.2533633821822905,0,0,0,83,4,0.108,7,0,0
27427.75,43056.250667045715,0.6370212239174315,0,1,0,348,16,0.135,7,1,0
6512.65,8570.514351632586,0.7598903001948799,0,0,0,720,80,0.636,8,2,0
65689.26,60302.537452541204,1.0893283462419765,0,0,0,369,12,0.552,16,1,0
6223.36,5410.3010987335,1.150279737878719,0,0,0,497,14,0.439,8,0,0
7469.52,5570.663104902497,1.3408679544137285,0,1,0,258,25,0.237,16,0,0
2348.73,6459.615263302372,0.363602646150895,1,1,1,26,0,0.369,20,4,1
9384.28,6088.789850112542,1.541239716529119,0,0,0,328,8,0.117,10,1,0
6276.7,7754.47821194531,0.8094292609561439,0,0,1,537,14,0.088,4,1,0
2933.35,6066.796900500069,0.48350948609690725,0,0,0,386,12,0.536,9,0,0
9032.59,11394.71311354139,0.7927000901775461,0,0,0,793,23,0.025,20,2,0
14161.86,15128.981447980024,0.9360747060926125,0,0,0,395,17,0.123,12,0,0
44845.61,23293.49903766894,1.9252415973772314,0,0,0,24,1,0.153,7,2,0
5416.67,7288.5059312376,0.7431800601773464,0,0,0,492,30,0.089,16,0,0
48583.16,32886.18460479753,1.477312282164616,1,1,1,463,20,0.198,11,2,0
11923.1,22346.965427735155,0.5335443873655022,0,0,0,384,32,0.037,14,0,0
1877.76,3047.041723240115,0.6162572319990607,0,0,0,190,19,0.108,6,0,0
292500.05,30888.507707570712,9.469543036699546,1,1,1,59,1,0.823,22,2,1
14612.96,11814.358455427011,1.2368813147674576,0,0,0,161,5,0.439,13,0,0
25196.64,13874.061739725985,1.8160968979043874,0,0,0,361,10,0.036,12,1,0
2749.13,6955.0465566841185,0.39527147014450587,0,0,0,751,35,0.279,11,0,0
11263.5,11310.960419086188,0.9958044370317892,0,1,0,277,16,0.084,12,0,0
5210.7,5185.810384949796,1.004799521661117,0,0,0,768,76,0.14,9,0,0
2706.27,2460.1415024515336,1.1000462028752835,0,0,0,388,12,0.22,10,0,0
43193.37,44304.45392696922,0.9749216089192683,0,0,0,713,39,0.428,17,0,0
6151.33,6176.086249079565,0.9959911803489611,0,0,0,238,6,0.257,11,1,0
16556.66,10867.068410362392,1.5235625763074494,0,0,0,400,14,0.792,14,1,0
7604.51,6826.9002836149275,1.113903146021549,0,0,0,430,21,0.336,9,1,0
9799.81,3809.4198778050704,2.572520888045506,0,0,0,509,46,0.571,20,1,0
39399.4,27604.030185260413,1.4273059448537109,0,0,0,427,30,0.389,19,2,0
63108.33,10233.32316196607,6.166944289166597,0,1,1,64,2,0.706,23,2,1
8570.76,6363.007611700116,1.346967429935536,0,0,0,163,9,0.101,1,0,0
2384.89,2132.075715049526,1.1185780616941152,0,0,0,103,3,0.434,7,2,0
5695.78,5713.746378165912,0.9968563732306807,0,0,0,585,30,0.089,11,2,0
7888.73,4862.7249560902,1.6222856778938366,0,0,0,120,5,0.22,14,2,0
28667.61,11047.808284471896,2.594868110577357,0,0,0,160,6,0.131,6,0,0
36360.67,23962.154688924555,1.5174208583058257,0,0,0,430,30,0.194,16,2,0
19298.94,6818.9614193357575,2.83018750376612,0,1,0,231,7,0.632,14,1,1
14539.22,13760.5068125126,1.0565902825220703,0,0,0,372,9,0.42,11,0,0
11875.84,11538.729592929434,1.0292159222880561,0,0,0,10,1,0.16,17,4,0
16859.41,16396.555045100715,1.0282290079498633,0,0,0,55,4,0.214,9,0,0
29440.76,19531.48141844738,1.5073490618446712,0,0,0,361,12,0.577,20,0,0
7417.7,13551.970438859194,0.5473519445514132,0,0,0,734,73,0.132,13,2,0
5009.08,3498.734913189989,1.4316824767954097,1,1,1,742,39,0.107,14,0,0
32474.96,27495.57554949372,1.1810975072720178,0,0,0,492,17,0.407,8,1,0
9569.06,14814.284718602199,0.6459346358290862,0,0,0,431,30,0.132,17,0,0
23553.41,20500.85429431988,1.1488990064940263,0,0,0,497,41,0.411,9,1,0
2863.91,7297.420702654941,0.3924544301470383,0,0,0,642,24,0.277,10,0,0
8731.72,7187.7076269149475,1.2148135479094857,0,0,0,145,16,0.16,7,1,0
40332.05,31975.8433172909,1.2613288413361512,0,0,0,61,1,0.16,15,0,0
2129.19,2365.5152814058492,0.9000963983807498,0,0,0,112,5,0.406,14,2,0
37690.85,4260.590823489239,8.84638959751464,1,1,1,26,0,0.91,22,2,1
11070.03,21468.63099253047,0.5156373650739587,0,0,0,669,41,0.52,10,1,0
39622.86,18057.747319878697,2.1942306639305995,0,0,0,702,20,0.084,11,3,0
94124.64,57009.323765128574,1.6510394366568961,0,0,0,141,5,0.654,16,0,0
5299.28,5186.380616212424,1.0217691875869928,0,0,0,570,63,0.52,10,1,0
2844.29,4490.381718233648,0.6334180259113068,1,1,1,102,6,0.245,17,0,0
33808.23,25854.99798861821,1.3076092680936366,0,0,0,608,16,0.241,8,2,0
23001.09,13022.689104114339,1.766231904305439,0,1,0,629,31,0.377,15,2,0
8347.52,12078.475622248287,0.6911070145719825,0,0,0,473,59,0.425,12,0,0
17653.43,18665.741486246163,0.9457660824508817,0,0,0,754,68,0.149,11,1,0
6136.85,7239.034038170633,0.8477441748097607,0,0,0,738,61,0.189,11,1,0
7048.66,8063.834675486772,0.8741072987717498,0,0,0,249,8,0.343,18,0,0
26970.0,4594.522355061344,5.870034125658947,0,1,1,371,14,0.798,6,3,1
13517.08,16971.319943080023,0.7964662141009113,0,0,0,423,18,0.469,3,2,0
67649.64,56901.502748276114,1.1888902592710504,0,0,0,510,63,0.367,12,1,0
12183.13,12719.616937217337,0.957821863187542,0,0,0,491,14,0.103,13,0,0
4686.25,9296.18211364112,0.5041049938588765,1,1,1,765,63,0.614,8,2,0
5887.46,5972.8998629408525,0.9856948431184822,1,1,1,106,3,0.158,14,0,0
10244.06,3761.874144217094,2.723126601036652,0,1,0,128,4,0.466,9,1,1
8024.22,18210.78758617492,0.44062990652488876,0,0,0,701,30,0.387,11,1,0
5981.17,6810.44340519007,0.8782356308086231,0,0,0,438,43,0.189,12,0,0
27909.13,32854.57142748285,0.8494746949041845,0,0,0,577,21,0.139,17,3,0
2813.26,2975.519624313848,0.9454673448366874,1,1,1,518,34,0.118,8,1,0
15496.85,17436.40598555326,0.8887640284876261,0,0,0,38,1,0.171,16,0,0
52933.16,29854.68530622459,1.7730268765159587,0,0,0,550,18,0.349,7,0,0
5182.5,8243.838043710184,0.6286508724037674,0,0,0,548,17,0.302,3,1,0
25979.8,22425.70608611379,1.1584829073101963,0,0,0,653,18,0.231,8,1,0
2981.43,3995.736955337561,0.7461531261120622,0,0,0,646,23,0.073,11,1,0
2020.3,2410.8459749272893,0.8380062788650713,1,1,1,179,8,0.143,14,0,0
3730.09,3338.305523422886,1.117361343041557,0,0,0,619,22,0.269,14,2,0
27122.08,13751.524595667239,1.97229599922695,0,0,0,772,85,0.171,10,1,0
21192.9,25461.948790012335,0.832336104398364,0,0,0,457,35,0.176,9,0,0
14643.98,10797.766263007847,1.356204435982263,0,0,0,643,16,0.542,14,0,0
17453.88,22499.028514675123,0.7757616314971169,0,0,0,375,14,0.197,1,0,0
5707.46,6248.715422902811,0.9133816931233996,0,0,0,49,1,0.105,8,0,0
56793.4,47419.161964041654,1.1976887378430545,0,0,0,53,2,0.354,8,0,0
11169.19,16839.121745517827,0.6632882727186372,1,1,1,19,0,0.5,2,4,1
2333.26,3037.9291922264156,0.768043206836102,0,0,0,150,12,0.424,15,0,0
