amount,historical_avg_amount,amount_multiplier,is_new_recipient,is_new_vpa_destination,is_new_originating_phone,relationship_age_days,historical_successful_txns,urgency_score,time_of_day_hour,velocity_last_24h,is_fraud
18875.59,12507.8374258994,1.5091009378776683,0,0,0,741,23,0.425,16,2,0
1861.2,2842.801679191339,0.6547074130231787,0,0,0,48,6,0.409,13,3,0
26032.89,16943.513776690914,1.536451435387468,0,0,0,424,42,0.149,9,1,0
48613.05,84714.32120715425,0.5738468970574432,0,0,0,275,8,0.333,14,0,0
26037.37,25880.249454499542,1.0060710184621935,0,0,0,557,16,0.074,11,1,0
178796.68,51276.223006112356,3.486931522798765,0,0,0,727,19,0.121,15,1,0
17419.03,28786.813124914854,0.6051044502651846,0,0,0,795,26,0.384,10,0,0
2998.29,6110.0792715292655,0.4907115025140472,0,0,0,676,35,0.177,17,0,0
37160.04,23538.300377755102,1.578705159201961,0,0,0,730,27,0.099,7,1,0
66959.8,32167.08137182945,2.0816249110467235,0,0,0,729,31,0.176,9,1,0
16362.73,8766.420668737019,1.8665238703057017,0,0,0,64,1,0.113,14,1,0
1842.91,2274.946376699896,0.8100878298374993,0,0,0,458,26,0.445,10,1,0
36754.29,28554.124499408095,1.2871796114770164,0,0,0,289,10,0.185,18,2,0
11861.61,5620.114880965895,2.110564414456133,0,0,0,265,7,0.193,10,0,0
58492.58,23014.206912590307,2.5415859503543463,0,0,0,513,16,0.206,10,0,0
31194.09,29293.783815529732,1.0648707763890257,0,0,1,33,3,0.185,6,0,0
71960.33,73365.78451592053,0.9808432391880988,0,0,0,627,62,0.126,21,0,0
4443.42,5503.044493186242,0.8074474793360167,1,1,1,306,21,0.108,15,0,0
82890.66,46503.380851609545,1.782465178435072,0,0,0,73,4,0.319,13,0,0
25229.18,17096.197875836515,1.4757189458668403,0,0,0,460,27,0.169,12,2,0
35658.71,39976.8975393086,0.891982822352334,0,0,0,170,10,0.388,17,0,0
10904.78,7007.054503153617,1.55625693211279,0,0,0,60,4,0.113,13,0,0
3738.21,6852.967503748475,0.5454872827145988,0,1,0,685,19,0.333,9,2,0
10878.0,6361.492678906118,1.709975947396065,0,0,0,169,4,0.209,9,0,0
6021.99,7534.634206446752,0.7992412771221686,0,0,0,143,4,0.387,10,1,0
7166.72,5126.789880869099,1.397896465627666,0,0,0,78,3,0.261,11,1,0
4963.37,5522.181611779293,0.8988054800181422,0,0,0,336,24,0.05,9,0,0
30626.77,19206.706735600346,1.594587125934252,0,0,0,91,10,0.377,11,0,0
3696.52,3695.643866041696,1.0002370988505682,0,0,0,18,1,0.448,8,1,0
39189.0,34791.4469776695,1.1263974031290362,0,0,0,697,87,0.013,8,0,0
13324.42,11736.430896971073,1.1353040327706982,0,0,0,61,2,0.434,17,1,0
25933.15,23282.75382298155,1.1138351685796468,0,0,0,357,11,0.065,9,1,0
10403.87,6004.8448487490095,1.732580094486997,0,0,0,26,1,0.165,13,2,0
36743.41,18050.18811219735,2.0356250338298634,0,0,0,728,23,0.392,8,1,0
26792.79,32622.12852616612,0.821307298689793,0,0,0,604,33,0.497,20,2,0
23353.73,14361.047474183782,1.626185786697266,0,0,0,299,8,0.159,13,2,0
12525.47,8381.574017154815,1.494405536948266,0,0,0,138,9,0.197,2,2,0
40858.54,32510.966402237478,1.2567618947612444,0,0,0,576,38,0.163,6,1,0
14412.46,19700.30350361208,0.7315855254096989,0,0,0,606,46,0.312,12,1,0
10954.69,14998.134512389228,0.7304032817718712,0,0,0,764,31,0.44,9,0,0
29260.37,20129.77294416347,1.4535867146418961,0,0,0,270,15,0.101,12,1,0
8844.03,10039.220836545393,0.8809483149720279,0,0,0,626,32,0.356,11,1,0
29152.06,18850.713349943813,1.5464696703739333,0,0,0,654,21,0.176,11,0,0
31824.07,22899.742218552296,1.3897128457006667,0,0,0,457,30,0.163,10,1,0
26973.77,15593.874071935657,1.729767175026004,0,0,0,78,2,0.15,10,3,0
44803.03,17133.87585045318,2.6148802410579384,0,1,0,187,6,0.535,10,1,1
5868.34,5220.392384592418,1.1241180953154377,0,0,0,135,6,0.428,17,0,0
5989.74,8612.673920335183,0.6954564099479715,1,1,1,463,12,0.189,8,0,0
32425.52,42319.01871932176,0.7662162642796689,0,0,0,740,18,0.227,11,0,0
14087.13,6480.549719841431,2.173755116479309,0,0,0,89,3,0.428,12,0,0
31341.04,29003.78312408997,1.0805846201239555,0,0,0,135,3,0.147,8,2,0
18648.56,13757.273407433813,1.35554202031223,1,1,1,736,18,0.15,16,0,0
11469.85,19110.492754443905,0.6001858997677534,1,1,1,268,10,0.208,10,1,0
13560.42,15969.2332126039,0.8491589491595275,0,0,0,83,3,0.43,10,1,0
17531.95,11521.8205370236,1.5216305185144603,1,1,1,653,34,0.017,9,1,0
5711.65,9941.20179130834,0.574543688497179,0,0,0,220,8,0.656,7,0,0
12118.96,5342.689818789218,2.2683247408725458,0,0,0,614,24,0.223,13,2,0
117186.04,53215.06898181285,2.202121391391319,0,1,0,76,2,0.711,13,1,1
45646.25,16728.479563636698,2.728655319054479,0,0,0,402,25,0.39,12,0,0
14007.22,16464.502631817893,0.8507527750069238,0,0,0,747,19,0.066,9,0,0
2577.62,2909.7173041032393,0.8858657344977341,0,0,0,769,85,0.172,12,0,0
3499.12,4581.382646473552,0.7637689364214648,0,0,0,294,7,0.035,19,0,0
46277.08,43519.18092375998,1.063371981324896,0,0,0,782,25,0.362,10,0,0
90275.61,47183.864684413886,1.9132729153058088,0,0,0,785,25,0.187,12,1,0
30098.87,51770.023458378404,0.5813957205853587,0,0,0,611,15,0.678,14,2,0
5448.52,5275.710544377902,1.0327561364309166,0,0,0,30,1,0.329,15,1,0
13903.38,14642.857681005255,0.9494993783252389,0,0,0,434,14,0.32,18,3,0
10009.05,15492.727766361999,0.6460482671959622,0,0,0,391,16,0.148,12,1,0
13243.54,22476.279280090108,0.5892230978750368,1,1,1,319,26,0.165,11,0,0
10257.28,11406.11949356438,0.8992790029731053,0,0,0,28,1,0.318,10,1,0
8080.4,9528.651466685908,0.848010791599194,0,1,0,110,8,0.352,8,0,0
32838.82,10951.486857928283,2.998571781738016,0,0,0,68,3,0.255,11,1,0
15897.69,13826.717731209481,1.1497804488917025,0,0,0,31,1,0.459,8,0,0
20859.6,21683.490833084023,0.9620037087499709,0,0,0,37,1,0.315,8,3,0
5697.28,4355.872138452945,1.3079534523141307,0,0,0,471,27,0.186,13,2,0
42459.86,31476.151258941547,1.3489532658121273,0,0,0,735,36,0.157,21,0,0
45906.07,47864.0608916297,0.9590927068195401,0,0,0,571,31,0.06,16,3,0
3024.65,6342.867963803888,0.4768584887664442,0,0,0,68,5,0.105,14,0,0
13374.96,11432.287687421805,1.169928467863314,0,0,0,710,29,0.319,19,1,0
1822.38,3613.72088926823,0.5042934550790198,0,0,0,137,4,0.248,14,1,0
25991.88,25045.168841275463,1.0378003061749927,0,0,0,568,56,0.176,9,2,0
26112.17,49885.12546634267,0.5234460006245183,1,1,1,13,0,0.431,19,6,1
19841.59,19152.751010142674,1.0359656275023101,0,0,0,135,3,0.119,18,1,0
16176.39,13469.515828403257,1.200962808725611,0,0,0,576,41,0.315,2,0,0
10510.28,18259.39274452398,0.5756093684640926,0,1,0,610,30,0.106,14,1,0
14541.94,8168.955858516623,1.7801466250224862,0,0,0,324,9,0.144,12,0,0
5982.53,6708.910439241287,0.8917291157533137,0,0,0,188,8,0.161,15,1,0
22440.07,26313.100529167474,0.8528098915284061,0,0,0,317,10,0.141,12,0,0
5878.91,3348.8583490358847,1.7554965955133612,0,1,0,175,5,0.84,11,1,1
10051.12,9803.653365476543,1.025241926200824,0,0,0,291,20,0.259,5,0,0
3741.0,2466.863685511968,1.5165020899841652,0,0,0,250,6,0.272,8,2,0
2522.96,3144.009294268844,0.8024664972648335,0,0,0,288,8,0.415,5,3,0
3167.55,3253.622065205809,0.9735466484606513,0,0,0,456,13,0.273,13,3,0
111356.79,14756.747087899932,7.5461613775517975,1,1,1,46,1,0.979,14,4,1
2892.61,7874.978176883335,0.3673162666783987,1,1,1,122,8,0.2,12,0,0
3253.19,6244.15545499428,0.5209983468563636,0,0,0,326,9,0.226,17,0,0
6053.05,9535.759769026381,0.6347732749355766,0,0,0,228,7,0.531,2,1,0
27557.8,32409.737613995276,0.8502936931566762,0,0,0,532,14,0.283,13,1,0
35487.5,24431.85492370089,1.4525094172873605,0,0,0,649,32,0.145,18,0,0
27473.53,6189.950922054175,4.438408710309511,0,1,1,297,11,0.946,11,3,1
32262.64,37375.83722302181,0.8631951021455813,0,0,0,775,33,0.214,17,0,0
27609.54,66549.06387423401,0.41487499685075646,0,0,0,493,21,0.152,3,1,0
4520.36,4125.500269393446,1.0957123421447021,0,0,0,184,6,0.591,17,2,0
2360.82,5099.090043786252,0.4629888483142205,0,1,0,656,29,0.175,10,0,0
13880.45,16002.699990110334,0.8673818440875594,0,0,0,126,9,0.022,11,0,0
7745.61,5241.8041973843465,1.4776617072108158,0,0,0,481,13,0.283,8,1,0
7494.6,6145.0204752106065,1.2196219194007025,0,0,0,88,11,0.038,0,2,0
17268.64,29092.594621182736,0.5935750247042877,0,0,0,606,50,0.281,9,0,0
20922.46,13984.546901644417,1.4961131713868896,0,0,0,571,43,0.506,16,1,0
2732.39,5844.38392949855,0.46752410195193844,0,0,1,42,1,0.425,15,1,0
1664.66,3665.3966915848223,0.45415593228459517,1,1,1,6,0,0.499,13,7,1
3988.49,6854.062291095514,0.5819156867402304,0,0,0,447,13,0.109,10,1,0
3702.96,6122.616786080506,0.6047996119911826,0,0,0,605,50,0.473,12,0,0
53757.26,28777.6782477769,1.8680193601832984,0,0,0,251,22,0.011,8,1,0
385813.54,53106.49271879462,7.264903446567056,0,1,1,257,10,0.975,8,2,1
135522.8,38204.15589949588,3.5473312495267035,0,1,1,170,6,0.869,11,1,1
2410.45,3491.020174257088,0.6904721104991162,0,0,0,364,10,0.466,13,0,0
25547.15,14160.850465471412,1.8040688817082247,0,0,0,320,13,0.67,19,0,0
15160.13,6181.9768217789815,2.4523111023636943,0,1,0,187,6,0.441,8,1,1
17026.73,6145.380778642646,2.7706542833611896,1,1,1,643,53,0.264,7,0,0
1084.48,9239.667958387952,0.11737261458330268,1,1,1,7,0,0.589,14,8,1
28219.25,25355.641448558647,1.1129378452366538,0,0,0,261,17,0.101,14,0,0
2258.38,3806.08042320487,0.5933608922225575,0,0,0,723,21,0.315,17,0,0
85719.99,41768.98514040768,2.0522401187372328,0,0,0,285,8,0.781,14,2,0
41173.08,28544.545294445874,1.4424148154453882,0,0,0,195,6,0.217,16,2,0
36966.78,12517.971453432578,2.9530967787330815,0,1,0,140,4,0.81,11,1,1
14966.82,24842.079942241224,0.6024787102959374,0,0,0,76,7,0.214,17,1,0
16962.28,13557.414966114276,1.2511440504993496,1,1,1,299,37,0.118,12,1,0
8314.31,6988.54784421643,1.1897050887841196,0,1,0,119,3,0.557,17,1,1
143868.07,21205.539804462598,6.78445686306358,0,1,1,103,4,0.751,1,2,1
188843.15,23854.394238568886,7.916493108006665,0,1,1,262,10,0.945,19,2,1
2434.03,2933.7130175736047,0.8296768934042869,0,0,0,663,47,0.315,11,2,0
9345.29,13625.22366890119,0.6858815870774689,1,1,1,199,7,0.295,9,1,0
10850.49,15916.175773870058,0.6817272508702087,0,0,0,50,1,0.209,15,3,0
5207.69,3803.519817790192,1.369175809645713,0,0,0,635,42,0.251,16,0,0
10509.98,9516.298596102399,1.1044186057354421,0,0,0,452,14,0.345,11,0,0
15231.68,9531.376422489451,1.5980564354692175,0,0,0,735,25,0.249,6,0,0
106899.35,14610.491552106721,7.316615743779606,1,1,1,36,1,0.905,3,3,1
133861.32,15852.613286406171,8.444116862398193,0,1,1,194,7,0.95,21,2,1
73667.21,41300.328068382725,1.783695499895921,0,0,0,419,29,0.324,7,0,0
1575.18,3262.0387181943656,0.4828808827492189,0,0,0,495,33,0.399,9,0,0
9420.0,11461.465222784022,0.8218846780948253,1,1,1,259,23,0.187,14,0,0
19957.19,22408.239239151928,0.890618574785587,0,0,0,503,38,0.085,17,2,0
5886.8,6484.993311010043,0.9077580428767319,0,0,0,298,9,0.446,9,0,0
21276.52,21025.623927761062,1.0119326420344346,0,0,0,184,13,0.304,7,3,0
9186.48,12874.816475790163,0.7135235686056737,0,0,0,643,20,0.33,11,1,0
30027.79,24936.882234114597,1.2041519069233237,0,0,0,703,18,0.368,20,2,0
37203.03,16875.58082410004,2.2045478872384967,0,1,0,219,7,0.614,14,1,1
122981.97,20901.729173230557,5.883817811870433,0,1,1,174,6,0.783,11,3,1
9151.79,9888.8848283763,0.9254623268878004,0,0,0,573,15,0.033,15,0,0
74383.33,65743.59386047506,1.131415639946853,1,1,1,153,6,0.164,21,1,0
30882.35,14881.871680034492,2.075165952525532,0,0,0,300,12,0.129,19,0,0
12631.34,11671.657549407215,1.0822232271875716,0,0,0,461,19,0.319,7,0,0
19572.43,20557.549782291968,0.9520797583031556,0,0,0,453,18,0.401,13,0,0
8122.27,11299.925917798442,0.718789879140259,0,0,0,228,6,0.232,8,2,0
9844.54,20914.219990648788,0.47071014142349266,0,0,0,612,24,0.109,17,0,0
12306.6,10791.30265652688,1.1404184809166753,0,0,0,351,43,0.367,13,5,0
6811.41,5546.181906601671,1.2281250874585747,0,0,0,309,9,0.273,8,0,0
7256.36,15147.50954524061,0.47904670790805437,0,0,0,618,15,0.067,10,2,0
35660.34,3848.8168518961093,9.265274582170537,1,1,1,15,0,0.833,3,4,1
12731.75,5303.357171440504,2.400696279957655,0,1,0,158,5,0.744,17,1,1
2110.2,4351.98215194671,0.48488164228142416,0,0,0,697,25,0.183,8,0,0
14591.17,7315.81673186818,1.9944691171169848,0,0,0,345,38,0.714,11,2,0
5818.94,4665.236117931953,1.247297258157939,0,0,0,557,17,0.341,9,0,0
6009.65,11137.214716658877,0.5396005364825845,0,0,1,764,42,0.207,17,1,0
3508.2,2747.7708728557186,1.2767422747525317,0,0,0,738,35,0.083,11,1,0
17441.84,19243.292690379138,0.9063856731917298,0,0,0,565,14,0.063,10,0,0
128932.38,13553.398268558994,9.512918679398808,1,1,1,45,0,0.99,0,3,1
23824.26,22341.02332684574,1.0663906056011472,0,0,0,280,15,0.339,14,2,0
18678.8,17193.751683222865,1.0863716201832376,0,0,0,643,22,0.054,9,1,0
4162.82,9105.967696502768,0.4571531367850715,0,0,0,637,21,0.024,21,0,0
17940.53,11998.942965828719,1.495175899963214,0,0,0,50,1,0.117,7,0,0
12046.24,10705.783597584468,1.1252089089742254,0,0,0,10,1,0.094,5,0,0
3488.14,3437.670855200837,1.0146810724943205,0,0,0,768,19,0.384,15,1,0
2604.23,2130.322977782395,1.222457543021645,1,1,1,445,14,0.71,10,2,0
3281.16,4266.920851288987,0.7689757232218052,0,0,0,409,51,0.429,13,0,0
5971.24,7630.610769301122,0.7825379971036629,0,0,0,672,84,0.165,9,0,0
9592.28,7597.61196437704,1.262539037094199,0,0,0,450,21,0.567,8,0,0
12526.15,4268.231925140592,2.9347394586272255,0,1,0,100,3,0.825,9,1,1
4298.84,5491.324653158145,0.7828425897881655,0,0,0,281,14,0.33,9,2,0
4250.12,3420.9076478383236,1.2423961149479725,0,0,0,116,8,0.365,11,2,0
9018.01,14746.437535926329,0.6115382654352708,0,0,0,641,45,0.226,9,0,0
5968.86,2895.553695493747,2.061387094975703,0,0,0,638,42,0.118,13,0,0
67236.22,33839.59433442208,1.9869096603226752,0,0,0,351,14,0.119,0,0,0
19530.33,9766.92645957115,1.9996389437718185,1,1,1,58,2,0.118,9,2,0
6118.04,4954.72877276517,1.234788268995051,0,0,0,331,15,0.085,2,2,0
5713.03,2920.239371647788,1.9563555481975485,0,0,0,653,18,0.081,13,0,0
5980.44,10043.687132846291,0.5954430944603213,0,0,0,95,2,0.295,17,0,0
1338.9,2979.5642050693036,0.449360048321145,0,0,0,211,8,0.827,15,1,0
25586.85,23261.30718214929,1.0999749129514778,0,0,0,137,4,0.259,12,2,0
16749.89,35100.35205850925,0.4772001671948778,0,0,0,760,26,0.322,15,2,0
4791.73,6101.300601546251,0.7853614305451827,0,0,0,302,9,0.082,8,1,0
3156.55,3174.4624822999644,0.9943582953358856,0,0,0,771,35,0.286,15,0,0
15574.98,15963.438396340229,0.9756657143273155,0,0,0,470,12,0.163,12,2,0
10036.42,17587.604809656117,0.570652787003825,0,0,0,77,5,0.128,9,2,0
6629.01,13582.789892649525,0.48804450876416616,1,1,1,13,0,0.517,17,8,1
37014.1,10785.533131433967,3.4318286702880885,0,0,0,690,69,0.211,8,0,0
13315.49,5180.573970905978,2.570273394613467,0,0,0,795,99,0.14,12,2,0
8608.01,5436.790420651774,1.5832894184017545,0,0,0,18,1,0.154,12,0,0
6828.98,12151.584206251868,0.5619826686078625,0,0,0,201,7,0.031,9,1,0
33374.23,29691.65528241034,1.1240273331014246,0,0,0,52,1,0.179,0,0,0
5611.28,8186.98929255316,0.6853897150539124,1,1,1,756,20,0.266,6,0,0
28158.61,28347.229701618508,0.9933460253461207,0,0,0,331,33,0.182,17,0,0
33774.59,35004.34451645933,0.964868407574179,0,0,0,497,55,0.451,9,0,0
2870.47,6372.814012514906,0.4504236049585651,0,0,0,452,16,0.145,8,0,0
76850.41,66401.28165960615,1.1573634027387192,0,0,0,239,7,0.249,11,0,0
9149.95,20614.599000726124,0.443857924104323,0,0,0,475,26,0.6,11,0,0
10954.06,13041.685492787563,0.8399264015257764,1,1,1,474,26,0.226,10,1,0
15286.98,24470.237217800102,0.6247172223409512,0,0,0,735,38,0.247,11,0,0
3426.37,2197.421751387059,1.559268047085526,0,0,0,191,4,0.038,14,0,0
7724.09,10192.728070705518,0.7578043081670498,0,0,0,164,8,0.562,11,2,0
42981.3,32183.367907833584,1.3355129062916817,0,0,0,272,12,0.098,13,1,0
28863.72,11378.292664574014,2.53673576104392,0,1,0,206,6,0.589,8,1,1
8126.73,8630.923537378842,0.9415832828895414,0,1,0,158,7,0.363,16,3,0
18832.44,15243.402998834183,1.2354483020068405,0,0,0,691,31,0.464,19,0,0
5684.16,13736.106626334617,0.41381192081614077,0,0,0,763,31,0.56,5,1,0
2953.44,3431.284855077763,0.8607377107475469,0,0,0,107,8,0.198,10,0,0
10879.37,7999.371249180835,1.3600276841745627,0,0,0,353,9,0.23,11,1,0
66611.64,41229.723810518,1.6156217406549969,0,0,0,259,19,0.671,13,0,0
1596.55,2103.1732224898383,0.7591140579135596,0,0,0,772,48,0.014,14,0,0
8689.44,5177.848483806092,1.678195606580817,0,0,0,601,42,0.21,10,0,0
4068.64,3843.6135225816824,1.0585452532837059,0,0,0,327,10,0.304,7,0,0
5122.7,5260.889870583308,0.9737324965762908,0,0,0,40,2,0.145,18,0,0
3182.05,8081.14205444154,0.3937625793349744,0,0,0,588,58,0.436,13,0,0
12040.05,7080.03996056071,1.7005618133970593,0,0,0,718,89,0.292,9,0,0
13387.32,15632.143875225749,0.8563968546636769,0,0,0,550,25,0.466,5,1,0
17543.33,33525.09308046921,0.5232894417539601,0,0,0,250,7,0.342,7,3,0
21191.31,18006.005988252953,1.1769025486067246,0,0,0,148,5,0.244,5,1,0
2839.7,2335.035847798652,1.216127534157185,0,0,0,102,4,0.701,9,2,0
4338.5,12251.224140311513,0.35412760607492966,1,1,1,7,0,0.565,21,7,1
9620.22,8538.906457307654,1.126633753750403,0,0,0,411,37,0.209,12,0,0
26242.16,15703.210799929151,1.6711332115471986,0,0,0,658,17,0.302,12,0,0
28823.27,22797.86500394564,1.264296955858149,0,0,0,63,3,0.168,17,0,0
10632.11,19036.567194255516,0.558509736795716,1,1,1,22,0,0.326,18,4,1
3581.87,3934.1381751234458,0.9104598092928479,0,0,0,97,4,0.564,15,1,0
11299.5,7054.275676740509,1.6017947481332602,0,0,0,282,7,0.162,13,0,0
7110.23,5694.618031358463,1.2485880593906211,0,0,0,348,12,0.315,6,0,0
3628.08,8790.581047655198,0.4127236959104445,0,0,0,102,12,0.349,12,0,0
3327.1,3407.7293501366175,0.9763407053017492,0,0,0,223,6,0.494,15,3,0
25594.61,3675.8161784842105,6.962974337925054,1,1,1,8,1,0.8,0,2,1
4980.37,8634.924715720284,0.5767707347764063,0,0,0,120,8,0.232,17,1,0
1179.09,2250.182297548521,0.5239997173178699,0,0,0,585,16,0.383,17,1,0
12870.4,8993.65064691233,1.4310535874958878,0,0,0,799,39,0.279,11,0,0
30388.26,24250.491413463053,1.2530987304757792,0,0,0,403,13,0.237,12,0,0
4585.33,6341.035966645922,0.7231197368989211,0,0,0,72,2,0.214,8,1,0
18266.44,17879.890525221872,1.0216192767304828,0,0,0,728,23,0.361,14,1,0
8961.62,6233.026210884071,1.4377644487469026,1,1,1,536,21,0.169,9,1,0
7716.73,23959.772680033668,0.3220704116619266,1,1,1,14,0,0.396,19,4,1
4197.11,2458.906829435693,1.7068999422570925,0,0,0,643,20,0.271,6,1,0
1863.66,2036.2809737154362,0.9152263250848707,0,0,0,383,17,0.293,15,0,0
59891.74,44801.56316802478,1.3368226434082133,0,0,0,701,58,0.709,17,0,0
4470.73,11706.677114258411,0.38189534684368787,0,0,0,444,37,0.342,5,0,0
3826.01,4243.58446743276,0.9015996053142982,0,0,0,290,22,0.302,11,0,0
12822.55,22074.04675268953,0.580888170343184,0,0,0,92,2,0.149,5,1,0
2369.39,3597.9926743870365,0.658530240350832,0,0,0,604,19,0.198,9,0,0
12514.12,17461.239063189518,0.7166796966745669,0,0,0,188,8,0.133,9,2,0
289029.65,48852.758122754254,5.9163425164796415,1,1,1,25,0,0.941,1,2,1
6186.52,5155.759632146128,1.1999232907836863,0,0,0,694,22,0.076,10,0,0
5057.34,6301.775103187837,0.8025260736571769,0,0,0,619,15,0.109,3,0,0
4301.47,6569.964458787125,0.6547178815405471,1,1,1,594,27,0.399,5,3,0
27360.53,34297.09138371196,0.7977507168472671,1,1,1,12,0,0.437,22,6,1
14992.61,20200.168263976142,0.7422023181891935,0,0,0,506,14,0.359,10,2,0
4398.88,4109.965251676291,1.0702951269677363,0,0,0,777,22,0.361,4,1,0
4200.71,10387.490020065763,0.40440051222570167,0,0,0,491,14,0.238,13,0,0
7910.01,8578.766312257743,0.922045332028678,0,0,0,52,2,0.097,14,1,0
7196.24,5398.738374887289,1.3329476531889475,0,0,0,80,3,0.185,12,0,0
25966.36,33319.856260472225,0.7793057743260638,0,0,0,248,8,0.218,11,1,0
40655.01,21683.693385262606,1.8749116045788754,0,0,0,524,14,0.135,8,1,0
7310.09,6545.482031479685,1.1168146609828988,0,0,0,308,9,0.454,16,0,0
1843.51,2881.582491807167,0.6397572044956373,0,0,0,28,1,0.089,7,2,0
125530.36,116023.10992752587,1.0819427327788478,0,0,0,237,10,0.013,9,3,0
6288.82,3155.6861200411804,1.9928541213112159,0,0,0,114,5,0.121,9,0,0
22163.2,25980.998785069638,0.8530540794710036,0,0,0,525,19,0.066,10,0,0
2748.83,3671.915119745654,0.74860982595951,0,0,1,138,4,0.486,6,0,0
11387.25,21382.171499525797,0.5325581560175582,0,0,0,765,76,0.462,17,1,0
63399.35,23149.821582241373,2.7386539360435123,0,0,0,450,13,0.407,7,1,0
38718.34,25429.68052290744,1.52256508832093,0,0,0,711,59,0.381,17,1,0
12013.61,8795.86132056924,1.3658255383991786,0,0,0,477,59,0.226,4,1,0
3983.51,4881.148025685588,0.8161004829200746,0,0,0,198,5,0.338,11,1,0
19633.22,18819.25013228097,1.0432518985033363,0,0,0,90,3,0.441,15,0,0
96017.98,12694.263241849812,7.563887223958048,0,1,1,386,15,0.896,2,2,1
18098.36,14513.171975695612,1.247029602176252,0,0,0,538,16,0.146,13,0,0
11983.03,10855.047981770798,1.103912981134693,0,0,0,429,21,0.489,5,3,0
4461.43,2354.389122748425,1.8949432252809748,0,0,0,395,11,0.424,11,3,0
16770.23,14954.957201548628,1.1213827473703413,0,0,0,294,8,0.271,11,0,0
7764.98,6067.249107038059,1.2798194805280536,0,0,0,114,8,0.383,8,0,0
19967.7,10468.163596386483,1.9074688916132598,0,0,0,753,68,0.32,10,1,0
10324.81,3475.567591703145,2.9706843620177077,0,0,0,382,19,0.352,15,2,0
3490.19,2745.6975344132143,1.2711505253272772,0,0,0,619,38,0.198,8,1,0
1820.22,3321.81383134944,0.5479588233408506,0,0,0,662,16,0.202,10,2,0
279798.92,36870.19691573012,7.588755816407701,1,1,1,46,1,0.901,1,2,1
6289.7,3987.207370202588,1.5774691685710316,0,0,0,122,7,0.112,11,1,0
11579.36,22920.2119437552,0.5052029222495183,0,0,0,248,7,0.413,15,0,0
9393.44,13876.935061139671,0.6769100337411443,0,0,0,235,19,0.287,6,0,0
14418.12,13631.68948900809,1.057691384227818,0,0,0,107,5,0.304,5,0,0
32286.4,41030.87352915714,0.7868805335996097,0,0,0,17,1,0.272,6,0,0
48653.97,24878.040070692103,1.9556995044185566,0,0,0,312,12,0.314,13,0,0
31914.73,5980.750906787154,5.3362409150199905,1,1,1,25,0,0.984,3,3,1
8112.41,21291.169473435886,0.3810224180821628,0,0,0,337,9,0.166,14,0,0
19115.23,29983.645319635572,0.6375218905005551,0,0,0,86,5,0.254,10,0,0
8970.36,7553.645211307992,1.1875542840308797,0,0,0,595,66,0.175,11,0,0
11981.51,9284.411659881112,1.290497070213385,0,0,0,100,5,0.5,7,0,0
1997.56,3369.6071353039047,0.5928169446921044,0,0,0,72,2,0.339,10,3,0
16211.14,10345.766842577621,1.5669343593494829,0,0,0,27,1,0.544,12,2,0
11154.33,15355.944815140016,0.7263853218581812,0,0,0,338,9,0.126,15,0,0
11112.62,9655.575166253342,1.1509020100368872,0,0,0,473,39,0.221,13,2,0
14986.34,10007.10258591474,1.4975702428420314,0,1,0,165,5,0.451,10,1,1
18289.44,25419.13122049783,0.7195148450582316,0,0,0,31,1,0.453,13,0,0
4712.55,4008.262309421068,1.175707779722583,0,0,0,182,16,0.303,15,1,0
83493.35,11976.092567690936,6.971668998118501,0,1,1,136,5,0.866,21,3,1
3056.13,5917.857282746529,0.5164247848053352,0,0,0,386,11,0.079,11,0,0
5657.45,2804.898118698071,2.0169883495215606,0,0,0,407,16,0.069,3,0,0
2349.22,2594.101546472651,0.9056008176170428,0,0,0,569,28,0.168,6,1,0
33681.51,27109.849813248245,1.2424085135755152,0,0,0,669,25,0.422,9,0,0
4273.13,5145.343498876226,0.8304850275738322,0,0,0,720,19,0.052,13,0,0
24248.82,26484.24683705423,0.9155941492681283,0,0,0,312,16,0.234,12,1,0
3207.31,2646.223947076457,1.2120310745665157,1,1,1,29,1,0.411,3,1,0
11857.6,11941.475391516675,0.9929759571210176,0,0,0,532,15,0.291,4,2,0
6756.04,3937.000315970677,1.7160376127613608,0,0,0,698,22,0.523,18,2,0
66696.72,60221.389208435015,1.1075253927101163,0,0,0,748,34,0.18,2,0,0
35787.82,35213.63884012856,1.0163055155593306,0,0,0,349,29,0.486,11,1,0
95361.38,56925.70364569203,1.6751901958618736,0,0,0,34,3,0.352,10,1,0
3504.85,6862.963213356382,0.5106908792378051,0,0,0,145,5,0.176,12,0,0
4653.29,5898.403969844612,0.7889062669541504,0,0,0,473,18,0.102,11,0,0
7787.39,7161.344870321944,1.087419834070041,0,0,0,112,3,0.396,8,2,0
11923.24,4055.2252008656096,2.9402169614555893,0,1,0,78,2,0.599,15,1,1
21750.88,22654.604858149854,0.9601085168633982,0,0,0,611,61,0.373,10,0,0
10236.4,8529.505009270324,1.200116928744827,0,0,1,283,7,0.305,15,4,0
41114.89,20328.74774131445,2.022499771596686,0,0,0,121,6,0.338,9,1,0
3389.66,3929.1428473229253,0.8626960892748184,0,0,0,364,11,0.451,10,1,0
9299.57,11677.04292587107,0.7963981027648125,0,0,0,154,4,0.182,17,1,0
8876.9,20806.980273235586,0.4266310056179178,0,0,0,242,7,0.37,15,2,0
30684.72,28618.55940016598,1.0721965648556422,0,0,0,343,10,0.178,12,0,0
71218.17,11868.800319887589,6.000452319122295,1,1,1,35,0,0.987,0,2,1
2989.63,3075.540167425199,0.9720671147497905,0,0,0,363,11,0.197,18,1,0
44204.31,44762.44154260494,0.98753118281312,0,0,0,500,13,0.009,10,2,0
1099.27,2777.614429303777,0.39575940401158416,0,0,0,458,45,0.527,14,1,0
1937.91,2920.7618775578653,0.6634933155608267,0,0,0,463,20,0.452,6,1,0
42942.57,55584.23988659649,0.7725673391557413,0,0,0,190,6,0.154,8,0,0
3201.49,9865.224956653103,0.32452291078328366,1,1,1,20,0,0.45,15,8,1
19426.9,13264.722479557513,1.464553946170332,1,1,1,155,8,0.075,9,1,0
32324.22,30220.485634663928,1.0696127483186084,0,0,0,455,14,0.552,9,0,0
3649.04,2585.1587494584237,1.4115350658428845,0,0,0,210,15,0.353,8,0,0
25767.44,32283.66410014265,0.7981571414562648,0,0,0,573,20,0.313,11,1,0
22549.41,49088.872653658625,0.4593589337111366,0,0,0,740,41,0.216,12,0,0
10092.65,17740.336223027894,0.5689096997171667,0,0,0,263,18,0.367,13,0,0
2550.08,7902.108000417027,0.32270847101762257,0,0,0,178,11,0.379,6,1,0
6564.69,12483.321209303918,0.5258767030353105,1,1,1,413,11,0.306,14,2,0
4656.51,4733.36601145798,0.9837623160916521,0,0,0,277,11,0.142,9,0,0
5805.43,7005.820367461089,0.828658563700475,0,0,0,449,24,0.203,3,1,0
11593.71,7075.968682892888,1.6384624489284902,0,0,0,299,8,0.166,12,1,0
5714.08,15658.17533628785,0.36492660407240085,1,1,1,4,0,0.454,14,8,1
7510.71,8100.755218007817,0.9271617172910415,0,0,0,556,39,0.492,11,0,0
8964.63,6997.132476366664,1.2811858535702039,0,0,0,75,2,0.163,6,0,0
7009.91,12996.664484783509,0.5393624945649256,0,0,0,326,29,0.431,16,0,0
8127.59,4684.004808270378,1.7351803686909855,0,0,0,216,11,0.211,6,1,0
3031.53,3473.295222372883,0.872810098808117,0,0,0,570,51,0.038,9,0,0
6500.67,9988.135955569645,0.6508386609260826,0,0,0,444,22,0.542,13,2,0
18371.01,26684.547284216886,0.6884510831808349,0,0,0,786,43,0.577,8,2,0
1361.02,5847.23616022754,0.2327635282228183,1,1,1,24,0,0.319,4,5,1
4797.31,7613.427841926906,0.6301122945774723,0,0,0,664,41,0.297,11,2,0
8634.53,4635.204647240893,1.8628142530398528,1,1,1,183,13,0.329,17,0,0
47153.5,7531.916748442373,6.260491139300618,1,1,1,15,1,0.847,22,3,1
12184.53,8475.908017655289,1.4375489448268595,0,0,0,332,15,0.34,8,0,0
2888.99,2018.9225758833552,1.4309541588085377,0,0,0,534,31,0.513,18,1,0
11716.0,24686.635171034075,0.47458869620395316,0,0,0,421,19,0.215,16,2,0
1585.33,2208.3944313418183,0.7178672398750087,0,0,0,552,55,0.605,9,1,0
10392.75,6927.600889594342,1.5001940629237682,0,0,0,634,39,0.195,18,2,0
16157.8,16580.44858871225,0.9745092355435435,0,0,0,341,12,0.354,12,0,0
1898.78,4503.313858595697,0.42164116714755717,1,1,1,29,0,0.506,16,7,1
18238.84,27291.93016575179,0.6682868861705515,0,0,0,288,10,0.676,9,1,0
6638.31,7269.812145501831,0.9131338297060848,0,0,0,445,19,0.23,10,0,0
60662.04,32820.12497189163,1.848318385083488,0,0,0,287,10,0.331,13,0,0
21629.56,27326.3487790294,0.7915276406892121,0,0,0,418,19,0.168,15,0,0
16935.51,15360.017274834712,1.1025707821990107,0,0,0,557,39,0.208,17,3,0
38379.15,16882.608330921248,2.2732948765948824,0,0,0,285,7,0.046,10,0,0
3651.71,6473.121655247936,0.5641338201125613,0,0,0,456,19,0.441,5,0,0
9574.96,20806.69415482963,0.460186734671721,1,1,1,69,7,0.36,13,1,0
43002.65,41773.91016130491,1.0294139749941809,0,0,0,136,4,0.04,9,0,0
23347.54,18259.994851519452,1.2786170709709956,0,0,0,468,27,0.328,11,0,0
3424.99,2679.2002854217035,1.278364444787652,0,0,0,254,9,0.295,14,0,0
2680.69,2455.523475826682,1.0916967833354085,0,0,0,95,4,0.131,14,0,0
12610.98,16377.088158489678,0.7700378718213207,0,0,0,609,17,0.12,17,2,0
19942.81,11532.19611826806,1.7293159737276054,1,1,1,114,8,0.262,15,2,0
2856.5,4415.457342223468,0.646932514991286,1,1,1,429,12,0.2,19,0,0
15890.84,17379.719100641127,0.9143321896300934,0,0,0,703,37,0.38,14,0,0
50380.99,37056.97845669052,1.3595547228562748,0,0,0,90,3,0.104,10,0,0
9304.48,9379.111629797711,0.9920423201202685,0,0,0,655,81,0.141,11,0,0
5912.05,11340.8204273759,0.5213074261977046,0,0,0,36,3,0.049,10,3,0
5375.44,10604.724569461829,0.5068911470336686,1,1,1,28,0,0.452,16,7,1
16084.91,11664.911136227352,1.378914184466961,0,0,0,163,6,0.084,12,2,0
23424.88,27439.595168025917,0.8536890662346163,0,0,0,393,21,0.429,10,0,0
5125.97,7677.4021795993895,0.6676695797936433,0,0,0,505,15,0.189,11,2,0
31600.18,25351.680809878202,1.2464725884332692,0,0,0,721,42,0.189,11,0,0
8707.6,9846.634890503286,0.8843221131996543,0,1,0,556,20,0.057,14,0,0
9553.08,12489.219325527609,0.7649057218982234,0,0,0,475,29,0.131,7,2,0
91825.8,59883.63041442272,1.533404042216567,0,0,0,98,2,0.077,10,2,0
12775.86,8387.233376343216,1.5232510092567526,0,0,0,389,35,0.386,17,0,0
28773.34,29036.846759209686,0.9909251561673564,0,0,0,163,5,0.437,11,0,0
4016.09,5519.954189445053,0.7275576836473713,0,0,0,398,26,0.512,13,0,0
29063.47,7356.182468362102,3.9508909426461107,0,1,1,128,5,0.923,7,2,1
18044.57,15522.107145924703,1.1625075184439209,0,0,0,454,23,0.335,11,1,0
6407.0,8412.573731652108,0.7615981818076532,0,0,0,160,13,0.095,9,2,0
16191.15,12911.06629324901,1.254052061621289,0,0,0,284,10,0.401,12,0,0
28095.66,21072.448867339208,1.3332889449528593,0,0,0,662,31,0.228,14,0,0
10350.48,8782.058567234391,1.1785940966338528,0,0,0,534,25,0.451,16,3,0
63170.92,39632.55784887736,1.593914669016858,0,1,0,223,7,0.411,10,1,1
7793.98,10251.46213653928,0.7602801374713133,0,0,0,778,26,0.156,12,2,0
3759.86,4819.0733325405745,0.7802049668169981,0,0,0,119,3,0.31,11,1,0
19072.03,16475.444164577333,1.1576036459501202,0,0,0,565,40,0.086,6,2,0
38468.72,44243.059083988184,0.8694859945357792,0,0,0,709,44,0.369,10,1,0
20799.12,19651.305175947353,1.0584091414577412,0,0,0,478,26,0.354,20,1,0
10122.9,6675.664442282688,1.5163876506393261,0,0,0,431,25,0.442,15,1,0
15295.63,20748.563578348818,0.7371899930585417,0,0,0,379,10,0.44,15,2,0
21780.92,15659.240254782439,1.390930574948033,0,0,0,783,25,0.247,19,2,0
42898.33,15167.165794083992,2.828368515012838,0,1,0,144,4,0.599,16,1,1
27724.89,9859.129558176825,2.8121034067645123,0,0,0,57,2,0.358,9,0,0
9760.61,20997.559443248403,0.4648451510264072,0,0,0,743,20,0.528,6,0,0
23795.09,15851.15345822921,1.5011579827138912,0,0,0,339,10,0.335,7,0,0
4162.19,3528.4746765082396,1.1796008936319495,0,0,0,772,20,0.621,9,3,0
6933.04,4453.56212842804,1.5567411745042472,0,0,0,45,1,0.287,7,0,0
2920.59,7705.395300975397,0.3790316447509331,0,0,0,582,52,0.079,12,2,0
22169.85,13775.72617635796,1.6093419175076507,0,1,0,145,4,0.612,12,1,1
13234.94,13507.351857512143,0.9798325527166587,0,0,0,790,46,0.152,11,1,0
5669.61,5825.21066895414,0.9732876414532834,0,0,0,405,31,0.703,3,0,0
15424.4,11119.659659372348,1.3871290626437551,0,1,0,438,12,0.352,12,2,0
6103.7,13110.457079413858,0.4655596898023094,0,1,0,112,4,0.688,11,1,0
37278.56,32457.614215469606,1.148530608359628,0,0,0,381,16,0.238,1,1,0
9317.51,6061.54018235325,1.5371518512820859,0,0,0,313,10,0.308,8,2,0
9676.0,9719.688094874757,0.9955053764730915,0,0,0,541,17,0.176,12,1,0
4568.79,5981.145191143212,0.7638660397990722,1,1,1,604,31,0.344,9,0,0
3054.1,3694.8804461528944,0.8265762207852815,1,1,1,683,85,0.014,14,0,0
2835.42,2822.763517422107,1.0044850331567827,0,0,0,713,18,0.395,10,0,0
7439.63,7947.564280726097,0.9360893295828728,0,0,0,272,9,0.537,9,3,0
2810.68,5461.855531055908,0.5146015046543213,0,0,0,727,26,0.247,20,1,0
13521.2,12826.361133058672,1.054172534336028,0,1,0,276,9,0.497,12,1,1
6842.25,5534.01524286562,1.2363997072558002,0,0,0,149,6,0.65,10,2,0
7871.79,8500.7568715286,0.9260105914176767,0,0,0,412,11,0.109,2,2,0
3288.44,2432.3402515545713,1.351966091548432,0,0,0,297,9,0.294,14,1,0
7493.79,2860.558135510357,2.619694494691837,0,0,0,156,5,0.436,7,2,0
23027.44,12631.541545936638,1.8230110466626142,0,0,0,595,45,0.54,4,1,0
7778.98,4028.710221389481,1.930887045799547,0,0,0,250,10,0.187,10,1,0
42491.89,34146.71832919438,1.2443914912491534,0,0,0,525,18,0.41,15,0,0
9793.33,6030.7599544135755,1.6238967221190252,0,1,0,306,8,0.168,15,1,0
53602.75,40274.89801246326,1.3309220496225398,1,1,1,194,5,0.06,19,3,0
8852.75,14726.146228412044,0.6011583646981962,0,0,0,659,18,0.26,8,2,0
553.04,4368.997428574399,0.12658201934065205,1,1,1,22,0,0.312,12,8,1
8487.17,6759.413889160778,1.2556069434707258,0,0,0,21,2,0.287,2,2,0
5169.88,7437.290397996578,0.6951301381996913,0,0,0,470,29,0.585,10,2,0
62330.28,65514.31930929676,0.9513993672641573,0,0,0,713,37,0.244,12,0,0
20202.07,19660.139242645582,1.0275651301317028,0,0,0,587,19,0.25,6,0,0
10862.22,7501.2048461166005,1.4480637019561748,0,1,0,313,13,0.056,8,3,0
24753.85,8439.809211441501,2.9329863804721317,0,0,0,536,48,0.149,2,2,0
48234.15,21456.81658285486,2.247963947988066,0,0,0,563,18,0.464,3,1,0
12854.01,12360.173484482597,1.0399535675096696,0,0,0,683,25,0.369,11,1,0
1324.82,2895.7546182566057,0.4575047570297255,0,0,0,631,23,0.218,14,1,0
17210.97,14227.170630731438,1.20972530994459,0,0,0,133,3,0.099,10,1,0
3165.31,3450.2002113832687,0.9174266399144555,0,0,0,286,10,0.235,20,1,0
11329.19,14036.668049016354,0.8071140559584379,0,1,0,657,38,0.358,15,1,0
75041.32,7705.169945799498,9.739086480781742,1,1,1,21,1,0.988,14,3,1
3804.04,4340.209797715066,0.8764641145695232,0,0,0,758,21,0.199,13,1,0
2472.27,2426.666858177443,1.0187916836830704,0,0,0,601,15,0.657,12,0,0
10375.09,12663.079104255976,0.819317723400477,0,0,0,762,29,0.033,16,0,0
25806.13,10052.716405732182,2.5670800346453997,0,1,0,60,2,0.181,11,1,0
1919.54,3099.1748916847337,0.6193718672307431,0,0,0,549,16,0.184,11,0,0
3104.47,5765.156736196401,0.5384875932257139,1,1,1,6,0,0.556,5,5,1
154153.27,18475.926021404954,8.343466264265494,1,1,1,25,1,0.887,14,2,1
5436.87,6978.128721053824,0.779130102345637,0,0,0,591,32,0.158,13,0,0
8453.89,8182.953798997056,1.0331100535835998,0,0,0,351,16,0.085,10,0,0
10764.28,24734.08086737578,0.43520040970894597,0,0,0,472,42,0.262,9,1,0
10375.23,13722.6169171488,0.7560681022198499,0,0,0,474,29,0.368,8,1,0
54424.8,32613.094880115925,1.6688021576387446,1,1,1,14,1,0.277,15,0,0
1807.94,2538.4542843182658,0.7122204720225954,0,0,0,755,75,0.272,17,2,0
15922.46,17441.73248001495,0.9128944559974375,0,0,0,601,18,0.11,11,1,0
6995.06,4877.367074903399,1.434187364832645,0,0,0,393,32,0.291,9,0,0
14555.24,23679.481650795176,0.6146771734254916,0,0,0,726,33,0.426,10,0,0
135140.65,33270.695468473656,4.061852412390151,0,0,0,368,13,0.126,13,1,0
11930.41,25564.878608435713,0.4666719183271368,0,0,0,616,61,0.335,12,0,0
219420.12,87052.06182344654,2.520561969291385,0,0,0,260,14,0.305,10,1,0
1845.47,4772.629387594887,0.3866770772050093,0,0,0,288,10,0.402,18,0,0
6559.68,14482.117279919008,0.4529504241904962,0,0,0,48,1,0.663,8,0,0
34733.76,38900.73936417744,0.8928816658951642,0,0,0,780,65,0.275,10,0,0
10412.46,4698.2212025582185,2.2162549256179047,0,1,0,331,13,0.028,12,0,0
2676.68,6560.023998687595,0.4080288860906921,0,0,0,770,32,0.292,21,1,0
9453.78,14871.718999253986,0.6356886092595623,0,0,0,749,24,0.097,8,1,0
5940.86,7426.98767347668,0.7999010869671075,0,0,0,231,12,0.355,14,3,0
7421.93,8411.953974241245,0.8823077285427174,0,0,0,608,32,0.19,15,2,0
6684.95,11939.526952470307,0.5599004312037795,0,0,0,345,14,0.545,13,1,0
16831.8,17639.40260037851,0.9542161589218281,0,0,0,81,3,0.424,18,1,0
5231.34,8112.513717584534,0.6448481093884689,0,0,0,773,59,0.117,4,1,0
4463.06,7996.537442605421,0.558124251197691,0,0,0,779,45,0.599,7,0,0
4045.29,7653.043987826359,0.528586037001089,0,0,0,413,12,0.055,8,1,0
5983.35,12403.885483792303,0.48237671482650163,0,0,0,552,19,0.228,13,1,0
22446.11,35628.88796260316,0.6299974043753646,0,0,0,146,4,0.287,8,2,0
871.85,2268.8853310563422,0.3842634632430744,0,0,0,536,15,0.225,14,1,0
15893.24,9494.972889398054,1.6738584234892984,0,0,0,309,14,0.292,15,1,0
9623.83,14161.003563622033,0.6796009306956353,0,0,0,34,2,0.527,7,0,0
60841.37,16224.481112421992,3.7499734627932533,0,1,1,97,3,0.71,15,2,1
20043.61,19530.896582337806,1.0262516270063802,0,1,0,679,61,0.232,16,0,0
4032.07,5514.486631133712,0.7311781021983838,0,0,0,48,4,0.047,13,2,0
3199.37,3169.122556078134,1.0095457627228355,0,0,0,388,35,0.283,17,1,0
19477.51,42074.94699125698,0.4629242847387133,0,0,0,480,22,0.308,8,1,0
42061.47,41108.69416067864,1.023176875387499,0,0,0,785,39,0.585,13,1,0
5797.04,4707.0107063278065,1.2315764004813063,0,0,0,350,13,0.182,8,0,0
5044.16,10017.12614273923,0.5035534180550776,0,0,0,195,5,0.263,5,1,0
5954.85,13362.339845868826,0.4456444262908337,0,0,0,215,11,0.338,15,1,0
5458.61,2450.223090281923,2.2277999815363225,0,0,0,519,37,0.08,8,0,0
52058.91,24044.89141969804,2.165071740078888,1,1,1,557,18,0.112,11,0,0
35807.0,16683.051974364982,2.1463099868806697,0,0,0,19,1,0.526,14,1,0
9678.0,4386.010723333682,2.206560112879861,0,0,0,163,13,0.455,4,1,0
1708.07,2366.600617993929,0.7217407572941672,0,0,0,25,1,0.215,17,0,0
3630.69,7261.657316255422,0.49998131085377784,0,0,0,20,1,0.195,7,0,0
33502.16,37651.19168636504,0.8898034533928997,0,0,0,192,10,0.333,11,1,0
10895.97,3792.0043720312633,2.8734065290116995,0,0,0,659,21,0.092,12,0,0
81348.45,44804.25442874043,1.8156413021623232,0,0,0,56,4,0.361,11,2,0
4265.04,5691.378202793338,0.7493853947874636,0,0,0,384,10,0.498,15,1,0
2909.65,4451.418380871237,0.6536447288552932,0,0,0,70,2,0.382,10,0,0
10998.68,8225.957164917643,1.3370696189685634,0,0,0,234,9,0.324,7,2,0
13336.65,28374.25106188096,0.4700264614615493,0,0,0,112,3,0.061,13,0,0
1735.84,2214.025102580287,0.7840220067280408,0,0,0,310,9,0.115,6,1,0
10095.44,16763.804591946704,0.6022162578091355,0,0,0,488,15,0.448,11,1,0
35435.3,18806.49404710119,1.884205689026641,0,0,0,138,6,0.428,10,0,0
2872.59,3040.289008974933,0.944841102021748,0,0,0,586,16,0.02,21,0,0
6108.13,4122.84995043595,1.4815321790992724,0,0,0,403,40,0.12,10,0,0
15179.6,15825.901616286692,0.9591617125883669,0,0,0,734,22,0.082,19,1,0
16091.33,20577.567660469376,0.7819839972331399,0,0,0,501,25,0.104,16,1,0
1374.29,4357.585826078849,0.3153776754950985,0,0,0,436,18,0.048,12,2,0
28509.35,15610.867421866218,1.826250442227536,0,0,0,614,40,0.147,12,1,0
2431.37,3223.2124724695504,0.7543326984005925,0,0,0,232,6,0.098,6,2,0
10527.77,6428.63111820845,1.6376377174294625,0,0,0,78,2,0.065,20,2,0
7633.38,15654.706387688277,0.4876092114732888,0,0,0,256,10,0.06,10,2,0
11772.05,13353.697051146351,0.8815574349479577,1,1,1,562,20,0.087,10,0,0
19629.81,40083.555865956405,0.4897221622241261,0,0,0,799,29,0.194,14,0,0
8720.98,11088.415711801128,0.7864948990536303,0,0,0,64,3,0.448,10,1,0
24313.95,13089.066946513345,1.8575769260769721,0,0,0,94,7,0.078,14,1,0
2506.14,4800.855572420887,0.5220192316242221,0,0,0,592,53,0.053,12,1,0
15442.62,13558.962179586184,1.1389234052853632,0,0,0,175,5,0.428,15,2,0
31125.87,21662.48881281091,1.4368557776769868,0,1,0,250,15,0.186,11,2,0
14087.93,18655.309189782074,0.7551701228891892,1,1,1,581,58,0.241,18,2,0
5899.2,8915.623587743652,0.66166961442604,0,0,0,269,8,0.242,13,0,0
11839.55,25275.126780219143,0.46842710843379404,0,0,0,419,52,0.259,8,1,0
18987.22,20898.784508751236,0.9085322164782204,0,0,0,333,33,0.182,18,2,0
4181.4,2664.5702367227145,1.5692595355393741,0,0,0,739,24,0.376,10,1,0
21730.46,16715.96425391752,1.2999824294068107,0,0,0,65,5,0.211,2,1,0
21276.58,43150.54237192697,0.493077939348514,0,0,0,771,55,0.465,7,0,0
3989.5,6229.930370364057,0.640375968832576,0,0,0,274,10,0.258,11,1,0
2797.86,2568.845799613096,1.0891503526886852,0,0,0,752,39,0.544,12,1,0
4533.14,3842.1552185643905,1.1798440887094301,0,0,0,744,82,0.029,11,0,0
7956.28,4904.407319547161,1.6222710369094773,0,0,0,553,46,0.1,13,1,0
18321.56,6833.6916444034505,2.6810626945017533,0,0,0,102,5,0.1,13,0,0
524.53,2767.435388949337,0.18953668436765042,1,1,1,14,0,0.486,8,8,1
41103.89,44094.282368163214,0.9321819664493786,0,0,0,387,12,0.295,13,1,0
2139.58,4489.885817292758,0.4765327008114476,1,1,1,14,0,0.477,10,8,1
14358.53,15990.407061034723,0.8979464536640996,0,0,0,513,14,0.256,17,1,0
11125.07,8121.676598672046,1.369799737663133,0,0,0,461,20,0.039,11,1,0
16057.49,11429.347924620673,1.4049345209038944,0,0,0,381,34,0.368,13,2,0
32654.15,30882.959763213967,1.0573516024080982,0,0,0,521,27,0.201,14,1,0
18882.43,8837.64820076722,2.1365899035296714,0,0,0,701,22,0.066,10,0,0
22386.26,14768.324486469932,1.5158290990262224,0,0,0,124,15,0.033,8,3,0
1933.85,2150.0913392156767,0.8994286234530255,0,0,0,490,30,0.096,9,1,0
3798.1,3318.2525184712,1.1446090737525345,0,0,0,69,2,0.581,6,0,0
12310.14,8459.421351674737,1.4551987565613318,0,0,0,686,68,0.353,8,1,0
4975.12,8498.754243609721,0.585394359678267,0,0,0,48,6,0.343,12,2,0
9721.76,5563.3236704096735,1.7474731947567956,0,0,0,134,4,0.392,9,2,0
10023.72,12157.274709460693,0.8245038454594049,0,0,0,678,61,0.18,6,1,0
1264.74,2318.0098368911413,0.5456150946269529,0,0,0,599,26,0.217,15,0,0
3744.68,3786.7775160033148,0.9888827635144973,0,0,0,790,25,0.626,9,1,0
1842.04,2564.2285069608306,0.7183613620977658,0,0,0,463,51,0.409,18,1,0
10526.24,15774.279391591725,0.6673042031558083,0,0,0,549,24,0.319,16,3,0
78101.89,31510.77793881948,2.4785768752899875,0,0,0,596,54,0.451,7,1,0
12857.78,21987.254197639486,0.5847833364107025,0,0,0,459,51,0.099,13,2,0
19406.81,21049.78196475588,0.9219483682646067,0,0,0,789,20,0.175,14,2,0
3173.17,2047.7733106502621,1.5495710128664988,0,0,0,497,41,0.163,11,2,0
14932.45,10939.215046983472,1.3650382885967622,1,1,1,302,13,0.291,11,0,0
5318.73,4108.485577084838,1.29457200598129,0,0,0,764,21,0.326,14,0,0
107546.55,74972.82390567305,1.434473839999626,0,0,0,574,17,0.455,9,1,0
24608.91,22871.57044975513,1.0759607849572328,0,0,0,261,16,0.22,13,0,0
8871.21,5200.6603795986575,1.7057853858413285,0,0,0,49,1,0.343,9,1,0
6295.55,4234.1083830749785,1.4868649636004823,0,0,0,47,1,0.174,3,1,0
41907.51,20977.321853107413,1.997753054090179,0,0,0,66,1,0.233,21,0,0
38198.14,26188.867556477264,1.4585639514747217,0,0,0,687,49,0.38,1,0,0
58851.12,62294.41106870221,0.9447255566458514,0,1,1,473,24,0.04,15,1,0
16989.29,18714.126344301203,0.9078323845036812,0,0,0,586,20,0.238,9,2,0
10607.81,10414.933993386741,1.0185192404739172,1,1,1,119,7,0.017,12,1,0
4009.42,5227.312891518011,0.7670131129387849,0,0,0,404,10,0.288,11,1,0
23303.4,29102.92155868567,0.8007236782301231,0,0,0,432,11,0.527,14,0,0
46356.02,22915.770609623636,2.0228872698572573,0,0,0,793,56,0.325,17,0,0
61817.21,10267.813347982974,6.02048451104682,0,1,1,91,3,0.833,4,1,1
8010.99,7356.816138850629,1.0889203887646282,0,0,0,475,23,0.217,12,0,0
2359.63,3020.7877782488686,0.7811318403414462,0,0,0,450,40,0.167,8,3,0
24025.55,30130.309565355103,0.7973880969610949,0,0,0,672,30,0.441,16,1,0
16430.38,15890.747148996683,1.0339592447516899,0,0,0,101,2,0.149,7,1,0
9002.1,4471.154913299081,2.013373161173694,0,1,0,398,24,0.053,18,0,0
34490.63,44430.308909785475,0.7762861779552819,0,0,1,341,24,0.195,14,1,0
3504.81,7646.820123908128,0.4583354138067434,0,0,0,587,16,0.089,18,0,0
5501.99,5536.824696794643,0.9937083851134805,0,0,0,667,29,0.251,18,0,0
13948.07,11997.56437252261,1.1625755482007982,1,1,1,144,8,0.514,18,2,0
32218.74,26506.65926588393,1.2154958909231,0,0,0,510,13,0.544,14,2,0
7165.91,16744.433386663848,0.42795769471783907,1,1,1,14,0,0.445,17,8,1
16193.05,8319.287942577903,1.946446036757225,0,0,0,456,45,0.334,12,1,0
8279.4,5959.599711324155,1.3892545097013966,0,0,0,39,1,0.348,17,2,0
15259.46,11635.214717274042,1.311489595092848,0,0,0,589,19,0.171,9,0,0
15894.91,9797.780492678727,1.6222968028272562,0,0,0,506,16,0.287,10,2,0
2012.0,2194.76517691548,0.9167279722325361,0,0,0,699,22,0.452,8,1,0
12919.14,10092.165201914977,1.2801153013208315,0,0,0,514,13,0.543,13,1,0
1522.77,3874.4887048661562,0.393025032594248,0,0,0,689,28,0.653,8,1,0
11963.44,20973.576990548016,0.5704054933078515,0,0,0,248,20,0.171,16,1,0
23216.32,25322.571541444206,0.9168230365442501,0,0,0,204,10,0.193,11,1,0
4474.1,11598.906218055481,0.3857348883506892,0,0,0,606,17,0.236,19,0,0
10120.67,8393.423124584682,1.2057863006676144,0,0,0,403,22,0.257,10,0,0
195941.77,34802.630008728636,5.630085242968718,0,1,1,149,5,0.819,22,3,1
18290.81,8185.231304304595,2.234610782598007,0,0,0,745,24,0.455,16,1,0
11211.1,9492.847665326532,1.1810047113825746,0,0,0,10,1,0.565,9,0,0
5264.39,2878.3235243726126,1.828978572513107,0,0,0,159,4,0.224,15,1,0
2874.91,3828.191835552042,0.7509831066617493,0,0,0,406,31,0.299,12,1,0
8821.5,11129.068873512073,0.7926543406453385,0,0,0,797,37,0.326,13,1,0
53962.78,38907.035740582185,1.386967050087253,0,0,0,52,1,0.588,9,1,0
5134.02,4654.184055977398,1.1030981234614456,0,0,0,754,83,0.084,15,0,0
1886.89,2101.8952770924707,0.8977108452337245,0,0,0,368,13,0.713,8,0,0
72449.95,28516.183099154227,2.5406609403207816,0,0,0,83,6,0.108,16,1,0
5813.81,6257.0664218038555,0.9291587537773157,0,0,0,387,13,0.327,17,0,0
11416.87,19092.876235434782,0.5979647190732945,0,0,0,428,11,0.195,7,1,0
10501.96,9202.220104058048,1.1412419766168158,0,0,0,160,4,0.56,9,0,0
1253.34,9466.308518798736,0.13239980461372014,1,1,1,7,0,0.563,14,4,1
16429.05,14555.941579690914,1.1286835121936893,0,0,0,496,23,0.656,8,1,0
11212.37,19611.16721148628,0.5717339729790262,0,0,0,363,14,0.246,12,1,0
65910.25,44494.963445622045,1.481296832777686,0,0,0,144,5,0.41,13,1,0
7492.18,6243.423301017309,1.2000121719153154,0,0,0,783,34,0.446,10,0,0
19256.0,17285.01831530867,1.1140284025474065,0,0,0,723,26,0.066,18,1,0
102692.94,24927.007924853635,4.119746127040376,0,1,1,285,11,0.928,22,2,1
28487.35,26792.21803217709,1.0632694513948395,0,0,0,276,9,0.337,8,1,0
10582.43,20110.576523022202,0.5262123042862482,0,0,0,485,60,0.167,9,0,0
13062.95,31196.009086615177,0.4187379163289057,0,0,0,369,10,0.321,14,0,0
5545.72,7650.71574272695,0.7248626687958285,0,0,0,126,5,0.195,11,0,0
46191.58,23168.497789298865,1.9937235140622098,0,0,0,604,27,0.346,13,1,0
35172.39,14083.122991669758,2.4974852840928388,0,0,0,721,24,0.008,15,0,0
13174.12,8936.716768463559,1.4741562114483437,0,0,0,726,22,0.209,10,0,0
12511.96,18275.020622495143,0.6846483837077219,0,0,0,510,17,0.453,4,0,0
1721.81,2574.482507982751,0.6687991565063421,0,0,0,356,18,0.221,10,0,0
14985.74,11240.96630219204,1.3331359961381843,0,0,0,342,11,0.068,18,0,0
14789.37,17917.590119278848,0.8254108295086148,0,0,0,383,11,0.315,12,2,0
5249.07,8571.459287220925,0.6123889438221245,0,0,0,522,29,0.234,11,2,0
19033.98,11298.625731865577,1.6846277104933973,0,0,1,475,13,0.363,8,1,0
45621.65,66165.45659163539,0.6895085999029396,0,0,0,654,46,0.172,8,0,0
12677.43,10314.318658560374,1.229110186027136,0,0,0,615,29,0.017,5,2,0
40507.15,45845.65757837706,0.8835548890915126,0,0,0,151,13,0.176,9,1,0
50405.2,59934.207067479845,0.8410089230899529,0,0,0,604,50,0.317,8,0,0
9332.77,9117.00770776769,1.0236658523535027,0,0,0,397,49,0.108,11,0,0
14485.6,29337.787696499323,0.4937521860124112,0,0,0,639,16,0.16,4,1,0
35762.56,18089.68084887584,1.976959141353617,0,0,0,140,14,0.216,14,2,0
19909.33,16360.93490654628,1.2168818913942583,0,0,0,511,28,0.246,12,0,0
12329.22,15079.06107862097,0.8176383561343179,0,0,0,572,24,0.377,19,0,0
43104.16,30545.97886022792,1.41112385450632,0,0,0,312,12,0.16,9,1,0
6963.29,4049.601307992176,1.7195006906341113,0,0,0,402,22,0.127,14,0,0
14207.59,16492.963063452135,0.8614331600813306,0,0,0,474,23,0.189,14,0,0
3364.55,2856.597068893795,1.1778172534962008,0,0,0,733,40,0.471,8,2,0
4822.51,8390.413309293352,0.5747647051802685,0,0,0,115,4,0.278,10,0,0
15657.44,14922.778216225219,1.0492306633345443,0,0,0,47,2,0.077,15,1,0
22875.99,15710.437067414518,1.456101599912598,0,0,0,433,17,0.267,7,1,0
16378.49,12401.992770567413,1.3206338702119618,0,0,0,79,6,0.092,16,0,0
3069.92,5927.528097640861,0.5179096696577655,0,0,0,735,30,0.493,8,1,0
19172.99,7736.03208385865,2.478400913380337,0,0,0,417,16,0.43,14,2,0
43691.94,14841.066387403502,2.9439890316933583,0,1,0,232,7,0.453,13,1,1
3664.95,6648.826052975361,0.5512178135813811,0,0,0,415,31,0.374,4,1,0
20414.05,21037.91522823057,0.9703457206937555,0,0,0,494,54,0.272,8,0,0
46889.97,62528.73063338955,0.7498948289627655,0,0,0,664,83,0.547,17,1,0
2678.19,2698.064858624987,0.9926318349073587,1,1,1,652,32,0.03,8,0,0
97691.53,18206.75837224556,5.365674178364419,0,1,1,102,4,0.974,0,3,1
4754.2,7447.969781169,0.638321743269413,0,0,0,126,7,0.58,18,0,0
64664.05,22116.536161461332,2.9237876075860143,0,1,0,276,9,0.838,16,1,1
29688.13,29366.272262812032,1.0109602558519062,0,0,0,780,70,0.267,7,1,0
12988.65,9888.85918389793,1.3134629397043842,0,0,0,658,18,0.37,12,0,0
18177.93,15717.4127431387,1.1565472703062847,0,0,0,524,18,0.249,8,2,0
5695.78,5713.746378165912,0.9968563732306807,0,0,0,585,30,0.089,11,2,0
69634.93,61196.922074580434,1.137882845418689,0,0,0,435,18,0.26,8,0,0
34515.04,59241.87284807367,0.5826122356364237,0,0,0,637,25,0.342,7,0,0
18052.86,10040.243567640839,1.7980500155574166,0,0,1,173,6,0.224,9,2,0
42949.28,9107.176568440485,4.715982423346582,0,1,1,413,16,0.958,20,1,1
12551.21,11318.270477156006,1.1089334996723565,0,0,0,423,22,0.091,20,2,0
21853.2,14813.228267660243,1.4752489837144305,0,0,0,238,11,0.43,11,0,0
2004.01,2099.600227669821,0.9544733053852199,0,0,0,162,5,0.212,7,2,0
9996.8,8684.26741472082,1.151139119738862,0,0,0,588,19,0.436,12,0,0
16175.14,20945.040756483464,0.772265815596267,0,0,0,506,36,0.341,15,0,0
7202.35,6222.427045913939,1.1574824931308019,0,0,0,226,11,0.297,9,1,0
30181.5,44983.55080473846,0.6709452309406757,0,0,0,233,9,0.28,6,1,0
14773.7,15085.170623608288,0.979352733496794,0,0,1,28,1,0.013,9,1,0
2491.24,2709.340480214776,0.9195005807036489,0,0,0,412,24,0.066,10,1,0
5637.35,6871.991063516156,0.8203366002953763,0,0,0,188,6,0.067,10,0,0
6281.33,9475.468709657973,0.662904068713263,0,0,0,138,4,0.207,11,1,0
11183.82,5953.3009266391855,1.8785908745839728,0,0,0,624,28,0.27,18,0,0
17822.24,19007.980037527872,0.9376190735914132,0,0,0,97,5,0.278,13,2,0
36394.32,45243.05807873984,0.8044176852675654,0,0,0,495,27,0.294,7,0,0
21101.69,22770.41197630988,0.926715539339618,1,1,1,87,9,0.52,1,1,0
10939.88,13207.848235063137,0.8282860746040006,0,0,0,388,11,0.073,12,0,0
27315.51,29355.747828369178,0.9304997058932774,0,0,0,438,27,0.11,9,0,0
2435.05,2847.70873316612,0.8550909269783408,0,0,0,152,15,0.271,11,0,0
14085.52,7815.887412858816,1.8021657883354323,0,0,0,84,7,0.413,10,0,0
10924.91,12393.148184896841,0.881527996826099,0,0,0,697,21,0.118,9,1,0
14108.36,22708.198235749744,0.6212892924834451,0,0,0,722,30,0.344,12,0,0
17998.36,31432.64111123289,0.5726008282899828,1,1,1,123,4,0.221,19,4,0
7617.18,6958.709526798136,1.094625257793043,0,0,0,540,54,0.273,21,0,0
3915.77,7040.009315580104,0.5562162534538261,0,0,0,138,4,0.169,18,1,0
1012.33,2610.9874556771993,0.38771818202734926,0,0,0,661,16,0.293,20,3,0
9623.22,4565.931395293076,2.1076142305483554,0,0,0,662,16,0.1,14,2,0
2717.51,2334.817679921572,1.1639082910725616,0,0,0,115,12,0.107,14,1,0
20540.84,18569.368374517744,1.106168176261747,0,0,0,600,24,0.391,9,0,0
49564.32,28577.63712662591,1.7343744591862893,0,0,0,541,45,0.181,7,0,0
47912.5,28929.99512989541,1.6561530634084358,0,0,0,425,16,0.126,13,1,0
49120.77,13850.38823590778,3.546526666983248,0,1,1,278,11,0.754,11,3,1
10977.64,16078.636203356156,0.6827471561068388,0,0,0,525,30,0.181,12,0,0
40267.2,41168.79362035049,0.9781001575688492,0,0,0,624,18,0.4,11,1,0
24339.86,7998.590393252736,3.0430185505825826,0,0,0,612,19,0.289,8,0,0
5438.8,8407.801058235105,0.6468754119031579,0,0,0,408,12,0.459,9,1,0
4202.93,4251.323285873121,0.9886164713439574,0,0,0,573,71,0.253,11,0,0
10932.85,23234.942011021638,0.4705348894974111,0,0,0,481,13,0.072,5,0,0
3882.38,3033.114828156908,1.2799983978206722,0,0,0,400,11,0.212,10,0,0
3029.03,3283.0190041476753,0.9226361924597948,0,0,0,60,2,0.619,11,0,0
83554.6,34176.44876189249,2.4448006524601484,0,1,0,667,23,0.325,12,2,0
6460.2,7394.431708322041,0.8736576663869535,0,0,0,452,13,0.283,18,0,0
65669.74,50459.929774950906,1.3014234783257004,0,0,0,487,48,0.137,9,0,0
27354.37,23119.607991285597,1.18316761020367,0,0,0,168,21,0.098,15,0,0
20082.76,2664.1755077450684,7.538076036343911,1,1,1,19,1,0.816,22,4,1
42380.13,64409.27771861682,0.6579818108095498,0,0,0,599,49,0.111,19,0,0
13795.26,9262.254532132556,1.489405848991301,0,0,0,219,6,0.346,12,3,0
2842.7,2020.272245358784,1.407088677389379,0,0,0,297,9,0.279,18,1,0
29490.24,14728.872606324918,2.0022060173471465,0,0,0,359,16,0.415,12,0,0
1858.17,3578.2886679916087,0.5192907639539214,0,0,0,133,3,0.034,5,0,0
22427.51,36853.51037421638,0.6085582483986726,0,0,0,128,6,0.435,7,0,0
50160.63,33743.12677375431,1.4865436790850282,0,1,0,747,46,0.066,15,1,0
16296.98,9397.676478051759,1.7341499228621153,0,0,0,11,1,0.132,9,1,0
6277.04,6294.330564190652,0.9972526090487781,0,0,0,39,1,0.301,10,1,0
8902.09,6925.395350552015,1.2854272432729086,0,1,0,227,5,0.033,10,0,0
30748.35,31245.741522915312,0.9840812510233373,0,0,0,90,10,0.516,9,0,0
14055.55,20873.926806116677,0.673354457405939,1,1,1,633,45,0.169,12,0,0
1565.93,3919.7428972152175,0.3994971561004867,0,0,0,88,4,0.25,8,0,0
18260.63,16509.955996960605,1.1060374882305875,0,0,0,571,35,0.005,3,1,0
106207.68,52030.10422847073,2.041273602201907,0,0,0,360,10,0.112,13,2,0
76308.21,32506.282426661382,2.3474912579274285,0,0,0,166,5,0.522,11,0,0
10944.9,7675.558732805139,1.4259423869029835,0,0,0,106,3,0.291,10,0,0
23908.59,26384.982936405697,0.9061440192926637,0,0,0,486,13,0.148,0,0,0
17353.04,5792.430919507093,2.995812327911279,0,0,0,436,11,0.424,8,2,0
19082.67,16546.28315180806,1.153290205818175,0,0,0,86,2,0.278,8,4,0
8332.17,11101.874493939853,0.750519352688629,0,0,0,781,22,0.146,21,1,0
5963.59,3493.189310249415,1.7072051289031416,0,0,0,65,4,0.128,11,0,0
9120.26,13317.491000882334,0.6848331065698295,0,0,0,56,3,0.14,9,3,0
16202.12,14642.619702483602,1.106504154163141,0,0,0,203,9,0.055,14,0,0
2153.15,2077.439180414843,1.0364457087595706,0,0,0,336,16,0.219,10,2,0
6145.71,6401.562928060609,0.9600326551455344,0,0,0,135,5,0.299,19,2,0
75713.88,53675.759450499645,1.4105786311991604,0,0,0,230,7,0.364,11,2,0
3964.75,4104.806678910338,0.9658790962562304,0,0,0,676,26,0.027,12,2,0
50324.43,29921.575926758265,1.6818776048532547,0,0,0,727,34,0.435,13,1,0
3018.9,4461.35360749057,0.6766774602975546,0,0,0,31,2,0.082,12,1,0
10086.17,6191.126429834261,1.6291330209560162,0,0,0,471,22,0.301,10,3,0
9810.99,7671.826533405269,1.2788339153065948,0,0,0,45,1,0.117,9,1,0
1629.79,2168.1473617821052,0.7516979052435647,0,0,0,580,72,0.148,1,1,0
38796.29,32648.02496228962,1.188319745879225,0,0,0,256,10,0.306,11,1,0
17340.27,9001.859947249804,1.926298866667802,0,0,0,341,13,0.247,8,0,0
20393.97,28771.737952902877,0.7088196572021794,0,0,0,335,9,0.21,13,1,0
39153.49,34942.64441528391,1.1205074183377433,0,0,0,459,12,0.173,10,1,0
4741.37,10755.463495753267,0.44083331566997697,1,1,1,21,0,0.353,19,4,1
45928.16,44287.43827767999,1.0370470998086552,1,1,1,222,6,0.102,11,0,0
12311.14,12243.82342783593,1.0054979718153807,0,0,0,256,21,0.362,11,2,0
4825.04,14645.873211638851,0.329446940732834,1,1,1,19,0,0.356,17,5,1
8955.55,9659.650779101345,0.9271094269463744,0,0,0,130,8,0.051,7,1,0
11025.61,7230.749651171782,1.5248218915632823,0,0,0,443,20,0.344,15,1,0
7925.5,6471.220812730553,1.2247304356741269,0,0,0,543,15,0.17,8,1,0
2954.53,7270.724051579775,0.40635962678407156,0,0,0,774,20,0.42,11,1,0
9106.91,10119.38523626636,0.8999469852004314,0,0,1,770,40,0.269,7,0,0
10847.67,13070.262716192028,0.8299502330871451,0,1,0,698,19,0.18,8,0,0
47797.79,37798.21603326365,1.264551424000357,0,0,0,229,9,0.265,12,0,0
19313.15,15772.442781979993,1.224486811609078,0,0,0,292,18,0.251,18,0,0
6580.65,6342.948126880229,1.0374742244500388,0,0,0,186,5,0.666,10,2,0
13855.94,8644.838842096795,1.602798625834367,0,0,0,231,6,0.089,11,3,0
40976.02,48913.85831225339,0.8377179457177519,0,0,0,516,23,0.082,15,1,0
2837.35,6744.5328188097055,0.42068932126350717,0,0,1,558,14,0.021,11,1,0
5853.89,6227.994692705699,0.9399310817791728,0,0,0,395,10,0.405,9,0,0
24736.99,25992.36945341716,0.9517019117582829,0,0,0,260,14,0.079,12,0,0
11595.73,17441.233199927905,0.664845586970616,0,0,0,712,41,0.129,10,0,0
57708.65,25153.04867058227,2.294300558010848,0,1,0,236,7,0.832,15,1,1
16155.95,19386.995656338528,0.8333393311455543,0,0,0,275,21,0.123,10,3,0
9779.81,9007.764945909057,1.085708987157835,1,1,1,718,29,0.082,9,2,0
3343.76,4433.137973495435,0.7542640068472938,0,0,0,434,18,0.166,8,1,0
28163.92,12770.322911942234,2.205419954671855,0,0,0,71,2,0.21,12,0,0
19968.93,11238.143819435054,1.7768890433885094,0,0,0,591,15,0.043,7,0,0
3655.46,4916.905220596536,0.7434467714948898,0,0,0,783,26,0.128,15,0,0
52496.4,28132.09198963052,1.8660679757800822,0,0,0,145,5,0.215,11,1,0
7083.08,10687.02428232141,0.6627738391116639,0,0,0,652,72,0.15,9,2,0
4720.28,29000.845546637338,0.16276337804341284,1,1,1,16,0,0.494,13,4,1
4935.36,3548.9756206616294,1.390643751432021,0,0,0,737,35,0.396,12,1,0
27420.35,22752.903817915045,1.2051364266935407,0,0,0,314,8,0.289,20,1,0
10505.51,20983.113892183846,0.5006647873801162,1,1,1,24,0,0.338,7,7,1
288172.23,45900.435061677366,6.278202528180894,0,1,1,140,5,0.935,21,1,1
28004.12,32318.918056915572,0.8664930238729687,0,0,0,430,33,0.023,13,1,0
8366.22,6735.958666700606,1.2420229330167973,0,0,0,471,26,0.202,17,0,0
12425.84,17513.604109807682,0.7094964698990647,0,0,0,221,22,0.649,18,0,0
52421.2,10495.441451582048,4.994664055399445,0,1,1,396,15,0.854,16,1,1
23625.48,27690.965203432876,0.8531836395934809,0,0,0,291,10,0.182,16,2,0
123400.42,15001.556895276639,8.225840642539419,1,1,1,44,0,0.911,23,4,1
18402.4,23228.52619535776,0.792232718106859,0,0,0,496,33,0.236,12,0,0
9718.94,14286.049765812963,0.680309750226402,1,1,1,10,0,0.46,15,7,1
5806.14,2690.946555143154,2.1576568295950445,0,0,0,193,4,0.175,16,1,0
27695.05,24730.104831458848,1.1198919392001137,0,0,0,404,40,0.334,17,1,0
2398.7,2439.9865565066407,0.983081106809643,0,0,0,204,13,0.034,14,1,0
4956.45,2580.3771405222915,1.9208237018311216,0,0,0,714,39,0.054,12,0,0
4115.46,8929.828830439183,0.4608663530035984,1,1,1,543,22,0.364,10,0,0
34377.32,41239.28989831072,0.8336059563305931,0,0,0,61,1,0.353,10,0,0
186675.84,31624.039566469408,5.902972608298562,1,1,1,39,0,1.0,0,3,1
26711.36,22591.401327789325,1.182368440339203,0,0,0,189,4,0.458,19,4,0
14347.66,25899.47811338709,0.5539750392488568,1,1,1,474,14,0.197,7,2,0
21082.58,28568.546218803276,0.7379646675501731,0,0,0,732,91,0.373,0,2,0
7294.03,9517.407951055196,0.7663877957311918,0,0,0,79,7,0.287,16,3,0
9398.98,20427.056821659997,0.46012413346370606,1,1,1,12,0,0.31,20,8,1
22605.34,18575.597761136567,1.216937286993185,0,0,0,541,28,0.347,7,3,0
72305.9,55678.44958763731,1.298633526292625,0,0,0,150,12,0.021,8,0,0
13727.41,6204.5675300619,2.2124690750378124,0,0,0,395,39,0.721,18,1,0
3484.25,4400.940220812296,0.7917063970227501,0,0,0,157,5,0.217,4,0,0
23884.03,18878.106538313918,1.2651708915302158,0,0,0,274,7,0.59,7,0,0
4096.12,6782.920745333738,0.6038868528852117,0,0,0,698,69,0.47,19,0,0
3304.26,3419.061161782235,0.9664220729307499,0,0,0,575,26,0.199,15,0,0
25729.5,16965.287706785726,1.5165968590189698,0,0,0,786,24,0.446,12,1,0
13788.82,4347.560114928721,3.1716227506416783,0,0,0,781,31,0.32,16,1,0
6250.96,5534.230529172697,1.1295087651469173,0,0,0,246,7,0.263,9,0,0
135912.84,77179.41844066346,1.7609984554225484,0,0,0,679,32,0.206,7,1,0
70477.09,48889.62733757394,1.4415549978540616,1,1,1,153,6,0.136,10,1,0
24918.83,27107.701678640613,0.9192528541639445,0,0,0,277,7,0.324,14,2,0
8790.61,10510.99141701702,0.8363252207373282,0,0,0,528,21,0.189,17,2,0
3983.08,7064.142154564285,0.5638445264176363,0,0,0,95,3,0.409,17,3,0
9700.81,7272.057628080715,1.333984768073599,0,0,0,591,15,0.061,12,0,0
65282.56,40418.085062017475,1.6151819159111278,0,0,0,485,37,0.287,5,2,0
24920.36,7940.6683040088365,3.1383200642520173,0,0,0,550,16,0.3,14,0,0
12108.97,12353.501599307758,0.9802058686739777,0,0,0,30,1,0.342,7,0,0
7290.32,6938.727238931565,1.0506714036948934,0,0,0,491,19,0.435,16,1,0
10976.59,13196.985167179399,0.8317498718861279,0,0,0,25,1,0.415,8,2,0
10458.04,8455.40270366097,1.2368475681356532,0,0,0,199,5,0.137,12,1,0
19664.66,7761.049189988331,2.5337628057662083,0,0,0,593,65,0.243,13,0,0
35055.48,19530.030849173243,1.7949526251395331,0,0,0,787,24,0.086,15,0,0
24874.82,16558.862091736555,1.5022060470304544,0,0,0,384,10,0.261,7,1,0
1679.08,2586.167956024564,0.6492526410530874,0,1,0,374,15,0.15,6,1,0
4690.66,6907.807935080159,0.6790372652310178,1,1,1,23,0,0.374,19,6,1
17888.96,21235.067455587974,0.8424254845946887,0,0,0,451,12,0.32,2,1,0
60106.21,44155.11566285013,1.3612512258043408,0,0,0,297,22,0.119,10,0,0
7627.86,4328.933658356009,1.7620637372154944,0,0,1,55,2,0.321,9,1,0
6542.23,17540.628320064057,0.3729759024000878,0,0,0,671,47,0.117,9,1,0
7636.31,5924.938070136017,1.2888427295610831,0,0,0,12,1,0.279,11,0,0
13825.3,11486.490090620773,1.203613913207598,0,0,0,214,5,0.132,12,2,0
3026.29,2684.7825340599175,1.1272013006729544,0,0,0,110,11,0.171,17,1,0
23619.3,33502.41465225046,0.7050029700250772,0,0,0,378,14,0.088,8,1,0
1627.87,3551.9352740148297,0.45830432454230713,0,0,0,276,14,0.261,11,0,0
33221.44,36218.796898441935,0.9172430287565458,0,0,0,767,54,0.125,15,0,0
3398.44,6747.355413085555,0.5036704625237411,0,0,0,773,77,0.062,19,1,0
27839.29,17214.009684303375,1.6172463076096886,0,0,0,547,15,0.568,13,0,0
3415.38,3910.2103793147526,0.8734518006554426,0,1,0,326,10,0.176,14,2,0
19982.49,23079.25836761335,0.865820483902079,0,0,0,736,38,0.351,16,1,0
34350.18,29504.267099940826,1.1642445870372822,0,1,0,221,7,0.779,18,1,1
12082.52,12508.885146830396,0.9659148626943533,0,0,0,512,17,0.193,10,0,0
3172.79,2302.142945990124,1.3781887186514392,0,0,0,13,1,0.402,7,1,0
14641.4,9530.847079304385,1.5362118296704674,0,0,0,517,17,0.117,10,0,0
10073.78,11763.874065359341,0.8563316136956605,0,0,0,566,35,0.189,8,0,0
15714.69,17532.563911399706,0.8963144672418227,0,0,0,379,14,0.337,12,0,0
56077.28,45043.33545031377,1.2449627562413328,0,0,0,109,4,0.301,9,1,0
4066.88,2202.07796098194,1.8468396497027646,0,0,0,701,18,0.708,16,0,0
13680.07,12226.015864669465,1.1189312946266654,0,0,0,616,44,0.458,19,0,0
1551.98,2290.993129217751,0.6774264720915686,0,0,0,359,14,0.332,10,1,0
17654.5,7875.8536789597165,2.241598535905125,0,0,0,371,10,0.144,12,0,0
7583.71,7797.368601005209,0.9725985007918588,0,0,0,489,15,0.14,18,1,0
16286.78,11697.487253723786,1.3923311780359524,0,0,0,682,35,0.187,5,1,0
8107.86,19299.344359249026,0.4201104643299527,0,0,0,15,1,0.087,9,2,0
1996.44,6081.791731950054,0.3282644958747234,0,0,0,325,11,0.179,12,0,0
18320.99,13999.612685951184,1.308678398544682,0,0,0,764,21,0.124,14,0,0
6097.93,5621.451990183294,1.084760889748117,0,0,0,99,2,0.145,17,0,0
6866.1,3761.1373100702003,1.825539503815354,0,0,0,697,26,0.156,13,0,0
4663.46,3119.500123027725,1.4949368369960956,0,0,0,732,43,0.137,14,1,0
6106.28,7198.590523363992,0.8482610957601997,0,0,0,658,23,0.139,16,0,0
4724.49,2903.7983456713737,1.6270019759038514,0,0,0,474,14,0.168,7,1,0
17628.17,25769.013823848385,0.6840839654904429,0,0,0,27,1,0.248,9,0,0
39591.25,20492.318173835287,1.9320046384302496,0,0,0,363,45,0.371,8,2,0
22059.88,11298.545177428065,1.9524533813209588,0,0,0,293,17,0.111,13,1,0
25415.6,40456.862472875284,0.6282148139143746,0,0,0,84,4,0.187,10,2,0
3404.09,4174.553530410045,0.8154386511817366,0,0,0,746,62,0.407,8,1,0
21895.0,9215.871849316594,2.3757926229016384,0,0,0,473,15,0.526,6,1,0
15208.43,11419.4921864717,1.3317953931774345,0,0,0,424,42,0.276,2,2,0
6487.86,11293.267673325754,0.5744892658506426,0,0,0,225,20,0.168,9,1,0
27747.61,15484.04415102538,1.7920131295051855,0,0,0,126,3,0.154,16,0,0
24693.36,9850.79154524214,2.5067385839197356,0,0,0,707,58,0.16,12,0,0
36758.76,6624.646665792473,5.548788524469048,1,1,1,28,1,0.972,2,4,1
26314.45,25062.51172669215,1.049952518742199,0,0,0,49,3,0.096,11,1,0
23370.09,15563.667461601866,1.5015799008724746,0,0,0,392,26,0.026,8,0,0
11760.36,10275.866635869073,1.1444636318775743,0,0,0,791,49,0.274,12,1,0
1018.71,3661.523325538627,0.27822106571330024,1,1,1,25,0,0.4,19,7,1
5036.62,2102.886981558744,2.3950995089321716,0,0,0,527,13,0.09,15,2,0
12100.97,12898.978940174151,0.9381339258276912,0,0,0,502,13,0.177,12,0,0
8956.77,8244.85244577796,1.086346570319698,0,1,0,209,5,0.157,8,2,0
4268.78,4300.567121854558,0.9926074736292263,0,0,0,133,7,0.127,4,0,0
30374.59,22461.71265146324,1.3522828544962469,0,1,0,160,4,0.443,12,1,0
36043.31,20438.64164330703,1.7634887583374597,0,0,0,725,48,0.716,14,4,0
6713.38,9625.930659989253,0.6974264080503367,0,0,0,173,5,0.032,9,2,0
12837.99,14437.008165192003,0.889241883477333,0,0,0,257,11,0.036,15,0,0
7154.69,10276.859912605683,0.6961941098910925,0,0,0,219,16,0.15,12,0,0
12678.97,10182.39928338474,1.2451845059245203,0,0,0,419,11,0.195,10,1,0
1214.69,2735.2925506181555,0.44408019801368115,0,0,0,596,29,0.025,7,3,0
17420.35,10502.01757410607,1.6587620410309503,0,0,0,714,51,0.577,15,2,0
3058.79,3540.876640316223,0.8638518378261195,0,0,0,476,59,0.062,19,1,0
8734.52,7522.513798603098,1.1611167257695738,0,0,0,443,19,0.263,14,0,0
15982.75,17747.154548846505,0.9005807206719131,0,0,0,688,57,0.46,9,1,0
3081.51,4380.434413121061,0.7034721169169182,0,1,0,588,17,0.238,18,1,0
75035.68,38858.485733364476,1.9309986279075326,0,0,0,588,34,0.068,19,1,0
10050.24,7352.589523609793,1.366897457150002,0,0,0,128,4,0.446,9,2,0
4130.98,6232.314597011121,0.6628324870474173,0,0,0,337,16,0.167,17,1,0
85568.88,30440.821175683974,2.810991055652188,0,0,0,525,52,0.336,15,2,0
14498.24,26874.662444931095,0.5394762211731087,0,0,0,269,12,0.302,8,0,0
6621.16,8573.980682584679,0.7722388177999159,0,0,0,415,14,0.275,8,2,0
2522.37,3267.663738693664,0.7719183119759614,0,0,0,165,5,0.092,15,3,0
1476.4,2414.1860103611775,0.611552959064799,0,0,0,199,6,0.208,8,2,0
9519.02,14132.399900678887,0.6735597082918366,0,0,0,526,40,0.451,11,0,0
12840.24,17826.88769718328,0.7202739754670948,0,1,0,624,62,0.563,10,0,0
2905.98,2268.3044190291307,1.2811227353682217,0,0,0,256,6,0.173,10,0,0
174402.39,19609.998979133517,8.893544177659532,1,1,1,12,0,0.887,4,4,1
19695.68,15202.218008801376,1.2955792799412857,0,0,0,396,12,0.489,11,1,0
21953.79,20876.22800015956,1.0516165847304961,0,0,0,732,27,0.313,12,0,0
9532.23,11681.226491619404,0.8160298302048224,0,0,0,14,1,0.065,9,1,0
90149.04,49475.10027625267,1.8221092384355178,0,0,0,261,10,0.124,13,0,0
24555.13,15809.312447086291,1.5532065025249224,0,0,0,158,10,0.133,10,1,0
8450.58,4861.763729692981,1.7381723134754483,0,0,0,515,51,0.151,8,1,0
1119.29,10276.937805227528,0.10891257147466411,1,1,1,9,0,0.38,2,8,1
15575.71,9233.774704686526,1.6868197773865556,0,0,0,396,12,0.209,5,0,0
17526.13,7121.86482666375,2.4608911222992016,0,0,0,537,18,0.121,9,1,0
10816.17,12118.185986958451,0.8925566514558513,0,0,0,159,4,0.109,8,2,0
1678.65,2426.6458978688424,0.6917557150321394,0,0,0,401,12,0.737,12,1,0
1920.06,2190.666430021738,0.8764745515747011,0,0,0,195,19,0.188,16,2,0
4599.37,7010.749423293864,0.6560453209985787,0,0,0,209,9,0.25,12,0,0
13463.14,13358.013789827903,1.0078700966047711,0,0,0,378,42,0.352,14,1,0
19631.52,16767.56905173055,1.1708029019309751,1,1,1,515,13,0.673,6,1,0
3141.23,4699.231587570857,0.6684552590790221,0,0,0,633,16,0.488,7,1,0
6217.8,10175.950967991164,0.6110288687376338,0,0,0,326,9,0.221,15,1,0
16039.64,16319.638538171681,0.9828427959939472,0,0,0,105,3,0.235,16,1,0
47087.41,21682.873440146264,2.1716407785094805,0,0,0,392,17,0.307,9,0,0
55010.79,30894.111875563533,1.7806237814872303,0,0,0,439,13,0.421,7,0,0
11435.73,6158.938591616998,1.856770137705793,0,0,0,36,4,0.153,20,0,0
16126.77,10712.523110299226,1.5054129656203217,0,0,0,757,63,0.037,3,1,0
3386.66,8941.399340541702,0.37876172036224204,0,0,0,149,4,0.479,9,1,0
9710.83,13911.52817628303,0.6980419707669746,1,1,1,28,0,0.418,10,8,1
20225.56,15227.812493995683,1.3281987138689646,0,0,0,735,19,0.234,11,1,0
43649.54,38795.84808022988,1.1251084688274635,0,0,0,172,21,0.287,10,1,0
1072.5,2587.9977986373574,0.41441487950701494,1,1,1,90,8,0.582,16,0,0
34013.25,32200.513163813677,1.0562953534857975,0,0,0,140,3,0.375,17,2,0
22608.92,32175.80613195521,0.7026682841083354,0,0,0,769,40,0.203,13,3,0
21093.65,17125.37499564742,1.231719230164296,0,0,0,52,1,0.121,14,1,0
16798.95,15830.047756674803,1.0612064550534168,0,0,0,147,10,0.217,11,1,0
1678.39,2477.6160250032485,0.6774196814989142,0,0,0,708,18,0.456,4,1,0
76875.31,31094.935995384894,2.47227756198972,0,0,0,762,69,0.235,12,0,0
108164.02,15895.46501144888,6.804709477652083,0,1,1,353,14,0.835,5,1,1
3811.58,3467.0504245943557,1.0993724357510053,0,0,0,262,11,0.053,7,4,0
3472.78,4724.581040649048,0.7350448566927147,1,1,1,16,0,0.307,23,7,1
6627.84,5058.139782822645,1.3103319554635862,0,0,0,430,33,0.177,14,1,0
9992.27,19752.521604268168,0.5058731282138624,0,0,0,711,47,0.147,10,2,0
4846.87,7276.741727091747,0.6660770899307559,0,0,0,591,15,0.255,18,0,0
13875.5,16493.076725430445,0.8412921394905889,0,0,0,742,22,0.442,12,0,0
13893.62,9454.476462991772,1.4695284713117267,0,0,0,298,12,0.266,9,0,0
10565.3,9541.015262496181,1.1073555072543793,0,0,0,552,30,0.064,13,2,0
15641.87,17877.1441065409,0.8749645815687038,0,0,0,691,32,0.511,17,2,0
123182.08,54471.155644761886,2.261418597560194,0,0,0,375,17,0.58,13,0,0
17422.85,18795.90053655965,0.9269492878425483,0,0,0,352,13,0.437,9,2,0
104345.55,10834.861355904472,9.630538176258671,1,1,1,56,0,0.849,15,2,1
11738.72,22287.50840684187,0.5266951297702896,1,1,1,12,0,0.463,5,6,1
32124.63,10016.458843482698,3.20718478465013,0,0,0,313,11,0.043,15,0,0
8042.4,13203.443922568564,0.609113617431115,0,0,0,147,9,0.164,11,0,0
127113.29,14825.174075166811,8.57415128061465,0,1,1,254,10,0.794,3,3,1
21834.35,19259.283908457728,1.133705285230479,0,0,0,56,4,0.247,2,0,0
37549.74,22053.57365283366,1.7026601766600231,0,0,0,772,20,0.039,17,1,0
4664.01,4148.521885279592,1.1242570779815604,0,0,0,465,58,0.53,6,0,0
29802.05,21213.23851669351,1.4048796721435832,1,1,1,205,5,0.044,11,0,0
3825.8,7475.999331587242,0.5117445233006639,0,0,0,787,20,0.594,14,2,0
35686.34,19807.871541295266,1.801624085736748,0,0,0,733,20,0.322,7,0,0
21738.64,20237.81754633096,1.074159465935685,0,0,0,83,2,0.059,11,5,0
8175.88,9372.186203555884,0.8723557621208142,0,0,0,120,12,0.122,9,0,0
12828.85,15761.53148902017,0.8139340577922283,0,0,0,367,11,0.331,10,1,0
2484.32,2284.563843365979,1.0874369868768947,0,0,0,136,5,0.345,13,1,0
6742.72,6414.814372571545,1.0511167658949312,0,0,0,13,1,0.232,10,1,0
11487.43,10631.787296212891,1.080479607285014,0,0,0,771,29,0.537,14,1,0
25910.68,33128.77576132833,0.7821201712842643,0,0,0,149,12,0.179,7,1,0
31938.03,36247.54454299035,0.8811086732561896,0,0,0,570,63,0.058,9,0,0
5028.05,4562.384778055641,1.102066315044516,0,0,0,658,82,0.217,8,1,0
23820.96,13663.477951790483,1.7434035595688282,0,0,0,302,33,0.21,13,0,0
23272.32,8525.05110434475,2.729874727183801,0,1,0,72,2,0.679,8,1,1
4784.27,6119.448246716347,0.7818147219591493,0,0,0,774,25,0.184,10,3,0
16246.65,17582.210159119364,0.9240390760470646,0,0,0,666,25,0.643,14,2,0
16510.46,8576.12966405227,1.9251644031373505,1,1,1,114,3,0.252,11,1,0
8099.27,5466.90495576797,1.481508668598005,0,0,0,789,41,0.057,16,1,0
8469.33,6542.13983314415,1.2945816734581688,0,0,0,285,12,0.252,7,1,0
2866.38,3013.146830686934,0.9512898837734789,0,0,0,24,2,0.277,14,1,0
36506.51,32964.11841020199,1.1074619281623235,0,0,0,184,7,0.173,11,0,0
4660.61,6925.5014457363295,0.6729630345207853,0,0,0,435,29,0.407,9,2,0
5004.43,5129.68805258785,0.9755826140480538,0,0,0,20,1,0.282,7,1,0
8681.06,12728.346461496476,0.6820259666758214,0,0,0,374,22,0.113,11,1,0
2542.71,2257.599166773555,1.1262884728680094,0,0,0,561,33,0.423,14,0,0
73368.31,45485.71276040129,1.6129968004827264,0,0,0,564,14,0.23,3,0,0
14682.01,22069.378409591078,0.6652662614104269,1,1,1,540,41,0.643,10,0,0
4755.29,7067.489792014476,0.6728401337707549,0,0,0,578,52,0.147,12,3,0
18696.21,22502.00546571819,0.8308686998080685,0,0,0,492,41,0.412,15,2,0
25952.67,15961.133701772482,1.6259916141053252,0,0,0,665,73,0.292,9,0,0
3798.4,3363.200106429863,1.1293990645824215,0,0,0,261,9,0.528,13,0,0
37765.71,8826.784850780732,4.278535441749294,0,1,1,90,3,0.706,6,1,1
14795.61,7690.715607606137,1.9238271548777532,0,0,0,659,19,0.317,6,2,0
15133.89,15122.267160400674,1.0007687586543867,0,0,0,378,13,0.293,18,1,0
123187.62,75389.50505173701,1.6340155173458133,0,0,0,394,11,0.111,8,0,0
14071.47,13604.136397380096,1.0343519566887567,0,0,0,177,5,0.343,15,0,0
6661.72,3153.986827613294,2.112156935590449,0,1,0,39,1,0.805,12,1,1
100995.53,92192.65226454799,1.0954834688035062,0,0,0,686,32,0.203,15,0,0
6083.81,6650.81247541874,0.9147466134118213,1,1,1,214,5,0.335,18,1,0
37639.79,26002.927180399307,1.4475212431888878,0,0,0,87,2,0.237,6,1,0
32855.72,29683.53514948172,1.1068668680499163,0,0,0,160,20,0.188,7,2,0
2672.46,2543.2386941911113,1.0508107554168378,0,0,0,698,22,0.558,7,0,0
37316.47,36132.2271628808,1.0327751610450826,0,0,0,377,15,0.24,15,3,0
16476.77,18467.26378069857,0.8922152225890908,0,1,0,139,5,0.168,10,1,0
5959.36,4343.544881753676,1.3720031748801482,0,0,0,600,17,0.347,9,0,0
22244.11,17212.52585869867,1.292321270751747,0,0,0,257,16,0.362,10,0,0
7344.22,10626.176575461297,0.6911442097135596,0,0,1,228,8,0.336,6,0,0
28464.06,18042.411862088054,1.577619382358867,0,0,0,159,15,0.115,2,0,0
2597.43,4342.281956637824,0.598170801310383,0,0,0,28,1,0.22,10,0,0
19049.92,14852.342060708375,1.2826207185253042,0,0,0,672,61,0.281,13,2,0
207962.34,42976.333063245045,4.8389968706941655,0,1,1,318,12,0.931,8,2,1
28813.21,21881.735373387786,1.3167699444075502,0,0,1,333,18,0.068,10,0,0
22420.96,11443.445683790256,1.9592841293619159,0,1,0,136,13,0.092,10,1,0
15053.08,9924.063995839866,1.5168262318769272,0,0,0,751,28,0.486,15,0,0
38301.39,30252.109397647087,1.2660732653192432,0,0,0,646,43,0.455,9,2,0
24992.28,34701.440193811075,0.7202085848216158,0,0,0,156,9,0.096,17,2,0
9094.56,16128.605095555078,0.5638777017959434,0,0,0,251,8,0.282,9,2,0
42727.7,48648.3668875831,0.8782967228814028,0,0,0,687,57,0.401,14,1,0
5666.07,6577.739107084091,0.8614010074119602,0,0,0,92,11,0.168,17,0,0
173630.51,38096.58825676019,4.557639265124326,0,1,1,300,12,0.812,1,2,1
36972.37,23145.392902051175,1.597396440856444,1,1,1,543,23,0.102,12,0,0
2707.0,3504.6189918902755,0.7724083163629856,0,0,0,362,11,0.485,7,1,0
5346.38,6362.876351668426,0.8402450289228262,0,0,0,684,48,0.347,11,0,0
11563.45,12611.27863556213,0.9169137244600676,0,0,0,790,22,0.24,9,0,0
2820.12,6758.0896749152635,0.4172956693410607,0,0,0,181,6,0.34,13,0,0
14714.82,12565.7238411581,1.1710280513161353,0,0,0,365,20,0.084,21,1,0
2676.88,2141.133612092493,1.2502182242775735,0,0,0,514,14,0.304,11,1,0
20391.98,15245.343786906473,1.3375873709556794,0,0,0,621,44,0.324,14,1,0
38608.22,36162.82329067939,1.0676217497195892,0,0,0,502,55,0.179,13,1,0
7123.17,5391.940117918663,1.3210768958455972,1,1,1,164,4,0.394,1,0,0
7795.97,6858.411904590963,1.1367021353581517,0,0,0,508,13,0.228,11,2,0
7585.53,10291.581680757778,0.7370613400349337,0,0,0,70,2,0.481,12,1,0
15288.76,14263.367587608303,1.0718898440993598,0,0,0,474,14,0.338,12,1,0
67535.1,32496.96597787228,2.0781971624069806,0,0,0,110,8,0.601,11,1,0
17887.02,16845.509335693234,1.061827137566625,0,0,0,286,13,0.15,4,0,0
14423.19,24428.05025831025,0.5904356825828702,0,0,0,616,29,0.147,13,1,0
12080.03,14273.58030196004,0.8463209611528487,1,1,1,745,32,0.167,8,0,0
6382.45,4142.966928997252,1.5405513398349324,0,0,0,103,3,0.106,16,0,0
7096.87,11189.665252522678,0.6342342269710378,0,0,0,15,1,0.38,14,1,0
6397.66,4456.171049693073,1.4356844889082139,0,1,0,213,7,0.46,19,1,1
72668.54,64893.650594857936,1.1198096856780828,0,0,0,516,15,0.271,20,1,0
8316.66,6710.609217853423,1.2393299582261659,0,0,0,176,22,0.078,20,0,0
93033.38,55308.307494812296,1.6820869339255187,0,1,0,69,2,0.805,8,1,1
29804.91,16944.93099276426,1.7589275193501441,0,0,0,443,15,0.201,14,1,0
18060.72,10189.473539201485,1.7724875976176648,0,0,0,48,4,0.255,8,1,0
51036.07,30337.436637394036,1.6822803490739595,0,0,0,546,60,0.102,10,0,0
12559.32,23761.385222268298,0.5285600617229328,0,0,0,170,13,0.388,16,2,0
27688.42,21866.64346621553,1.266240144719889,0,1,0,38,1,0.571,12,1,1
119063.15,28202.1682593656,4.221772886238572,0,1,1,219,8,0.707,12,1,1
22139.24,32027.624901363684,0.6912545760067531,0,0,0,106,2,0.397,3,0,0
2639.9,6516.274069340101,0.40512476165719485,0,0,0,553,61,0.628,12,0,0
35638.3,6664.809969013972,5.347234290265028,0,1,1,365,14,0.878,0,2,1
4153.86,9061.384913546892,0.45841343332737317,1,1,1,14,0,0.421,5,4,1
2818.38,4437.893385963371,0.6350713965574393,0,0,0,40,1,0.374,9,1,0
10763.8,18993.259234784415,0.5667170139029297,0,0,0,743,24,0.313,9,3,0
92410.98,79146.82795375463,1.167589168053724,0,0,0,170,7,0.362,13,1,0
11175.02,12283.461715408923,0.9097612400856097,0,0,0,680,56,0.217,3,3,0
20093.05,16242.03667747008,1.237101625418148,1,1,1,114,3,0.049,13,1,0
7820.79,11984.071464093064,0.6525989656711537,0,0,0,360,30,0.257,14,3,0
2649.36,3450.67903188197,0.7677783056276357,0,0,0,237,9,0.256,9,1,0
19445.27,26468.62256491039,0.734653537303072,0,0,0,603,33,0.212,10,2,0
44739.58,54579.22038742656,0.8197181556309872,0,0,0,745,93,0.11,10,0,0
7145.73,5728.60314215124,1.247377627240281,0,0,0,130,7,0.159,15,0,0
7511.17,10638.02778317734,0.7060675561757154,0,0,0,786,41,0.334,9,0,0
3766.1,3177.7175695076735,1.1851588909450204,0,0,1,301,8,0.101,11,1,0
29443.79,28240.448108051434,1.042610491165797,0,0,0,101,2,0.335,10,0,0
21615.33,12901.4577437646,1.6754177452731238,0,0,0,536,29,0.286,13,1,0
2232.17,2761.762166088101,0.8082426456933596,0,0,0,292,7,0.072,18,0,0
12115.85,15186.811830416567,0.7977877149966174,0,0,0,618,32,0.257,6,0,0
365512.21,38207.39961022997,9.566529290339377,1,1,1,15,1,0.818,2,2,1
15976.25,10461.136207468871,1.5272002786064556,0,0,0,494,26,0.446,9,1,0
6357.69,4682.5865490355845,1.3577298810184735,0,0,0,371,12,0.363,10,0,0
10080.34,8016.841224908585,1.2573958562466956,0,0,0,51,3,0.305,11,0,0
6250.47,9726.115561319642,0.6426484057366841,0,0,0,339,30,0.295,18,1,0
11553.09,8554.158991514681,1.350581123144274,0,0,0,291,9,0.12,12,1,0
13088.04,15563.338104406126,0.8409529689703488,0,0,0,18,1,0.464,7,0,0
4784.84,15242.554206052599,0.3139133466183922,0,0,0,295,13,0.175,12,0,0
20642.36,14114.870934286582,1.4624549913132254,0,0,0,750,20,0.413,17,0,0
836.17,2796.0264764391304,0.299057430318233,1,1,1,4,0,0.567,7,6,1
39698.14,31864.9071719716,1.2458262723091449,0,0,0,559,43,0.055,11,1,0
22513.08,29352.22463237866,0.7669973467118777,0,0,0,126,6,0.051,14,1,0
14589.06,8385.29233743404,1.739839444325828,0,0,0,742,19,0.076,12,0,0
2241.45,3850.700319832522,0.5820897135475203,1,1,1,16,0,0.565,11,5,1
2975.68,3266.677847469944,0.9109179743706464,0,0,0,307,9,0.235,18,2,0
4818.87,5015.087368719112,0.9608752076859295,1,1,1,25,1,0.173,9,1,0
2320.44,3429.140459324095,0.6766819684439744,0,1,0,695,26,0.611,13,3,0
24554.88,23779.63498548657,1.032601124414091,0,0,0,159,5,0.319,9,1,0
146688.88,21441.71683180608,6.84128441492097,0,1,1,195,7,0.807,6,3,1
21289.09,16806.873064832507,1.2666892311118267,1,1,1,634,48,0.135,6,2,0
13643.6,10314.196140544349,1.3227983746067582,0,0,0,116,6,0.086,8,0,0
19033.25,15998.037042214562,1.1897237953221529,0,0,0,49,2,0.156,11,0,0
55597.08,5444.997121434795,10.210672212376178,1,1,1,59,1,0.83,15,4,1
9073.13,11483.7737396845,0.790082801727447,1,1,1,206,10,0.373,14,0,0
8630.42,18647.32759515601,0.46282368451266387,1,1,1,460,14,0.329,15,2,0
63999.0,43711.79290542971,1.4641129989565669,0,0,0,604,16,0.064,8,1,0
33873.9,34923.63001285436,0.9699419858794249,0,0,0,660,17,0.445,12,1,0
9760.22,12919.471940147394,0.7554658602011787,0,0,0,569,40,0.391,8,0,0
35794.68,28389.809955032448,1.2608285293172292,0,0,0,566,15,0.368,14,1,0
16967.11,13520.100668037849,1.254954345207531,0,0,0,340,20,0.059,9,1,0
3952.43,4608.120976184999,0.857709897675343,0,0,0,155,15,0.384,3,0,0
2697.49,10789.828295382133,0.2500034971605165,0,0,0,358,44,0.122,11,1,0
9801.62,24530.010725403426,0.39957683356770235,1,1,1,18,0,0.478,1,4,1
29211.5,21850.39608410845,1.3368867364331698,0,0,0,160,6,0.252,21,4,0
48997.48,77498.46186514472,0.6322381225827829,0,0,0,46,4,0.137,8,0,0
6937.49,10224.669841387167,0.6785045705265599,0,0,0,239,6,0.289,11,0,0
17506.08,12050.591085346332,1.4527152183993959,0,0,0,713,19,0.248,15,1,0
1525.33,2044.6580825927442,0.7460076666649268,0,0,0,435,33,0.45,15,0,0
72760.03,51903.24871785258,1.4018397047575337,0,0,0,392,32,0.073,10,1,0
855.68,2528.197618439632,0.3384553653092844,0,0,0,517,13,0.27,17,0,0
5488.77,6431.80107481072,0.8533796402701938,0,0,0,451,25,0.348,15,0,0
65483.53,33792.603801392324,1.9378066249099846,0,1,0,130,4,0.78,15,1,1
2797.79,3964.2304191208545,0.7057582356286374,0,0,0,195,21,0.254,18,3,0
24299.84,15241.135349209222,1.5943586947967543,0,0,0,191,6,0.124,5,1,0
14083.4,22587.043728798162,0.6235165587594699,0,0,0,331,25,0.432,12,1,0
34575.78,6285.197351176699,5.501144616623722,1,1,1,29,0,0.84,22,2,1
24615.52,21653.094604398444,1.136813168756001,0,0,0,434,39,0.475,12,0,0
28945.97,12097.093360319786,2.3928034711379933,0,1,0,189,6,0.534,12,1,1
1519.83,2820.6803375614563,0.5388176626269584,1,1,1,550,30,0.243,9,1,0
21773.64,7579.095156660299,2.872854326940708,0,0,0,71,1,0.279,11,1,0
9743.68,8395.883829919672,1.1605303241242941,0,0,0,540,27,0.248,11,0,0
13477.6,29785.011568601432,0.452496177601124,0,0,0,748,35,0.624,10,0,0
40014.5,46423.6781052687,0.8619416489918472,0,0,0,13,1,0.308,16,0,0
23107.95,20719.00719615134,1.1153020051757965,0,0,0,363,17,0.793,15,0,0
21751.08,14953.82515086545,1.4545495468110663,0,0,0,378,12,0.347,12,0,0
7987.02,10422.16978622286,0.7663486314917705,0,0,0,694,31,0.422,10,0,0
13822.74,14548.37348253995,0.9501228186759713,0,0,0,571,33,0.134,13,1,0
24365.16,11567.704633935537,2.1063085844197653,0,0,0,217,7,0.099,9,2,0
54590.69,24847.08898380998,2.1970659206973178,0,0,0,724,60,0.083,6,1,0
35402.33,34145.21518208945,1.0368166056598822,0,0,0,77,4,0.141,13,0,0
21594.67,11602.154320406702,1.861263669352677,0,0,0,694,77,0.1,13,0,0
54551.15,48112.04201701758,1.1338356763013109,0,0,0,167,5,0.066,14,3,0
10928.6,9167.773510693289,1.1920669278065514,0,0,0,118,13,0.223,6,4,0
7828.45,9053.611864664923,0.8646775332751009,0,0,0,453,18,0.025,4,0,0
42922.72,49642.31530831778,0.8646396882770777,0,0,0,494,19,0.607,14,1,0
66316.74,52728.484147429546,1.2577022941676166,0,0,0,335,10,0.026,12,0,0
12547.15,14216.526780771816,0.8825749150644283,0,0,0,675,28,0.014,14,1,0
9501.84,5848.899786906435,1.6245515764742047,0,0,0,702,22,0.096,8,1,0
5315.87,10897.041886776038,0.487826674982322,0,0,0,313,28,0.293,10,1,0
2030.94,2838.432021755706,0.7155155363928777,1,1,1,22,0,0.517,5,4,1
22574.33,14917.32937599121,1.513295948835899,0,0,0,704,28,0.487,12,1,0
60241.55,22050.69120247829,2.731957570061746,0,0,0,293,15,0.209,8,1,0
111226.6,14655.288863141159,7.589519314003943,0,1,1,216,8,0.9,22,1,1
13246.39,21464.92222171386,0.6171182266817978,0,0,0,445,13,0.233,9,1,0
100065.45,69295.11199656654,1.4440476821366532,0,0,0,670,19,0.127,20,0,0
20942.66,19567.558327963397,1.0702748057674842,0,0,0,40,1,0.193,8,1,0
6835.8,9652.557711209367,0.7081853786595588,0,0,0,258,10,0.24,12,1,0
4207.08,5678.428868221388,0.7408875351397336,0,0,0,697,87,0.119,8,1,0
8003.7,9499.66481189251,0.842524067879781,0,0,0,85,5,0.086,6,2,0
5763.65,3629.004824173886,1.5882189415020753,0,0,0,23,1,0.471,1,1,0
49363.93,43642.55132021534,1.1310962613439586,0,0,0,183,9,0.373,14,1,0
38973.36,27060.490834893943,1.4402311981986058,0,0,0,148,5,0.301,14,0,0
38432.68,53489.10191541906,0.7185142903163482,0,0,0,21,1,0.211,7,1,0
24339.95,18163.32459784171,1.3400605392661906,0,0,0,214,9,0.393,9,0,0
25012.4,35031.849642370464,0.7139903077486935,0,0,0,750,93,0.5,13,0,0
13697.29,11589.19759906708,1.1819013058803114,0,0,0,672,48,0.836,11,0,0
101256.57,63460.502540983274,1.5955840844233222,0,0,0,695,19,0.104,19,0,0
12917.7,15527.334653190528,0.8319329984634526,0,0,0,243,6,0.135,2,0,0
11580.1,6548.469426078145,1.7683668132394617,0,0,0,304,11,0.402,7,0,0
6663.36,8674.641415809185,0.7681422164916477,0,0,0,399,23,0.387,15,1,0
3286.71,4242.022961966881,0.7747971114431977,0,0,0,525,15,0.188,17,0,0
6198.87,4614.102432506081,1.3434611859409626,0,0,0,106,8,0.253,12,2,0
12499.29,8784.662369469079,1.4228541185572525,1,1,1,245,13,0.213,15,0,0
13364.02,21448.64498331488,0.6230707716830225,0,0,0,784,20,0.407,13,0,0
7507.3,10533.769926529023,0.7126887954350256,0,0,0,41,1,0.349,17,3,0
3075.16,4025.860086133229,0.7638518515466064,0,0,0,404,12,0.139,20,2,0
13365.0,17719.058230382114,0.7542725739573627,0,0,0,195,24,0.319,17,1,0
4872.53,3556.1305021045528,1.3701771549661594,0,1,0,51,1,0.584,9,1,1
52170.09,26547.8416591937,1.9651347481267976,0,0,0,785,52,0.068,9,0,0
33339.46,35204.217321146716,0.9470303766375449,0,0,0,74,2,0.352,14,0,0
146961.15,17875.973259073467,8.221155099153172,0,1,1,82,3,0.886,11,3,1
6817.96,13614.72617670844,0.5007784285638289,0,0,0,28,1,0.263,18,0,0
70883.04,53488.11397039115,1.3252110728539817,0,0,0,791,37,0.394,12,0,0
179178.65,26758.91050967306,6.696036700483962,0,1,1,333,13,0.859,15,3,1
3788.44,4507.737643688868,0.840431437271781,0,0,0,213,10,0.177,18,1,0
8924.96,11873.005818905554,0.7517018156148803,0,0,0,753,22,0.262,18,1,0
5142.53,4631.341256624082,1.1103753383734372,1,1,1,372,14,0.074,13,0,0
9594.98,10174.022133361737,0.9430859850494309,0,0,0,513,25,0.502,8,1,0
5678.87,10022.880377352332,0.5665907242008609,0,0,0,281,17,0.268,15,0,0
5329.51,3856.003484394067,1.3821337009497168,0,0,0,798,22,0.266,15,0,0
13360.86,9607.730616111803,1.3906367601424572,0,0,0,225,5,0.348,8,1,0
5771.16,7648.992429348509,0.7544999881320756,0,0,1,416,11,0.434,9,0,0
33150.07,17878.165330639367,1.8542211576161103,0,0,0,497,55,0.126,15,2,0
9802.73,12207.203022782891,0.8030283615176003,0,0,0,274,9,0.359,21,0,0
12259.99,7834.471731090832,1.5648770595973418,0,0,0,108,6,0.446,11,0,0
4085.99,7646.6746115381475,0.5343484980267865,0,0,0,604,43,0.2,20,2,0
30555.49,28121.377704897535,1.0865573367767505,0,0,0,379,10,0.131,2,1,0
3080.97,3183.7615892022145,0.9677127389826872,0,0,0,79,3,0.73,9,2,0
20221.21,25103.382313237817,0.8055173563506284,0,0,0,376,18,0.106,16,3,0
3711.01,3027.8057055369454,1.2256434325427559,0,0,0,143,4,0.205,12,1,0
3304.99,7668.035234247028,0.43100829841763816,0,0,0,386,11,0.42,6,2,0
10695.19,14972.779771449079,0.7143090652307899,1,1,1,12,0,0.353,1,7,1
5209.74,5346.776796609627,0.9743702123376544,0,0,0,501,26,0.477,16,1,0
7732.68,4804.447536681071,1.6094840576124065,0,0,0,40,1,0.162,9,1,0
7486.17,7912.232290854314,0.9461509871861877,0,0,0,493,12,0.73,10,2,0
49891.22,19038.312711319402,2.6205692651406025,0,0,0,574,30,0.456,21,0,0
27125.93,22705.48114494244,1.1946863989329322,0,0,0,339,14,0.23,16,1,0
36373.6,36222.236892475325,1.0041786908634314,0,0,0,52,1,0.47,8,0,0
61701.53,58505.85515725984,1.0546213753245557,1,1,1,356,16,0.099,6,0,0
11190.04,8610.045680004761,1.2996498718659215,0,0,0,276,8,0.029,15,0,0
1369.5,2266.318636073746,0.6042855733811108,0,0,0,659,23,0.613,15,2,0
15515.6,23351.420376380804,0.6644393612187091,0,0,0,423,16,0.031,20,1,0
44189.82,16503.153399717623,2.677658878617014,0,1,0,100,3,0.405,18,1,1
10275.14,12968.505766307437,0.7923148880671237,0,0,0,341,12,0.236,16,0,0
8377.04,6390.442863232786,1.3108697814586199,0,0,0,294,13,0.16,8,1,0
6276.99,5866.051792493047,1.070053097217888,0,0,0,476,16,0.37,0,2,0
1333.13,2277.526143673984,0.5853410787081241,0,0,0,28,1,0.116,15,2,0
18165.92,14513.376866180774,1.2516676675782201,0,0,0,153,4,0.058,8,2,0
10006.01,7591.713848710607,1.318016669208146,0,0,0,564,15,0.326,10,0,0
4192.45,5233.419587943452,0.8010915673116372,0,0,0,476,17,0.216,12,0,0
23417.22,17883.092480682364,1.3094611793142892,0,0,0,792,99,0.272,9,2,0
29506.45,16399.80220418288,1.799195452271859,0,0,0,693,27,0.172,10,0,0
23235.86,3447.2532212320657,6.740397764584596,0,1,1,228,9,0.84,21,1,1
4281.54,3781.34175993995,1.1322812395138326,0,0,0,375,10,0.203,18,1,0
37967.72,26160.251232142433,1.4513513777471696,0,0,0,115,12,0.119,17,2,0
6081.35,7610.646632319683,0.7990585608543118,1,1,1,29,0,0.429,4,6,1
25380.64,24330.000855601036,1.0431828327802901,0,0,0,579,48,0.151,10,2,0
21189.39,30476.758167262946,0.6952640097185385,0,0,0,43,1,0.101,11,0,0
3437.67,3464.228529866384,0.9923334088352016,0,0,0,276,30,0.199,14,2,0
72277.71,38172.47771344188,1.8934507639023497,0,0,0,714,21,0.39,11,1,0
4209.96,4937.153758344106,0.8527096833201141,0,0,0,347,15,0.167,6,1,0
4108.64,7119.285629429768,0.5771146096059145,0,0,0,783,27,0.595,15,3,0
9079.76,11520.167322656014,0.7881619765596495,1,1,1,604,37,0.089,9,0,0
10070.35,16126.70009272825,0.6244517110349325,0,0,0,627,16,0.369,11,1,0
13125.5,8188.515125251379,1.6029160377625467,0,0,0,699,23,0.208,12,3,0
30501.92,13247.438998967586,2.3024770631010596,1,1,1,296,21,0.181,14,0,0
7352.94,11039.979049509788,0.6660288139979226,0,0,0,83,7,0.469,10,1,0
19966.63,19626.07615282807,1.017352061893396,0,0,0,195,8,0.146,7,0,0
29821.52,17854.59009561452,1.6702438490704392,0,0,0,512,13,0.171,11,0,0
12893.39,17392.484951658917,0.7413193167842674,0,1,0,242,6,0.393,11,2,0
3719.2,3024.245679226384,1.2297931818139507,0,0,0,647,17,0.477,12,1,0
5338.6,8234.886722144483,0.6482906875594705,0,0,0,725,27,0.087,16,2,0
5808.29,8576.594698892952,0.6772261436282826,0,0,0,460,11,0.021,9,0,0
8336.31,11135.31865145748,0.7486367692188373,0,0,0,239,6,0.162,11,0,0
3890.6,3016.9795192543384,1.2895669559854817,0,0,0,510,42,0.176,16,0,0
17368.55,17453.914909736057,0.9951088674073245,0,0,0,413,13,0.233,17,1,0
11243.76,8115.582179532127,1.3854535683521847,0,0,0,482,18,0.046,15,1,0
17668.89,22267.827106023367,0.7934718808098401,0,1,0,751,57,0.387,15,0,0
84866.28,77307.1934583383,1.0977799214987167,0,0,0,798,28,0.53,12,1,0
6288.09,11843.293847464147,0.53094132651682,0,0,0,285,31,0.079,18,0,0
2687.0,6340.239547362732,0.42380096994230165,0,0,0,379,9,0.019,6,3,0
16212.85,18633.229761262188,0.8701040462271858,0,0,0,473,31,0.204,10,1,0
4176.79,2787.8858343733955,1.4981920967477746,1,1,1,246,10,0.033,11,1,0
5356.93,4230.352001617309,1.266308249444862,0,1,0,521,23,0.305,13,0,0
8749.64,7676.020421958392,1.1398664742625677,0,0,0,394,16,0.604,9,0,0
63059.75,48152.52645538634,1.3095833671917634,0,0,0,582,19,0.243,11,0,0
4186.6,10757.23785279066,0.3891891502159963,0,0,0,658,31,0.367,10,1,0
5207.73,2268.6248862819093,2.2955461368258043,0,0,0,481,15,0.083,1,1,0
53713.22,24619.93494731398,2.181696148532723,0,0,0,713,18,0.41,5,0,0
28038.44,48674.05286243485,0.5760448942488392,0,0,0,368,24,0.065,12,3,0
21749.29,14771.06436621779,1.4724255495128333,0,0,0,706,19,0.399,9,0,0
92503.4,104383.0867391286,0.886191504071666,0,0,0,614,38,0.119,10,1,0
3793.75,24615.994430678926,0.15411724015661907,1,1,1,15,0,0.396,0,4,1
17411.05,12726.769198055541,1.3680649248359666,0,0,0,183,7,0.423,6,3,0
13487.83,6745.313024114971,1.9995857279633678,0,0,0,404,13,0.48,13,0,0
47828.19,35589.580485050516,1.3438816901748198,0,0,0,329,9,0.306,11,0,0
23659.89,13049.956098333267,1.813024640057912,0,0,0,78,6,0.187,14,0,0
52550.88,14870.264493377963,3.5339574623031087,0,1,0,266,7,0.177,11,1,0
4748.26,6563.416264840878,0.723443042482122,0,0,0,420,19,0.189,11,0,0
19824.97,14542.401952430035,1.3632524576436742,0,0,0,398,49,0.288,8,1,0
49978.4,58002.79827172956,0.8616549912015253,0,0,0,516,43,0.265,11,0,0
29917.25,32740.39919403891,0.9137715477336008,0,0,0,368,24,0.598,12,2,0
16267.09,20168.096642532273,0.8065751216829923,0,1,0,248,10,0.247,9,0,0
28398.13,25872.575753402758,1.0976150672819598,0,0,0,644,35,0.094,14,1,0
16931.98,13385.547773486782,1.2649445281604217,0,0,0,439,19,0.105,15,1,0
16940.43,29205.572777470938,0.5800409618807553,0,0,0,252,15,0.246,12,1,0
1207.35,2152.9622752252494,0.560786622641229,0,0,0,24,1,0.421,13,2,0
25096.33,28375.863133796505,0.8844252495291428,0,0,0,752,20,0.27,8,1,0
34979.95,41095.17382584952,0.8511937148936702,0,0,0,615,23,0.501,11,1,0
14323.48,7850.631528560009,1.824500509333896,0,0,0,641,25,0.14,8,1,0
10454.04,5563.976783455211,1.878878687253001,0,0,0,686,34,0.476,10,1,0
9631.44,10977.762733893518,0.8773586431531122,0,0,0,403,16,0.352,10,1,0
85929.13,10653.098806125887,8.066115812595278,0,1,1,127,5,0.794,6,1,1
2794.96,3319.2205402504696,0.8420544690349494,0,0,0,679,27,0.288,14,2,0
6730.23,9776.565151622297,0.6884046844995195,0,0,0,208,5,0.193,16,0,0
2122.92,4608.958056378564,0.46060702492220384,1,1,1,13,0,0.303,11,6,1
7279.82,6037.165316148141,1.2058345284693153,0,0,0,132,3,0.244,13,0,0
27019.03,21217.163050064395,1.273451481983256,0,0,0,397,16,0.184,3,0,0
4310.35,5386.305341993901,0.8002418904442559,0,0,0,428,25,0.099,17,2,0
2538.89,4291.718404187094,0.5915793245101525,0,0,0,643,49,0.343,8,1,0
45938.41,24520.559126970573,1.8734651696523148,0,0,0,672,35,0.058,9,0,0
11655.89,13138.710883893504,0.8871414328457701,0,0,0,197,9,0.441,9,1,0
8788.67,8600.286483770724,1.021904808277416,0,0,0,453,12,0.203,5,0,0
11558.9,8707.923695738784,1.3273998135490785,0,0,0,253,12,0.264,21,3,0
22967.26,14190.70486869473,1.6184724442754805,0,0,0,490,19,0.326,11,4,0
7162.87,7230.150454085554,0.9906938314397364,0,0,0,621,36,0.449,13,0,0
7536.89,3625.624118214425,2.078784660361014,0,0,0,618,16,0.473,21,1,0
20408.48,17311.742791740013,1.178880534000384,1,1,1,101,8,0.14,8,1,0
3580.35,2385.0442753707925,1.5011673041915754,0,0,0,268,17,0.244,11,0,0
15516.26,11298.623651313837,1.373287594353919,0,0,0,432,12,0.147,10,0,0
6013.43,5700.348733812569,1.0549234316069025,0,0,0,251,6,0.125,9,1,0
29334.27,12515.000079618112,2.3439292555200613,0,0,0,728,60,0.639,12,1,0
6281.49,8083.1067827587385,0.7771132088351876,0,0,0,642,42,0.539,8,2,0
2087.52,3659.36646503142,0.5704589057010852,0,0,0,49,2,0.195,10,1,0
18855.85,17434.6556440954,1.0815152991644479,0,1,0,621,77,0.408,18,0,0
3810.09,6157.785601423547,0.6187439200070209,0,0,0,308,25,0.196,10,1,0
54283.63,52197.801457998874,1.0399601049690954,0,0,0,420,30,0.212,9,0,0
15338.9,14582.21634807648,1.0518908320621851,0,0,0,471,14,0.235,12,1,0
9640.87,14342.946620131615,0.6721678452378355,0,0,0,622,18,0.42,9,0,0
21348.97,7698.670784470167,2.773072327842213,1,1,1,603,20,0.258,10,2,0
3803.54,3489.127204267392,1.090113546055701,0,0,0,151,5,0.434,17,2,0
10121.26,12875.76636945754,0.7860703603348841,0,0,0,613,29,0.056,14,0,0
24026.48,19497.103280309806,1.2323101335151534,0,0,0,187,17,0.485,9,0,0
11577.78,12360.830792147322,0.9366503496890013,1,1,1,281,20,0.091,9,0,0
9196.05,10649.146854602093,0.8635481486152284,0,1,0,39,2,0.301,12,0,0
7825.29,11962.844293356264,0.6541327345169499,0,0,0,731,36,0.403,10,1,0
33481.7,28531.85803795253,1.1734848293133135,0,0,0,455,13,0.317,14,1,0
23172.03,17062.34168741654,1.358080577569418,0,0,0,638,39,0.161,10,0,0
21684.49,24098.50898279454,0.8998270390822728,0,0,0,420,26,0.134,8,0,0
6855.42,3461.1279432336078,1.9806904344768355,0,0,1,502,14,0.401,17,0,0
8030.0,9883.545049036518,0.8124613580849984,0,0,0,540,23,0.371,10,1,0
14723.37,21160.003368148897,0.6958111624650776,0,0,0,569,28,0.462,8,0,0
3764.86,2950.5573487666297,1.2759834791743243,0,0,0,446,49,0.13,6,1,0
13232.59,10443.808616819353,1.2670273884982177,0,0,0,270,7,0.312,9,1,0
3176.69,4473.719700225653,0.7100772205369783,0,0,0,199,5,0.135,5,0,0
1323.64,2760.9383973980994,0.47941556767646354,1,1,1,22,0,0.469,10,7,1
9391.24,7651.459538204854,1.2273792745374217,0,0,0,666,22,0.227,7,1,0
5157.15,10520.013078650369,0.4902225283358353,0,0,0,692,32,0.211,10,1,0
2132.64,2472.791962623908,0.8624439712783833,0,0,0,265,26,0.228,13,0,0
35952.78,19133.79195802083,1.8790202651391499,0,0,0,425,14,0.031,10,2,0
5675.81,4605.904974965248,1.2322892972403967,0,0,0,786,52,0.166,10,2,0
1250.59,2545.9141081363405,0.49121465491006966,0,0,0,395,11,0.543,12,0,0
28639.52,10886.161814494146,2.630818957159216,0,0,0,29,2,0.261,15,0,0
25566.13,15223.6585785455,1.6793685477571474,0,0,0,95,3,0.052,10,0,0
18266.69,44383.198655882865,0.41156759264673104,1,1,1,21,0,0.53,6,8,1
3226.33,6325.195113447095,0.51007526976336,0,0,0,705,22,0.02,11,2,0
11984.07,8003.556664051386,1.497343505216236,0,0,0,89,3,0.316,17,0,0
16226.36,12749.331028700963,1.2727222792293862,0,0,0,511,36,0.29,10,0,0
9714.98,10445.97875512874,0.9300210279054058,0,1,0,383,17,0.225,9,0,0
3379.07,3117.7428437990766,1.0838189052172214,0,0,0,394,30,0.087,15,3,0
7028.9,4917.195583126644,1.4294525670577132,0,0,0,327,15,0.303,11,1,0
11618.08,16743.78157561754,0.6938743254907205,0,1,0,749,34,0.167,6,0,0
11316.02,15722.120903830291,0.7197516735733442,0,0,0,42,4,0.148,4,0,0
13977.82,9013.412464506575,1.5507796238999874,0,0,0,63,1,0.177,14,1,0
11989.24,39683.395757196835,0.3021222495365411,0,0,0,590,17,0.133,9,0,0
1612.58,3599.803378336438,0.44796233022644544,0,0,0,248,8,0.018,11,4,0
44903.29,23245.48184488626,1.9316995921555087,0,0,0,691,46,0.142,18,1,0
15192.55,14186.403819610563,1.0709230711352702,0,0,0,453,20,0.471,12,0,0
7813.31,11726.35143155871,0.6663033709548396,0,0,0,626,62,0.22,10,1,0
104622.42,78714.4225056883,1.3291390812262798,0,0,0,719,23,0.197,9,2,0
14641.01,35921.568272932935,0.40758258263221137,0,0,0,366,13,0.278,9,0,0
3150.55,2106.8364415075303,1.495395490545907,0,0,0,350,10,0.601,17,1,0
2829.4,2025.2182299227684,1.397083583562787,0,0,0,393,28,0.449,9,0,0
54927.88,64244.73736185052,0.8549786812252388,0,0,0,286,15,0.14,13,2,0
5558.27,5400.728580784284,1.0291697859344138,1,1,1,253,7,0.326,13,1,0
8092.76,8660.177110581768,0.9344802816530722,0,0,0,61,1,0.049,8,1,0
2303.37,3495.5828813580365,0.6589369833966732,0,0,0,758,63,0.378,13,0,0
5234.71,7007.285291204688,0.7470384046698204,1,1,1,761,31,0.169,9,0,0
18139.16,13346.75391604424,1.3590690252469217,0,0,0,662,19,0.439,7,0,0
24882.88,13144.083198547092,1.8930857310154217,0,0,0,517,15,0.03,21,2,0
12965.94,14133.005992113161,0.9174229891132042,0,0,0,178,9,0.611,9,1,0
23780.18,33969.86727134588,0.7000373781349261,0,0,0,43,2,0.197,17,2,0
50155.92,41708.17639243732,1.2025440575963975,0,0,0,582,15,0.163,13,2,0
43562.0,6777.494992142702,6.427448453812399,0,1,1,92,3,0.735,8,1,1
11128.92,6062.2871667828385,1.8357623596253594,0,0,0,468,33,0.384,12,0,0
21014.4,31715.74819455915,0.6625855767379608,0,0,0,262,26,0.358,17,0,0
13236.47,18973.308712003854,0.6976361151674783,1,1,1,3,0,0.592,10,4,1
3788.48,2105.0513618946875,1.7997088919389008,0,0,0,370,10,0.467,16,3,0
4276.49,2513.754955067652,1.7012343322700614,0,0,0,14,1,0.43,12,0,0
7723.26,16962.826675428514,0.4553047263259986,0,0,0,285,12,0.341,8,2,0
41339.41,24898.020477040296,1.6603491444074114,0,0,0,278,25,0.135,13,1,0
9275.21,8027.6500665449585,1.1554073545340053,0,0,0,238,6,0.31,14,1,0
19559.98,12896.305036921754,1.5167117913386383,0,0,0,486,18,0.085,16,0,0
5842.5,8186.238797182655,0.7136975841620651,0,0,0,26,3,0.151,13,2,0
4149.21,3756.541507681676,1.1045296058361351,0,0,0,159,5,0.122,17,1,0
1441.01,2706.394428476277,0.5324454148220213,0,0,0,495,13,0.034,9,0,0
4556.91,8223.417725720119,0.5541384367747472,0,0,0,158,4,0.298,9,0,0
6585.08,2898.08112805404,2.2722202239241676,0,0,0,341,28,0.192,10,3,0
39218.12,39622.885262640106,0.9897845977617894,0,0,0,730,23,0.157,10,0,0
6398.3,6674.583616908919,0.958607081679583,0,0,0,759,29,0.063,10,1,0
39586.28,41550.95883898346,0.9527163268169833,0,1,0,754,47,0.307,12,1,0
33767.49,31171.166424238592,1.0832923138460002,0,0,0,510,17,0.184,10,0,0
18680.16,14733.200366946314,1.2678953915898599,0,0,0,519,13,0.328,8,1,0
30137.48,16428.408725041045,1.834473535332439,0,0,0,118,5,0.018,9,3,0
26930.82,30869.655891624283,0.8724044192175867,0,0,0,183,8,0.589,1,0,0
18279.22,11565.05398392206,1.5805560727107995,0,0,0,145,16,0.336,10,0,0
2201.05,5142.9960892412055,0.4279704539264847,1,1,1,23,0,0.405,0,8,1
13724.5,12079.918225003723,1.136141414566452,0,0,0,666,31,0.341,12,1,0
9803.05,15657.462444677647,0.626094260532437,0,0,0,116,4,0.198,14,1,0
17592.45,11587.314241929846,1.518250582796104,0,0,0,603,20,0.148,17,1,0
11481.18,16297.724253871005,0.7044649796794297,0,0,0,658,19,0.078,11,1,0
7783.16,7695.698512700356,1.0113654391793532,0,0,0,636,18,0.191,16,0,0
11326.12,14859.527668204131,0.7622125560298662,0,0,0,624,16,0.266,8,1,0
19599.28,17969.88355140546,1.090673593621968,0,1,0,243,8,0.525,10,1,1
3346.06,4837.40716289678,0.6917045362185581,0,0,0,730,31,0.629,4,2,0
38198.96,45013.32466322772,0.8486143923812451,0,0,0,477,36,0.116,11,0,0
20861.97,14730.625120838842,1.416231413746192,0,0,0,646,49,0.008,9,2,0
43627.2,57321.51501853469,0.7610964161515671,0,0,0,675,18,0.394,11,0,0
18959.02,16140.047532877707,1.1746572686104262,0,0,0,672,28,0.417,16,4,0
6195.36,3973.5321073394907,1.5591579662758042,0,0,0,506,24,0.216,10,0,0
5447.27,2639.0065595042324,2.064135077883643,0,0,0,784,32,0.411,11,0,0
3331.22,7919.881218045367,0.420615480279091,0,0,0,222,10,0.37,15,3,0
1906.54,3976.272343080304,0.4794798932891572,0,0,0,323,19,0.345,11,3,0
15931.53,13801.904150767756,1.154299526270293,0,0,0,622,27,0.326,15,0,0
17302.71,13643.335186484306,1.2682168434200687,0,0,0,257,8,0.325,12,1,0
13293.87,15565.013004834635,0.8540863550146989,0,0,0,288,8,0.21,15,1,0
12080.66,16347.904952016177,0.7389729889579698,0,0,0,743,32,0.075,13,0,0
3266.18,4395.690223098663,0.743041381495886,0,0,0,628,22,0.041,8,2,0
95121.48,9181.911609725747,10.359659718588889,1,1,1,42,1,0.982,4,3,1
9296.97,22750.747010466443,0.4086444698023743,0,0,0,438,12,0.48,10,0,0
2666.88,4162.777811713274,0.6406502196774887,0,0,0,606,25,0.029,9,1,0
24251.19,29670.900201532924,0.8173392126448983,1,1,1,191,7,0.159,12,0,0
11815.31,8041.587625396952,1.4692757401582555,0,0,0,735,28,0.23,8,1,0
1514.24,10428.818432488122,0.14519780748351124,1,1,1,19,0,0.518,1,8,1
18255.49,4264.572286308874,4.280732659753923,0,1,1,304,12,0.766,3,2,1
27661.68,36583.21491841309,0.75613026102298,0,0,0,68,2,0.463,14,1,0
4633.85,7560.120969310524,0.6129339285093289,0,0,0,445,12,0.496,14,0,0
7753.66,16213.903196705285,0.4782104437281579,0,0,0,370,14,0.53,15,3,0
18325.48,18440.837977122956,0.9937443924793998,1,1,1,249,7,0.301,10,2,0
33664.04,24726.394423890222,1.3614618331980242,0,1,0,717,39,0.28,12,3,0
21280.24,10227.579178712753,2.080672120103102,0,0,0,406,12,0.148,4,0,0
34124.06,28633.899517647085,1.1917364492597589,0,0,0,424,11,0.528,8,0,0
124247.2,72629.95638049499,1.710688035183401,0,0,0,517,57,0.107,2,2,0
37439.65,38145.51376942054,0.981495384933149,0,0,0,757,39,0.301,7,1,0
20897.51,23229.674501442765,0.8996042220220541,0,0,0,658,43,0.091,11,0,0
9272.73,14637.488025582916,0.6334919000690822,0,0,0,101,7,0.155,7,1,0
3818.75,5407.992383725589,0.7061304954055883,0,0,0,182,14,0.078,10,0,0
11943.77,6874.246140967815,1.7374668716829358,0,0,0,793,24,0.215,14,2,0
10116.57,9249.355900775201,1.0937591287911064,0,0,0,152,6,0.205,15,3,0
34659.18,19844.481180629813,1.746539883579751,0,1,0,105,3,0.564,17,1,1
7257.14,5367.699193426035,1.352001395947964,0,0,0,642,42,0.199,8,0,0
16183.56,36378.57707890649,0.44486522584221627,0,0,0,631,39,0.421,8,2,0
8442.84,5714.628527920046,1.4774086247293157,0,0,0,342,13,0.315,2,0,0
27160.85,35996.276412828505,0.7545461451840701,0,0,0,155,19,0.072,15,0,0
6192.93,11875.17111030932,0.5215027674480035,0,0,0,619,23,0.109,6,1,0
4626.25,3581.8151702803116,1.291592718823571,0,0,0,772,23,0.214,8,0,0
22995.86,12862.423987947368,1.7878328843565048,0,0,0,27,1,0.431,15,1,0
4510.25,6084.106781721661,0.7413168417895626,1,1,1,544,17,0.267,13,0,0
29823.26,3450.6210667530427,8.642867180586244,0,1,1,153,6,0.851,12,2,1
1357.49,3434.1140616971434,0.39529568656647407,0,0,0,733,56,0.18,9,1,0
4139.86,9571.806219134312,0.4325057310391115,0,0,0,282,7,0.382,8,1,0
5927.54,6397.469207866894,0.9265438961081895,0,0,0,692,53,0.175,11,1,0
21250.67,18107.959864345197,1.1735543459523172,0,1,0,169,6,0.335,9,0,0
10025.84,8309.890074438263,1.2064953256305855,0,0,0,538,33,0.363,17,4,0
10714.72,10322.395888018153,1.038007227028766,0,0,0,550,17,0.178,17,1,0
4572.6,4126.540591406558,1.10809623475742,0,0,0,781,86,0.289,16,0,0
5402.17,5848.171111820706,0.9237375019041771,0,0,0,633,16,0.133,9,1,0
12721.27,18792.486413970764,0.67693375979431,0,1,0,399,11,0.204,14,2,0
21989.95,26142.675457290865,0.8411512878896422,0,0,0,651,40,0.125,7,1,0
8018.89,20849.20059624965,0.3846138993166881,1,1,1,16,0,0.454,9,4,1
2976.76,4008.855350783054,0.7425466749639614,0,0,0,216,13,0.405,10,0,0
4675.99,2062.2276193037987,2.267444544748505,0,0,0,233,13,0.132,9,4,0
5663.0,7574.531476361339,0.7476365030294706,0,0,0,161,7,0.199,20,0,0
2612.01,3431.8971395130156,0.7610983279182517,0,0,0,104,8,0.028,5,1,0
11340.3,4811.203721737882,2.35706034757546,0,0,0,175,8,0.162,7,0,0
5373.61,4826.418268848316,1.1133753223922995,0,0,0,711,28,0.069,10,0,0
13721.35,4371.36537196884,3.1389171715617628,0,1,0,397,19,0.225,12,0,0
11442.57,6822.80783880678,1.6771055271212991,0,0,0,779,48,0.379,9,0,0
5309.12,4418.686054804994,1.2015162646433042,0,0,0,471,13,0.517,14,1,0
35068.63,49561.11005980445,0.7075836195606652,0,0,0,363,27,0.005,13,1,0
50161.7,34075.74852228082,1.4720643733559984,0,0,0,228,7,0.399,15,1,0
2839.8,4294.805852295,0.6612182098218488,1,1,1,281,7,0.173,11,0,0
4360.18,8224.517190362469,0.5301436559476549,1,1,1,11,0,0.404,19,5,1
39415.63,30891.685264096977,1.2759301753797765,0,1,0,469,33,0.24,1,1,0
13674.3,22422.987386401644,0.6098339810043479,0,0,0,529,22,0.414,12,0,0
13026.3,10741.353931704254,1.2127241385679808,0,0,0,415,18,0.207,9,2,0
5865.63,8795.672451637336,0.6668768857487891,0,0,0,22,1,0.227,12,0,0
17658.83,3765.230518488913,4.689973401703778,0,1,1,433,17,0.886,20,1,1
20969.69,12882.436523561599,1.62777328503926,0,0,0,516,34,0.264,14,0,0
24320.73,12768.048667564028,1.9048117377296196,0,0,0,619,17,0.278,7,0,0
52990.79,48569.837330362025,1.0910226420464746,0,0,0,430,17,0.362,14,4,0
18507.8,14941.714807876726,1.2386663137982823,1,1,1,586,29,0.309,16,0,0
2986.33,3446.880830651461,0.8663872567183323,0,0,0,427,15,0.289,11,0,0
4013.64,5996.546204895561,0.669325312285747,0,0,0,767,26,0.314,13,1,0
4201.49,3819.331056170482,1.1000578380571855,0,0,0,271,15,0.117,6,0,0
2387.66,3344.3974128915306,0.7139278525375383,0,0,0,188,8,0.681,13,2,0
11933.29,13852.104439347813,0.8614785486291886,0,0,0,773,22,0.13,14,1,0
8599.49,6504.155915139154,1.3221531456951885,0,0,0,342,20,0.451,5,2,0
5259.76,10520.251453755163,0.4999657094407626,0,0,0,119,4,0.204,2,1,0
32272.47,29342.139034503067,1.0998675355075693,0,0,0,447,17,0.179,0,0,0
5353.24,5785.491394910905,0.9252874138301128,0,0,0,485,16,0.162,14,0,0
18109.1,15135.791118378174,1.1964421928776547,0,0,0,651,36,0.16,0,1,0
23912.3,25897.342835974676,0.9233494571171635,0,0,0,525,17,0.351,10,0,0
108952.76,45632.60220662769,2.3876078409431556,0,0,0,68,5,0.069,9,0,0
5018.68,8236.831402737345,0.6092974013886785,0,0,1,757,63,0.54,13,1,0
26965.85,49876.46062820388,0.5406529014431598,0,0,0,166,4,0.243,15,1,0
15510.2,3730.9148460307724,4.157212139219917,1,1,1,13,1,0.932,2,2,1
48546.63,16569.056413594608,2.929957482187073,0,0,0,118,5,0.593,9,1,0
15116.86,7700.475143191064,1.9631072296294823,0,0,0,235,23,0.462,8,2,0
10145.24,8200.140964596834,1.237203457184958,0,0,0,664,55,0.362,14,2,0
16502.86,20705.00903399289,0.7970467304110476,0,0,0,423,19,0.046,17,0,0
7576.36,8287.51593218264,0.9141894059265192,1,1,1,157,17,0.438,11,1,0
10464.4,15299.995328430441,0.68394815684913,0,0,0,364,10,0.297,12,2,0
3454.81,4729.129767724651,0.7305384752187255,0,0,0,689,76,0.294,8,0,0
28986.84,21913.759376519723,1.3227690085481467,0,0,0,341,16,0.425,8,2,0
3001.77,4654.4587554717655,0.6449242010205648,1,1,1,2,0,0.524,7,7,1
4017.91,6017.315052254849,0.6677251278568812,0,0,0,244,6,0.551,11,0,0
20005.0,25621.767811284124,0.7807812816992679,0,0,0,508,33,0.444,11,1,0
4136.23,9139.799801698258,0.4525514807529852,0,0,0,19,1,0.265,9,0,0
15955.47,17829.208439200003,0.8949061503061493,0,0,0,694,24,0.224,10,0,0
39411.79,22052.88774397634,1.7871487582720906,0,0,0,291,13,0.189,10,0,0
19263.15,2517.38893478691,7.6520357150375435,1,1,1,33,0,0.842,1,4,1
48930.49,32057.998431445438,1.5263113508757888,0,0,0,242,6,0.62,11,0,0
9658.81,6598.45494716192,1.463798360402063,0,0,0,524,65,0.454,14,2,0
12952.67,5493.964371357466,2.357618527408755,0,0,0,252,14,0.617,15,0,0
19353.87,18253.809760295393,1.0602644770178824,0,0,0,508,14,0.275,15,0,0
3216.88,2773.542344068962,1.159844694375267,0,0,0,434,11,0.363,8,0,0
7952.49,4367.275945365518,1.820927773613333,0,0,0,593,17,0.324,7,1,0
9901.02,8104.500381629758,1.221669659073948,0,0,0,625,28,0.212,13,0,0
72389.79,33365.23679461537,2.1696170774410013,0,0,0,425,38,0.542,18,0,0
3323.12,2869.8213225086847,1.1579549837166472,0,0,0,163,5,0.152,8,2,0
9715.8,8450.875775292834,1.149679817765955,0,0,0,182,5,0.215,11,1,0
2242.0,3549.348490790974,0.6316645722135189,0,0,0,699,17,0.198,7,0,0
3476.8,8269.580735843576,0.4204322340600932,0,0,0,562,17,0.327,11,0,0
10535.97,7967.843750974016,1.3223118974053296,0,0,0,376,10,0.31,19,0,0
26090.43,24718.203380920913,1.055514668342994,0,0,0,346,17,0.369,18,1,0
1367.52,2346.158879625883,0.5828746366329773,0,0,0,18,1,0.167,9,0,0
5268.24,4313.647996218962,1.2212949546635008,0,0,0,331,20,0.545,14,1,0
15749.23,6695.629522046038,2.352165811887033,0,0,0,765,51,0.447,12,0,0
14833.01,16332.28031648356,0.9082021750117723,0,0,0,481,32,0.277,15,2,0
70954.14,45729.84678112223,1.5515936046344108,0,0,0,728,31,0.277,14,0,0
7367.94,10914.873899877077,0.6750363698707635,0,0,0,621,32,0.25,12,0,0
6999.06,14367.736989057166,0.4871373084228882,0,0,0,585,23,0.193,13,1,0
3359.2,4672.052312982326,0.7189977728068432,1,1,1,347,24,0.147,19,2,0
2892.06,10346.876025291891,0.2795105086395257,0,0,0,222,6,0.096,14,2,0
2941.41,3686.721023358392,0.7978391408226105,0,0,0,306,9,0.113,13,0,0
7462.49,7699.716887351915,0.9691898990972615,0,0,0,496,14,0.513,12,3,0
12517.26,10640.658602295473,1.1763615151129194,0,0,0,731,25,0.264,12,1,0
12066.49,12171.362725284782,0.9913833542189012,0,0,1,44,1,0.553,14,1,0
3314.22,2206.02028482052,1.502352284273078,0,0,0,314,17,0.046,12,0,0
2658.73,2693.0526073941664,0.9872555935311893,0,0,0,272,7,0.605,0,0,0
21260.76,35341.769690572146,0.6015760975349135,0,0,0,69,5,0.137,14,1,0
41778.25,21796.586471073875,1.9167334154929614,0,0,0,574,31,0.086,1,1,0
11726.55,15651.23724906133,0.7492411026358985,0,0,0,345,13,0.242,8,3,0
15101.63,16668.463322541837,0.9060000554729968,0,0,0,209,10,0.28,7,0,0
10137.33,8488.139767659648,1.1942935464328714,1,1,1,561,37,0.067,11,0,0
3818.01,3966.0509992629177,0.9626739045158594,0,0,0,285,23,0.329,10,3,0
8717.83,3341.73618678784,2.6087715082565337,0,1,0,239,7,0.492,17,1,1
5153.53,6030.281098549401,0.8546089300449597,0,0,0,71,4,0.121,6,0,0
14501.88,23878.705929015945,0.6073144986459211,0,0,0,180,13,0.289,12,1,0
2946.46,2912.3174093953094,1.0117226468128468,0,0,0,366,45,0.23,10,1,0
2757.8,9014.22009703506,0.3059391888529839,0,0,0,540,18,0.383,10,1,0
16751.98,22072.300161018582,0.7589594752777806,0,0,0,278,14,0.464,16,0,0
866.63,2604.400071200226,0.3327544543638082,0,0,0,231,10,0.115,11,0,0
49824.38,45235.40772820196,1.101446425181799,0,0,0,321,8,0.171,10,1,0
11460.64,20080.503660208444,0.5707349296337123,1,1,1,386,10,0.266,12,0,0
7763.12,11228.134527932742,0.6913988487407157,1,1,1,599,19,0.434,13,3,0
56962.05,24543.768580000855,2.320835568179872,0,0,0,507,18,0.175,13,3,0
56833.07,28159.093221666117,2.018284885855116,0,0,0,419,17,0.32,10,0,0
35717.51,28183.96987391294,1.2672987330038987,0,0,0,248,12,0.122,10,0,0
4297.11,28861.245564537418,0.14888854388109307,1,1,1,22,0,0.487,14,7,1
84108.65,9781.841343298009,8.598447993379972,0,1,1,286,11,0.964,22,3,1
29581.59,42726.89684076964,0.6923411460479415,0,1,0,123,5,0.089,15,1,0
15738.1,11063.70536061272,1.422497926044838,0,0,0,80,3,0.256,15,0,0
6214.39,2818.8885844062074,2.204551550935555,0,0,0,676,61,0.184,16,0,0
4056.69,6976.334925897455,0.5814924666083854,1,1,1,16,0,0.503,19,5,1
2772.23,6782.0642016229285,0.4087585396486033,1,1,1,8,0,0.398,10,6,1
96456.12,54515.70312133507,1.7693273526616622,0,0,0,501,45,0.043,9,1,0
6938.2,4985.656617402027,1.3916321113979226,1,1,1,321,29,0.628,9,1,0
40626.12,28614.339609951323,1.4197820128383,0,1,0,293,9,0.532,10,1,1
28321.91,18313.480078825967,1.5465059807547203,0,0,0,649,54,0.237,10,0,0
3271.82,3470.5922954959324,0.9427252661316623,0,0,0,397,28,0.331,12,0,0
25674.32,17098.48941725892,1.5015549163188984,0,0,0,407,13,0.588,7,1,0
24832.91,28726.34983552695,0.8644645640715604,0,0,0,718,29,0.285,10,0,0
19423.29,22660.48457602004,0.8571437668467846,0,0,0,594,66,0.487,15,0,0
9329.64,9614.447323740518,0.9703775014146541,0,0,0,336,22,0.243,8,3,0
46220.64,31945.69055103291,1.4468504621459652,1,1,1,443,16,0.137,9,1,0
9263.6,14328.723826864718,0.6465052486703222,0,0,0,470,31,0.437,9,1,0
38324.1,33392.80095439647,1.1476755767095026,0,1,0,797,20,0.149,13,0,0
20961.31,34201.3790733246,0.6128791963912859,0,0,0,667,20,0.296,6,1,0
37054.51,22478.457180794445,1.6484455881876998,0,0,0,391,35,0.395,8,1,0
10118.51,14671.30950202773,0.6896798322724154,0,0,0,404,36,0.077,12,1,0
21502.8,27130.566005253946,0.7925674774196714,0,0,0,738,52,0.348,17,0,0
4120.64,3989.2973018492876,1.0329225444749015,0,0,0,597,25,0.056,8,2,0
6887.57,6147.889026010086,1.1203147449811657,0,0,0,793,24,0.13,9,0,0
135762.17,67685.72331655545,2.0057725893558214,0,0,0,35,2,0.111,7,1,0
17317.63,31622.383605767896,0.5476385017754646,0,0,0,177,6,0.402,8,0,0
1022.54,2201.257918706121,0.46452416099701493,0,0,0,460,57,0.335,8,1,0
9653.06,10159.016176496689,0.9501965262071347,0,0,0,730,22,0.112,7,0,0
3986.64,4817.9873762716925,0.8274486633578563,0,0,0,433,39,0.297,4,2,0
12352.83,9221.64611982993,1.3395474761756239,0,0,0,381,22,0.441,12,1,0
6773.81,13505.1343997146,0.5015728727356041,0,0,0,572,19,0.459,20,0,0
24149.3,40595.86926515127,0.594870816708702,0,0,0,511,13,0.093,10,1,0
27678.59,31798.884877406854,0.8704264129254532,0,0,0,456,13,0.092,8,1,0
4768.68,8267.643466908787,0.5767878750339487,0,0,0,198,5,0.686,8,0,0
12235.8,11810.87051187556,1.0359774777705673,0,0,0,119,5,0.218,12,1,0
22964.07,16109.417319474007,1.425505975857141,0,0,0,72,9,0.168,17,0,0
3015.57,3304.561344261825,0.9125480250717203,0,0,0,204,9,0.274,13,1,0
18247.44,10057.665836889733,1.8142814950363342,0,0,0,502,33,0.05,9,2,0
1879.46,2049.6004927750264,0.916986208168548,0,0,0,765,36,0.29,8,0,0
7971.24,3933.5850547887176,2.0264564059182115,0,0,0,260,9,0.433,13,0,0
26708.88,20044.82031593534,1.3324576997094015,0,0,0,711,23,0.285,11,2,0
18125.82,10490.190974922065,1.7278825282157586,0,0,0,599,15,0.333,5,0,0
29998.85,45229.25766755329,0.6632619680348026,0,0,0,205,9,0.365,10,0,0
45236.13,19591.783482856474,2.3089335958806334,0,0,0,53,1,0.184,12,1,0
11499.16,6872.078529519445,1.673316098790696,0,0,0,507,13,0.525,16,1,0
10920.39,20248.72590418895,0.5393125869007941,0,0,0,86,4,0.227,10,3,0
27553.76,23751.08346408706,1.1601053098956247,0,0,0,56,2,0.543,15,2,0
7778.1,11845.913243118823,0.6566060449163426,0,0,0,470,18,0.058,13,1,0
11611.98,28474.656964948783,0.4078004779746819,1,1,1,27,0,0.319,17,5,1
12640.84,15671.062810414365,0.8066359033009136,0,0,0,146,8,0.589,16,2,0
2927.42,4823.411227052872,0.6069182391153483,0,0,0,668,23,0.467,16,1,0
8470.22,11675.853426250458,0.7254473930565599,0,0,0,750,34,0.556,10,0,0
12013.2,15263.85222726532,0.7870360939300521,0,0,0,637,17,0.187,4,2,0
20359.42,22533.333446380395,0.9035244802943977,0,0,0,219,19,0.082,13,0,0
8475.34,7195.794496413756,1.1778181662037193,0,0,0,121,5,0.179,4,1,0
17864.7,7797.00742525979,2.2912254765016824,0,0,0,738,38,0.215,5,0,0
16377.46,21188.59048577358,0.772937446309813,0,0,0,308,34,0.275,10,1,0
21187.0,18122.015160803327,1.1691305386170951,0,0,0,66,1,0.466,13,1,0
8343.9,4817.970425862621,1.7318295197741531,0,0,0,259,19,0.579,12,0,0
3411.2,2891.1049123772677,1.1798961120598703,0,0,0,432,15,0.169,11,3,0
9858.95,8241.430005458122,1.1962666652282468,0,0,0,24,1,0.414,8,0,0
9092.01,12862.028968232673,0.7068876100379823,1,1,1,787,65,0.295,11,0,0
22805.18,31957.501618978593,0.713609703506014,0,0,0,42,3,0.474,12,1,0
10634.44,9534.254199987648,1.1153927820877496,0,0,0,460,28,0.371,12,0,0
41584.74,16309.661032195307,2.5496998992108244,0,0,0,785,60,0.078,10,2,0
43870.83,5872.117751432663,7.471040089117697,0,1,1,244,9,0.801,10,1,1
25107.1,4958.352957863131,5.06359592822479,0,1,1,163,6,0.764,3,1,1
38155.51,29161.935712541614,1.3084011184011843,0,0,0,722,19,0.51,12,2,0
11829.54,33084.27394481622,0.3575577672804471,0,0,0,134,5,0.353,12,2,0
6632.24,6559.413474708678,1.011102015050365,0,0,0,131,7,0.311,13,0,0
51931.91,42873.170316408665,1.2112915875262482,1,1,1,759,25,0.254,11,0,0
73868.68,8507.138854176867,8.68314009864485,1,1,1,29,1,0.844,3,3,1
10688.51,24414.997630584527,0.43778445259916,0,1,0,324,13,0.257,17,4,0
34012.6,47833.0633122408,0.7110688842471751,0,0,0,355,44,0.116,17,1,0
7105.71,3404.5160960391286,2.087143425651199,0,0,0,108,3,0.245,11,1,0
15755.61,6983.01069993305,2.2562781165262122,0,0,0,689,19,0.129,13,1,0
4446.51,4233.626875751852,1.0502842967435462,0,0,0,277,9,0.672,11,1,0
3967.71,6255.846633910217,0.634240779950227,0,0,0,688,19,0.318,12,0,0
9936.1,10266.448679279736,0.9678226631331243,0,0,0,439,19,0.235,6,1,0
33353.81,5641.368712335378,5.912360547242402,0,1,1,243,9,0.796,23,1,1
8916.28,11793.067933448083,0.756060762149862,0,0,0,475,19,0.317,10,4,0
42794.51,41702.04907148272,1.0261967549960322,0,0,0,355,35,0.139,14,0,0
4706.92,3618.734534813125,1.3007086327892834,0,0,0,529,23,0.42,18,1,0
8713.27,11618.429637748874,0.7499523931784632,0,0,0,389,14,0.107,14,0,0
37837.6,19600.537916647645,1.9304367315423603,0,0,0,671,25,0.422,12,0,0
44340.28,4317.614770760281,10.269623155638719,1,1,1,14,0,0.943,3,2,1
4355.86,10603.449509063106,0.4107965644539424,0,0,0,283,8,0.709,13,1,0
6064.5,18083.026609133063,0.33536985264994523,0,0,0,661,17,0.24,11,1,0
4086.11,3989.1813324626455,1.024297503413123,0,0,0,458,45,0.187,13,4,0
14588.73,24521.05098272922,0.5949470838758892,0,0,0,14,1,0.236,12,0,0
2220.0,3323.292760393276,0.668011763505633,0,0,0,437,31,0.112,9,0,0
13084.04,14655.942370362462,0.8927465100254802,1,1,1,780,78,0.053,2,0,0
19394.13,13216.771343482416,1.4673882165598522,0,0,0,431,15,0.079,6,3,0
24875.08,45497.087134625406,0.5467400271359631,0,0,0,628,28,0.174,19,1,0
7270.69,3206.4635019244943,2.2675095223736284,0,0,0,575,31,0.155,15,1,0
12615.56,9480.427572743913,1.3306955444194466,0,0,0,145,5,0.534,9,3,0
60902.86,55603.93837647265,1.0952976835327475,0,0,0,58,2,0.311,4,2,0
14956.78,10561.146819846908,1.4162083141676736,0,0,0,598,28,0.052,13,0,0
37418.15,28296.952327763007,1.322338517358357,0,0,0,390,13,0.457,13,0,0
2461.66,3416.1683642883304,0.7205916434009535,0,0,0,185,5,0.132,3,1,0
22932.47,14614.226309308646,1.569188423922052,0,0,0,419,26,0.317,5,0,0
9397.86,2801.6503969406576,3.3544006326409557,0,0,0,775,22,0.294,3,2,0
9335.99,9641.892391416699,0.9682737319327259,0,0,0,324,17,0.588,11,0,0
11411.84,16225.04841929583,0.7033473283901921,0,0,0,567,16,0.168,6,0,0
4254.74,3096.0380228802305,1.3742544821626446,0,0,0,333,9,0.338,8,1,0
29338.88,20991.095864072475,1.3976822753741207,0,0,0,762,19,0.126,6,1,0
21643.67,10436.155936304325,2.073911708574638,0,0,0,586,24,0.345,14,0,0
112819.37,56608.08637636877,1.9929904358228059,0,0,0,110,3,0.352,1,0,0
26381.54,18664.792712646697,1.413438575379949,0,0,0,767,95,0.555,15,0,0
12438.54,6978.146610181886,1.782499155635547,0,0,0,274,11,0.172,0,1,0
13260.96,9722.231082239265,1.363983669598497,0,0,0,368,9,0.167,8,0,0
32492.29,47107.47441165171,0.6897480311250129,0,0,0,246,6,0.155,14,0,0
43845.44,35689.53151473277,1.2285239076027938,0,0,0,707,18,0.15,12,2,0
23281.44,20573.595243271626,1.1316173684907556,0,0,1,708,18,0.044,11,0,0
17744.4,15665.601901365402,1.1326983647972673,0,0,0,175,21,0.47,7,2,0
13310.24,9606.36641436818,1.3855641683031832,0,0,0,762,22,0.356,10,0,0
5850.14,7288.784362518819,0.8026222987432333,0,0,0,356,14,0.223,11,1,0
3622.19,3996.6855883532835,0.9062981570357026,0,0,0,673,21,0.107,17,2,0
17819.44,19717.97420349362,0.9037153179341534,0,0,0,38,2,0.317,7,3,0
21841.07,27433.058662704418,0.7961587669109617,0,0,0,264,7,0.453,6,0,0
18122.94,10363.950078746526,1.7486522261388366,0,0,0,637,57,0.127,15,2,0
3467.0,2417.0108043135333,1.4344160318555343,0,0,0,48,2,0.247,13,0,0
3036.93,2019.9744384723551,1.5034500691350556,0,0,0,589,15,0.495,14,0,0
6853.13,6962.851021172224,0.9842417721573398,0,0,0,747,19,0.283,9,1,0
49741.31,36124.94801554704,1.3769240642188851,0,0,0,250,27,0.315,10,0,0
7688.04,20490.81650475855,0.3751946382821727,0,0,0,183,8,0.371,14,1,0
12813.17,14741.617195169893,0.8691832525863054,0,0,0,546,14,0.143,1,1,0
8943.27,6253.352609919335,1.43015669315644,0,0,0,291,8,0.27,18,0,0
37669.39,28090.987416777247,1.3409779060635327,0,0,0,84,3,0.135,15,1,0
7365.4,14651.386420777615,0.5027101954058807,0,0,0,452,18,0.57,13,0,0
5067.96,3166.0782094591477,1.6007074222013322,0,0,0,225,12,0.171,9,1,0
21313.77,17496.356207588953,1.2181833369582038,0,0,0,456,45,0.127,9,3,0
46283.4,33551.07531676328,1.379490673249024,0,0,0,250,8,0.079,10,0,0
35461.58,18701.820788922472,1.8961564619842644,0,0,0,14,1,0.236,10,2,0
7227.08,37655.721098525115,0.19192503756886162,1,1,1,1,0,0.546,9,4,1
19406.95,19334.381157210293,1.00375340482164,0,0,0,163,5,0.264,14,1,0
11645.06,5859.8536822869955,1.9872619969764762,0,0,0,321,10,0.261,12,0,0
1808.48,2740.3751860078055,0.6599389056201096,0,0,0,20,1,0.116,17,0,0
7652.89,15492.159666494284,0.4939848299133691,0,0,0,209,13,0.621,7,2,0
21227.93,9731.284281899718,2.181410581054975,0,0,0,607,40,0.61,9,1,0
32057.49,7902.250914600853,4.05675417020122,1,1,1,43,0,0.943,3,3,1
21180.15,3050.388522294146,6.94342662011702,1,1,1,55,1,0.912,22,2,1
6886.29,5560.276920561108,1.238479809629241,0,0,0,67,2,0.3,9,0,0
2826.29,5634.083828715175,0.5016419179561047,0,0,0,291,7,0.021,3,1,0
8019.43,19819.99518462792,0.4046133561003606,0,0,0,607,26,0.242,10,3,0
6203.51,4419.839887040753,1.4035602867906738,0,1,0,542,22,0.423,14,0,0
9561.13,11614.791010753455,0.8231858860343213,1,1,1,131,4,0.136,15,0,0
1204.79,2895.943189794496,0.41602571019632806,0,0,0,288,16,0.113,6,1,0
17179.49,15702.45894432753,1.0940634597916197,0,0,0,205,10,0.076,9,3,0
20383.84,28717.70360996099,0.7098006052352394,1,1,1,153,12,0.319,9,0,0
5451.49,4569.578522329086,1.1929957304907337,0,0,0,289,11,0.254,14,0,0
13707.46,21928.742662456316,0.6250911228945868,0,0,0,465,12,0.265,9,2,0
27345.57,10107.523058232138,2.705467326813959,0,0,0,545,14,0.258,5,1,0
14542.49,25792.93689273086,0.5638166654679644,0,0,0,345,14,0.137,11,3,0
24698.21,36388.650961339015,0.678733969336701,0,0,0,93,2,0.108,7,1,0
11606.28,26885.80854502615,0.4316881025727848,1,1,1,2,0,0.459,13,7,1
20358.33,14323.829876363638,1.4212911740180363,0,0,0,281,9,0.308,15,0,0
8723.77,7810.652353620515,1.1169066245864507,0,0,1,651,18,0.517,6,1,0
4097.17,8357.409038310449,0.49024385609039034,0,0,0,528,22,0.11,6,1,0
15663.57,10194.019321418082,1.536545214558314,0,0,0,115,10,0.376,9,1,0
4830.82,10510.820233194436,0.4596049396810926,0,1,0,720,23,0.167,9,1,0
8343.5,10907.08818309088,0.7649615624236717,0,0,0,641,20,0.135,12,3,0
5626.08,4762.305551515938,1.1813777545556816,0,0,0,657,19,0.097,16,1,0
36619.89,35565.200065575045,1.0296551830924068,1,1,1,609,15,0.25,8,0,0
39532.6,27502.389140053972,1.437424208793715,0,0,0,540,18,0.223,11,0,0
4236.79,13915.63754175221,0.3044622020021862,0,0,0,34,3,0.012,8,0,0
14545.66,12156.626110591436,1.1965210117420726,0,0,0,13,1,0.118,16,0,0
4867.1,5391.33620357248,0.9027633997528192,0,0,0,437,31,0.044,7,2,0
17347.75,20258.851666143655,0.8563047596457862,0,0,0,222,8,0.417,9,1,0
7074.98,10372.238780501393,0.682107027729897,0,0,0,79,7,0.403,16,1,0
59828.28,46448.83995743565,1.2880468410151296,0,0,0,772,38,0.33,9,1,0
9736.44,6123.540097774015,1.590001937674565,0,0,0,317,15,0.077,8,0,0
21306.04,24220.1323996578,0.8796830813031322,0,0,0,739,52,0.214,8,2,0
5511.62,4934.966049896994,1.1168511577966094,0,0,0,117,3,0.408,11,0,0
19892.9,27467.731025606612,0.7242278403115869,0,0,0,370,14,0.457,9,0,0
3612.01,6809.939284092815,0.5304021718766329,0,0,0,177,4,0.404,11,2,0
11121.46,22407.859064183314,0.49631980070932935,1,1,1,21,0,0.436,10,5,1
16654.92,21058.75332665656,0.7908786405719463,0,0,0,298,14,0.191,10,1,0
10781.08,16654.326591239376,0.6473441992145941,0,1,0,38,1,0.023,13,1,0
19955.14,32871.79654238517,0.6070594591071875,0,0,0,408,17,0.596,16,1,0
6993.67,8420.838598053584,0.8305192024529358,0,0,0,773,19,0.159,15,0,0
1219.42,2587.4147083403523,0.47129011265295784,0,0,0,684,28,0.073,11,1,0
18390.62,24981.965980807592,0.7361560025169406,0,0,0,394,19,0.267,9,0,0
10359.58,16854.546264896584,0.6146460780550161,0,0,0,215,12,0.098,8,0,0
44868.3,30650.64129209524,1.4638617462542647,0,0,0,185,4,0.336,14,0,0
17279.5,8091.528776234261,2.1355049460315456,0,1,0,366,11,0.439,9,1,0
2717.44,3162.464251494988,0.8592777676694535,0,0,0,269,12,0.179,11,3,0
2425.85,3921.432429139125,0.6186142323006488,0,0,0,244,17,0.599,14,1,0
91624.02,92435.30236932766,0.9912232901024289,0,0,0,526,30,0.3,15,0,0
4566.97,6802.168556365278,0.6713994917198112,0,0,0,141,5,0.105,19,2,0
4462.0,5974.646522676921,0.7468229981390149,0,0,0,386,22,0.379,19,2,0
8398.42,9229.43620533399,0.9099599844295085,0,0,0,171,4,0.069,14,2,0
4794.86,3916.2954932171124,1.2243367548270858,0,0,0,82,2,0.359,10,0,0
8742.36,12061.291637154913,0.7248275722028422,0,0,0,213,5,0.341,9,1,0
28398.87,17508.09719993597,1.6220418341666054,0,0,0,246,17,0.142,9,0,0
7593.02,6305.952833212175,1.204103227635128,0,0,1,577,36,0.804,11,0,0
15637.96,8728.476532263958,1.7916030190086178,0,0,0,265,15,0.138,11,0,0
13467.11,16694.145258129323,0.8066966994620275,0,0,0,636,24,0.294,11,1,0
8463.53,4421.747185884477,1.9140694382578263,0,0,0,148,8,0.624,13,0,0
23639.26,14104.643768911434,1.675991030695174,0,0,0,666,44,0.065,2,0,0
5646.03,6299.109822847853,0.8963224233187055,0,0,0,391,35,0.379,12,0,0
21165.77,23895.459715432917,0.885765356426387,0,0,0,353,14,0.355,10,1,0
22401.36,12813.489668278811,1.7482635390959833,0,0,0,209,9,0.382,14,1,0
9666.15,7244.284042128826,1.3343134286427558,0,0,0,199,8,0.281,11,0,0
17313.69,16978.56821484839,1.0197376457481266,1,1,1,354,16,0.096,13,1,0
3625.68,2649.87456315355,1.3682471817926134,0,0,0,601,33,0.415,8,0,0
1827.72,3017.568814830165,0.6056924603308208,0,0,0,572,30,0.174,9,1,0
4528.11,5968.566808416108,0.7586602716516305,0,0,0,347,9,0.562,15,0,0
26444.16,17814.404130039155,1.484425756482702,0,0,0,400,33,0.377,13,0,0
1334.8,3008.8489901337516,0.44362456844071435,0,0,0,323,9,0.127,9,1,0
3664.38,6469.699399955908,0.5663911411149275,0,0,0,136,4,0.753,8,1,0
6020.96,5209.47539008377,1.155770919303655,0,0,0,11,1,0.083,8,0,0
4246.18,8627.983714975804,0.4921404470609721,0,0,0,277,16,0.043,18,1,0
14955.7,19162.24501478551,0.780477189047688,0,0,1,38,1,0.367,7,1,0
1809.99,3181.476086645209,0.5689151674734106,0,1,0,276,7,0.128,0,0,0
10323.8,5258.634860072358,1.9632086478390585,0,0,0,648,64,0.13,4,0,0
57492.46,31466.19027926625,1.8271184526562856,0,0,0,202,12,0.252,15,1,0
2603.02,2991.8588737201458,0.8700350743277852,0,0,0,539,19,0.34,8,1,0
349445.09,32063.922959086245,10.898388671564984,1,1,1,57,0,0.894,15,3,1
14207.3,10606.339447532426,1.3395100919236076,0,0,0,212,26,0.448,10,1,0
11930.74,6722.094035101041,1.7748542827987441,0,0,0,184,7,0.281,9,2,0
21035.34,14748.37622856824,1.4262817860575554,0,0,0,420,23,0.143,10,2,0
33170.06,7571.821552233604,4.380724453242975,0,1,1,112,4,0.921,16,1,1
15510.69,24198.455154931493,0.6409786417420454,0,0,0,641,37,0.573,16,1,0
3541.32,4678.59652326414,0.7569193475409829,0,0,0,660,21,0.443,19,0,0
60364.66,76967.22361346566,0.78429050615894,0,0,0,494,35,0.424,8,2,0
10910.46,6599.741805652228,1.6531643918483738,0,0,0,434,11,0.215,12,0,0
12505.86,10996.091862553092,1.1373004609024586,0,0,0,429,19,0.086,9,1,0
16996.22,13241.747083285769,1.2835332058457727,0,0,0,494,49,0.316,13,0,0
14654.25,24884.199131118945,0.5888979776914766,0,0,0,174,4,0.103,10,1,0
4437.91,3567.7250901487832,1.2439043252864892,0,0,0,560,62,0.194,8,1,0
88594.46,59413.97798729735,1.491138367637248,0,0,0,252,7,0.233,12,2,0
22887.34,11957.469209328403,1.9140623062312778,0,0,0,257,8,0.131,4,0,0
28886.1,28129.619660355776,1.026892623285146,0,1,0,202,6,0.517,11,1,1
15320.04,17071.816344881998,0.8973879871378968,0,0,0,482,17,0.146,11,1,0
11201.55,12845.322952817354,0.8720333720003732,0,0,0,462,19,0.209,16,1,0
56422.9,31188.66697206006,1.8090834443668642,0,0,0,287,28,0.339,12,0,0
47433.94,32244.66288326422,1.471063318435612,0,1,0,565,29,0.206,19,1,0
41649.76,30575.596811886844,1.3621895361444893,0,0,1,724,20,0.17,7,0,0
14003.44,22618.635277837253,0.6191106060492142,0,0,0,30,1,0.848,8,2,0
2176.56,2903.2207235473497,0.7497048324250379,0,0,0,596,17,0.467,10,1,0
16617.14,15560.098041327941,1.067933135890542,0,0,0,99,2,0.635,20,2,0
17569.4,19869.715260050983,0.8842300919350525,0,0,0,120,4,0.371,10,1,0
35681.3,11029.122207254488,3.2351897765326787,0,0,0,373,37,0.089,16,1,0
40077.52,20270.831307562024,1.9771031708340527,0,0,0,637,30,0.453,9,2,0
11563.8,11033.517958586226,1.0480608532701585,0,0,0,445,23,0.399,9,0,0
49247.57,28019.80927156784,1.7575981780181456,0,0,0,609,23,0.21,0,1,0
3015.22,2650.735482301052,1.1375039235478803,0,0,0,448,19,0.345,14,2,0
72119.02,40002.09829173969,1.8028809336339422,0,0,0,192,5,0.067,14,1,0
2731.45,4386.511098008961,0.622693290024412,0,0,0,481,28,0.196,11,1,0
15916.91,21316.48337927585,0.7466946939490722,0,0,0,366,24,0.19,19,3,0
16341.27,15085.310949851055,1.0832573764639952,0,0,0,152,5,0.306,7,0,0
63597.76,30207.969307519837,2.1053304608731156,0,0,0,726,45,0.425,10,1,0
22079.85,31439.794901479774,0.7022899583663857,0,0,0,288,11,0.046,12,0,0
4552.29,5241.2094764916765,0.8685577561119099,0,0,0,364,18,0.101,8,0,0
28352.01,20956.369144746768,1.3529066055809895,0,0,0,232,16,0.235,18,1,0
9378.83,24031.44747927087,0.39027329773652336,0,0,0,203,9,0.317,17,1,0
3510.8,4259.454732293538,0.8242366258865402,0,0,0,412,10,0.296,11,1,0
10848.04,12649.890494350517,0.8575599744149657,0,0,0,240,8,0.076,14,1,0
5469.4,11269.853413352474,0.48531211590157336,0,0,0,542,67,0.102,7,1,0
7909.23,18152.609264746832,0.4357074722689183,1,1,1,437,11,0.22,9,1,0
18463.31,16969.380767439332,1.088036777097158,0,0,0,387,15,0.295,9,1,0
35450.58,24085.151958406055,1.4718852432932046,0,0,0,25,1,0.193,13,1,0
8929.11,5108.447192336485,1.747911390512454,0,0,0,419,14,0.355,13,0,0
49435.85,5494.192993344276,8.997835573443975,0,1,1,309,12,0.916,20,3,1
6482.3,8101.683620732641,0.8001170633666206,0,0,0,492,44,0.368,14,0,0
13436.12,13996.049724405591,0.9599939521802658,0,0,0,20,1,0.362,4,0,0
13432.54,15072.743124779965,0.891180591010413,0,0,0,511,34,0.061,16,0,0
8744.62,7916.651150905014,1.1045857412872913,0,1,0,171,5,0.407,9,0,0
13271.6,14870.07954352632,0.8925035229591433,0,0,0,649,24,0.07,11,0,0
6735.97,8519.03773465562,0.7906959280948256,0,0,0,311,13,0.271,15,0,0
1530.67,3732.6303156967906,0.41007890466230434,0,0,0,267,15,0.35,12,0,0
42421.73,20651.695493787895,2.054152513434935,0,0,0,87,10,0.088,13,1,0
114116.91,31577.69700536403,3.613845086200941,0,1,1,388,15,0.948,3,1,1
5624.19,10496.417110975182,0.5358200309666785,0,0,0,771,30,0.1,12,0,0
7216.01,5376.423616865931,1.3421588133948825,0,0,0,102,2,0.202,3,1,0
28907.64,23220.13126405433,1.2449386391312942,0,0,0,705,24,0.261,8,1,0
9485.25,10724.010409118004,0.8844874095249687,1,1,1,125,4,0.186,10,1,0
22662.23,34788.261334264585,0.6514332256300961,0,0,0,434,22,0.105,17,1,0
35209.43,18945.07654131496,1.8585003345994242,0,0,0,33,1,0.179,8,1,0
16393.93,14316.091482551277,1.1451404076762812,0,0,0,396,16,0.154,16,0,0
50405.21,70187.80489278819,0.7181477548666679,0,0,0,96,8,0.133,16,0,0
3286.09,4604.505638114937,0.7136683974925613,0,0,0,455,41,0.637,9,0,0
23593.87,23015.670405467798,1.0251220392032552,0,0,0,741,41,0.079,14,0,0
38078.03,23011.60308205116,1.6547318261553816,1,1,1,641,33,0.208,17,1,0
12316.13,7846.144695769233,1.5697042941559716,0,0,0,233,8,0.059,12,1,0
15558.82,19676.297977399267,0.7907392107971919,0,0,0,680,61,0.112,14,1,0
203404.2,44168.884778942534,4.605146881227747,0,1,1,433,17,0.88,15,1,1
1632.1,2832.4183266962787,0.5762224056499755,0,0,0,110,2,0.319,17,2,0
33150.36,22665.13924100481,1.4626146257732389,0,0,0,796,28,0.264,11,0,0
5742.62,6584.935613798259,0.8720839453489833,0,0,0,657,27,0.134,11,0,0
20345.5,14648.116885403131,1.3889495528911089,0,0,0,734,19,0.256,10,0,0
1627.75,2745.1127639898045,0.5929637978296224,0,0,0,608,22,0.146,11,1,0
25665.47,23170.057713019334,1.1076997601657572,0,0,0,145,5,0.209,14,0,0
26837.88,13516.073372249131,1.985627158922714,0,0,0,585,18,0.172,10,4,0
5792.39,8320.97821043073,0.6961186600936498,0,0,0,795,28,0.118,12,0,0
8536.35,6273.2723025949,1.3607492715274891,0,0,0,118,5,0.011,10,0,0
18951.68,28018.076097852936,0.6764091568901086,0,0,0,444,23,0.084,5,2,0
9792.03,21478.954044718663,0.45588959286793523,0,0,0,132,10,0.364,14,1,0
5132.69,5109.2610724243905,1.004584986638971,0,0,0,52,1,0.179,8,0,0
153432.49,84596.56490069437,1.813696405502752,0,0,0,92,7,0.119,14,1,0
16859.72,23884.22554736563,0.7058934245601309,0,0,0,783,46,0.064,0,2,0
4311.55,6517.642474289379,0.6615195065406371,0,0,0,743,53,0.005,12,1,0
8237.8,18366.103134254125,0.4485328987288867,1,1,1,20,0,0.439,18,6,1
29265.12,12369.400061552236,2.365928786475262,0,0,0,539,67,0.008,18,0,0
13654.28,13389.024968670303,1.0198114407759362,0,1,0,520,17,0.168,10,0,0
64280.93,10169.884508794687,6.320713777497687,1,1,1,40,0,0.819,14,2,1
83877.06,42301.29021284105,1.9828488392642367,0,0,0,115,5,0.2,19,0,0
2204.86,2706.239790744442,0.8147312941618926,0,0,0,739,35,0.283,18,2,0
1288.76,2577.668233565848,0.49996945873339654,0,1,0,528,18,0.018,9,0,0
5232.07,3333.472488927523,1.5695550509593268,0,0,0,227,6,0.423,9,1,0
11640.24,9960.737343209375,1.1686124287520896,1,1,1,348,9,0.108,11,0,0
9587.79,12009.313901094461,0.7983628971510264,1,1,1,51,1,0.265,17,0,0
13319.44,12691.318236660303,1.0494925296414253,0,0,0,135,3,0.043,10,0,0
20735.27,31861.83144491219,0.6507871845875948,0,0,0,511,19,0.198,12,2,0
3061.19,3746.96158472287,0.8169800579194456,0,0,0,194,13,0.45,10,1,0
23239.41,17003.295691551943,1.366759057070245,0,0,0,275,27,0.155,8,2,0
12749.77,18039.176860635052,0.7067820821323907,0,1,0,163,12,0.243,11,2,0
10116.71,19021.721223917015,0.5318502869172281,0,0,0,452,12,0.754,7,2,0
8928.52,6683.081495834643,1.3359879933880425,0,0,0,420,17,0.119,10,3,0
2490.91,2706.8410325727828,0.9202289858760073,0,0,0,84,4,0.598,10,1,0
169816.27,18726.763590232666,9.06810576156662,1,1,1,40,0,0.912,0,3,1
5985.37,8334.861158766547,0.7181122661050272,1,1,1,9,0,0.335,11,4,1
12585.05,16381.240195721635,0.7682596192007798,0,0,0,42,1,0.355,9,2,0
5577.43,3703.9078689766334,1.5058241213920733,0,0,0,496,24,0.404,6,4,0
27055.3,31111.00507568896,0.8696377253575988,0,0,0,527,17,0.163,13,0,0
49760.57,67744.25448811955,0.7345357218365842,0,0,0,624,48,0.404,13,0,0
2904.47,2991.6639611369637,0.9708550661988943,0,0,0,761,58,0.208,17,0,0
2415.54,2624.9204865517877,0.9202332877642982,0,0,0,62,2,0.492,9,0,0
1436.26,2121.2927421517497,0.6770686208163902,1,1,1,285,10,0.779,12,3,0
24693.15,11876.319449108405,2.0791922909006124,0,0,0,640,26,0.536,15,1,0
20021.11,17634.98180001119,1.135306434771153,0,0,0,318,39,0.406,18,1,0
27856.24,17958.469534591848,1.5511479513472304,0,0,0,172,6,0.441,9,1,0
15580.44,22444.58307841403,0.6941738751133528,0,0,0,16,1,0.345,17,0,0
36972.09,28819.947747513295,1.282864632170917,0,0,0,626,36,0.194,11,1,0
10229.5,11054.052900850838,0.9254072854943163,0,0,0,312,9,0.304,8,0,0
25345.21,15054.912093568932,1.6835177768691538,0,0,0,798,44,0.375,19,2,0
6280.24,7446.842257632294,0.8433421932368136,0,1,0,351,10,0.207,8,1,0
5516.26,19027.445373432587,0.28991093527606593,0,0,0,717,29,0.217,16,2,0
12658.05,17993.729815868945,0.7034699749908238,0,0,0,597,23,0.194,1,2,0
13347.97,20173.137913301634,0.6616702893420361,0,0,0,433,13,0.319,13,1,0
7464.38,11941.313952087688,0.6250887994945427,0,0,0,187,4,0.402,10,1,0
4159.99,6141.563474321167,0.6773508299985872,0,0,0,61,1,0.384,10,0,0
8113.04,9310.852953322697,0.8713531070018155,0,0,0,588,15,0.467,15,0,0
4136.67,6134.469833423169,0.6743328794534306,0,0,0,776,59,0.131,8,0,0
11996.83,11745.570096024769,1.021391533587003,0,0,0,397,10,0.498,8,0,0
10169.59,14398.131680162283,0.7063135009496418,0,0,0,654,24,0.617,8,0,0
4285.66,13892.24082619426,0.3084932543461578,0,0,0,466,18,0.108,19,0,0
5277.74,11233.65881339175,0.4698145300330794,0,0,0,574,57,0.186,18,1,0
716.74,2324.552905889391,0.3083334441163551,0,0,0,333,10,0.24,17,1,0
12958.93,8456.771231420602,1.5323735652092536,0,0,0,205,6,0.057,6,0,0
40748.41,9730.9977984205,4.187485440633127,1,1,1,58,1,0.926,1,3,1
29315.2,17123.06151492619,1.7120300441348268,0,0,0,425,11,0.682,15,1,0
38020.59,23797.256196672057,1.5976878892242548,0,0,0,285,8,0.076,5,3,0
7748.61,6531.523813183257,1.1863401836114453,0,0,0,331,19,0.436,4,0,0
4424.19,5566.207648119327,0.7948296670876505,0,0,0,209,6,0.13,10,1,0
26719.57,51845.56808395676,0.5153683714120335,0,0,0,240,21,0.386,14,1,0
8713.13,6605.922504509863,1.3189879205284125,0,0,0,773,21,0.728,9,0,0
3698.96,3334.7972180690585,1.109201127818816,0,0,0,731,48,0.162,12,0,0
4016.18,3248.0634561237202,1.236485563230955,0,0,0,381,38,0.094,14,0,0
9660.98,14544.659265500015,0.6642289030955266,0,0,0,725,22,0.481,17,4,0
29587.27,21757.46792508718,1.3598671573122476,0,0,0,169,11,0.16,10,1,0
5181.62,5912.28232114789,0.8764159398355038,0,0,0,146,7,0.233,14,0,0
1978.98,2344.4025281529457,0.8441279433186409,0,0,0,748,39,0.18,3,1,0
20959.52,29265.111141898728,0.7161948830929394,0,0,0,136,9,0.174,6,1,0
3512.26,2561.134983302949,1.371368065688857,1,1,1,95,3,0.116,8,0,0
1991.84,4434.242511984059,0.4491951831288436,0,0,0,557,14,0.185,11,2,0
9699.33,8431.135344463772,1.1504181350240903,0,0,0,288,10,0.314,11,2,0
10982.46,12793.543020134146,0.8584374438875957,0,0,0,541,16,0.238,9,0,0
13910.3,17845.322892323922,0.7794929780157673,0,0,0,729,27,0.19,9,1,0
23186.61,8909.00719533789,2.602602997243722,0,0,0,48,1,0.449,9,0,0
2873.03,2896.7390265005984,0.9918136438390098,0,0,0,447,24,0.299,8,1,0
17563.73,22786.42206368887,0.7707979089210382,0,0,0,149,8,0.324,16,1,0
124351.64,24031.008916261013,5.174632323240306,0,1,1,481,19,0.979,21,1,1
1434.33,2097.8191937672946,0.6837246971534225,1,1,1,298,7,0.364,6,0,0
3466.33,6878.564334929619,0.5039322843859042,0,0,0,654,24,0.098,11,5,0
3655.93,8066.648879360484,0.45321507911454945,0,0,0,63,1,0.324,9,0,0
39358.17,30324.57122862354,1.2978969078897453,0,0,0,721,65,0.264,12,3,0
55301.75,60189.481705539016,0.9187942284923125,0,0,0,395,11,0.262,8,1,0
13073.64,27626.614780306732,0.4732262605140604,0,0,0,756,37,0.277,20,0,0
3276.87,2758.5209413495218,1.1879090508647412,0,0,0,305,9,0.185,10,0,0
36124.48,23845.62021820278,1.514931422487577,0,0,0,191,5,0.357,14,0,0
40818.25,101192.08853811875,0.40337397482333903,0,0,0,175,7,0.081,11,1,0
19867.56,30247.069327354606,0.6568425459454379,1,1,1,27,0,0.518,15,5,1
36668.63,13858.341335815072,2.6459607164022536,0,1,0,132,4,0.546,19,1,1
25552.53,21815.36573374719,1.1713089098177838,0,0,0,594,19,0.362,8,0,0
7139.1,14204.032899694243,0.5026109428720362,0,0,0,37,1,0.363,10,1,0
4727.94,2358.9800374114006,2.004231643632308,0,0,0,78,2,0.145,7,0,0
35039.67,23341.87907196776,1.5011502715677842,0,0,0,489,17,0.279,11,1,0
14050.68,16307.375195214307,0.8616151698445179,0,0,0,667,41,0.107,7,2,0
1926.89,2353.5461853421853,0.8187181172050683,0,0,0,80,3,0.215,10,1,0
162194.0,34527.00086438468,4.697598966508012,1,1,1,43,0,0.864,23,3,1
32183.66,22282.141183038035,1.4443703428739234,0,1,0,279,19,0.438,19,0,0
26186.69,18140.261088485036,1.4435676897794014,0,1,0,271,18,0.233,11,0,0
3114.93,2500.58251418483,1.2456818015618711,0,0,0,115,6,0.055,18,3,0
13727.21,10781.54959597219,1.2732131840825416,0,0,0,559,17,0.28,13,0,0
14619.25,20103.813115251658,0.7271881133815209,0,0,0,685,25,0.418,10,0,0
8774.77,10282.35037047103,0.8533812996421772,0,0,0,251,8,0.212,14,0,0
16154.37,13663.292951099103,1.1823189553575988,0,0,0,258,9,0.083,14,0,0
15139.57,15261.781480698748,0.9919922688815448,0,0,0,437,39,0.655,11,0,0
13535.68,9844.857772410243,1.3748981049591082,0,0,0,470,33,0.372,4,5,0
10194.6,8294.828500232768,1.2290312721308607,0,0,0,502,17,0.321,8,2,0
5039.42,8279.331586211933,0.6086746534078401,0,0,0,625,24,0.343,9,2,0
3376.8,2641.9249121889206,1.2781605827090121,0,0,1,586,29,0.284,18,3,0
10473.19,9704.371605968001,1.079223963752247,0,0,0,295,8,0.316,14,1,0
5229.42,4009.3794859968225,1.304295428772531,0,0,0,314,31,0.349,17,0,0
11502.92,11550.726469552046,0.9958614740887128,0,0,0,619,25,0.53,17,2,0
21204.1,3898.386820874385,5.43919806376773,0,1,1,173,6,0.9,12,1,1
16810.56,11204.28796589377,1.5003687291302668,0,0,0,104,2,0.708,14,0,0
9903.51,15958.263222516194,0.6205879062130962,0,0,0,25,1,0.312,12,0,0
8490.14,12163.883637927614,0.6979796453873665,0,0,0,135,5,0.062,17,2,0
38086.82,3597.999465233566,10.58555401919948,1,1,1,34,1,0.938,23,2,1
4647.35,4951.55928335307,0.9385637400620954,0,0,0,194,6,0.167,9,0,0
12141.27,9548.526325126848,1.2715338136320415,0,1,0,112,3,0.749,11,1,1
22342.29,41088.35775418971,0.54376196784527,0,0,0,662,82,0.643,12,0,0
6310.3,5065.0905138596445,1.2458421095891443,0,0,0,479,26,0.112,7,2,0
61978.39,49386.267031956435,1.2549721329686956,0,0,0,310,14,0.184,8,0,0
16873.68,26564.038580547567,0.6352076533170498,0,0,0,217,11,0.132,17,2,0
39491.15,6466.1133931082295,6.107401542099238,0,1,1,484,19,0.777,21,1,1
12744.72,15772.3346702436,0.8080425099601772,0,1,0,318,10,0.253,10,1,0
99788.55,45036.55408050786,2.215723526115507,0,0,0,675,67,0.603,13,0,0
15521.61,16833.28482208335,0.9220783356998931,0,0,0,170,13,0.586,15,1,0
2096.34,3246.8648606948727,0.6456497996365055,0,0,0,339,10,0.312,6,3,0
26846.01,10630.290136599802,2.5254263060965645,0,1,0,53,1,0.493,14,1,1
29759.46,22380.233171056465,1.3297205146048547,1,1,1,584,29,0.036,6,0,0
4962.98,4274.401666672513,1.161092641439409,0,0,0,14,1,0.322,19,0,0
75337.25,21731.584845812016,3.466717010832078,0,0,0,549,49,0.227,10,1,0
95976.76,40508.70880548375,2.369287057728651,0,0,1,794,28,0.227,7,0,0
3710.1,3022.298888364235,1.2275763397742692,0,0,0,720,72,0.132,9,0,0
3435.38,3393.517434868895,1.012336943349695,0,0,0,548,17,0.551,11,3,0
25409.1,11886.08273795388,2.137718529172581,0,0,0,406,50,0.674,16,0,0
1276.37,2141.6248495995715,0.5959810472519709,0,0,0,376,12,0.056,5,1,0
18739.67,13716.724595090478,1.3661916247018178,0,0,0,154,6,0.522,7,0,0
53476.63,46636.438834789544,1.1466705634844208,0,0,0,288,19,0.218,15,0,0
107750.91,44228.63666115851,2.4362250662336686,0,0,0,541,15,0.65,11,0,0
6182.54,15629.059845861417,0.3955796884930964,0,0,0,693,21,0.111,5,1,0
17550.41,17281.95445824843,1.0155341468846737,0,0,0,359,9,0.131,11,1,0
6664.3,8717.59704158628,0.7644649373767851,0,0,0,58,4,0.154,11,0,0
40426.28,8349.153254606577,4.841961567276222,1,1,1,43,0,0.822,3,3,1
18717.69,23216.481219894547,0.8062244357875847,0,0,0,414,13,0.229,13,0,0
29934.52,29572.337438888255,1.012247366406255,0,0,0,318,10,0.432,12,2,0
3762.21,8022.358935016662,0.4689650281290821,0,0,0,444,12,0.378,9,0,0
10293.3,11007.56528678461,0.9351109851984472,0,0,0,593,16,0.123,10,0,0
47711.93,31599.002094938947,1.509918742790159,0,0,0,561,20,0.103,13,0,0
8871.29,9356.224944866857,0.948170056120887,0,0,0,490,30,0.398,21,0,0
16289.26,24906.88696956971,0.6540061585543083,0,0,0,238,14,0.492,11,0,0
3062.51,2554.6838254484137,1.1987840753922594,0,0,0,131,11,0.055,9,0,0
45382.49,22039.849916294315,2.0591107522948873,0,0,0,672,32,0.425,13,1,0
6615.36,37356.605539516684,0.17708679681569894,1,1,1,5,0,0.584,18,8,1
22151.37,20900.39783993415,1.0598539759968661,0,0,0,144,6,0.179,16,0,0
